"name","assetPath","previewPath","weaponClass","weaponModelType","promptCategory","colorNotes","prompt"
"Mystic Talisman","Assets/Game/Data/Items/Weapons/Caster Weapons/Mystic Talisman.asset","Assets/Game/Docs/WeaponPreviewExports/Previews/Mystic Talisman.png","Fist","Weapon","focus","Match the exact color blocking visible in the reference preview.","Create a single game inventory icon PNG of 'Mystic Talisman'. Use the attached prefab preview as a strict reference. Recreate the exact same weapon shape and silhouette as closely as possible. Match the exact silhouette, proportions, wrapping placement, head size, handle length, guard shape, tip shape, and color placement from the prefab reference. Match the exact color blocking visible in the reference preview. Keep the weapon in an extremely simple low-poly style, with very few large planes, very little micro detail, minimal surface noise, and broad flat color areas only. One isolated weapon only, transparent background, no backdrop, no frame, no environment, no character, no hand, centered in the canvas, full object visible, diagonal layout like the sample icon. Do not redesign the weapon. Do not invent a new color palette. Do not add realism, painterly brushwork, glow, extra ornaments, text, or watermark."
"Broadsword","Assets/Game/Data/Items/Weapons/Melee Weapons/Broadsword.asset","Assets/Game/Docs/WeaponPreviewExports/Previews/Broadsword.png","StraightSword","Weapon","sword","Color map: blade and tip are charcoal; lower blade is charcoal; guard and center block are charcoal; grip and wrapping are charcoal; pommel/end cap is charcoal.","Create a single game inventory icon PNG of 'Broadsword'. Use the attached prefab preview as a strict reference. Recreate the exact same weapon shape and silhouette as closely as possible. Match the exact silhouette, proportions, wrapping placement, head size, handle length, guard shape, tip shape, and color placement from the prefab reference. Color map: blade and tip are charcoal; lower blade is charcoal; guard and center block are charcoal; grip and wrapping are charcoal; pommel/end cap is charcoal. Keep the weapon in an extremely simple low-poly style, with very few large planes, very little micro detail, minimal surface noise, and broad flat color areas only. One isolated weapon only, transparent background, no backdrop, no frame, no environment, no character, no hand, centered in the canvas, full object visible, diagonal layout like the sample icon. Do not redesign the weapon. Do not invent a new color palette. Do not add realism, painterly brushwork, glow, extra ornaments, text, or watermark."
"Knight Shield","Assets/Game/Data/Items/Weapons/Melee Weapons/Knight Shield.asset","Assets/Game/Docs/WeaponPreviewExports/Previews/Knight Shield.png","MediumShield","Shield","shield","Color map: outer edge and one side of the face read as brown-gray and brown-gray; major face zones read as brown-gray and brown-gray; center mass or emblem area reads as brown-gray.","Create a single game inventory icon PNG of 'Knight Shield'. Use the attached prefab preview as a strict reference. Recreate the exact same weapon shape and silhouette as closely as possible. Match the exact silhouette, proportions, wrapping placement, head size, handle length, guard shape, tip shape, and color placement from the prefab reference. Color map: outer edge and one side of the face read as brown-gray and brown-gray; major face zones read as brown-gray and brown-gray; center mass or emblem area reads as brown-gray. Keep the weapon in an extremely simple low-poly style, with very few large planes, very little micro detail, minimal surface noise, and broad flat color areas only. One isolated weapon only, transparent background, no backdrop, no frame, no environment, no character, no hand, centered in the canvas, full object visible, diagonal layout like the sample icon. Do not redesign the weapon. Do not invent a new color palette. Do not add realism, painterly brushwork, glow, extra ornaments, text, or watermark."
"Axe","Assets/Game/Data/Items/Weapons/Melee Weapons/Polygon Dungeon Generated/Axe.asset","Assets/Game/Docs/WeaponPreviewExports/Previews/Axe.png","StraightSword","Weapon","axe","Color map: pommel/end cap is charcoal; lower handle and wraps are charcoal; upper handle is charcoal; head socket is charcoal; axe head and blade mass are charcoal.","Create a single game inventory icon PNG of 'Axe'. Use the attached prefab preview as a strict reference. Recreate the exact same weapon shape and silhouette as closely as possible. Match the exact silhouette, proportions, wrapping placement, head size, handle length, guard shape, tip shape, and color placement from the prefab reference. Color map: pommel/end cap is charcoal; lower handle and wraps are charcoal; upper handle is charcoal; head socket is charcoal; axe head and blade mass are charcoal. Keep the weapon in an extremely simple low-poly style, with very few large planes, very little micro detail, minimal surface noise, and broad flat color areas only. One isolated weapon only, transparent background, no backdrop, no frame, no environment, no character, no hand, centered in the canvas, full object visible, diagonal layout like the sample icon. Do not redesign the weapon. Do not invent a new color palette. Do not add realism, painterly brushwork, glow, extra ornaments, text, or watermark."
"Bladed Mace","Assets/Game/Data/Items/Weapons/Melee Weapons/Polygon Dungeon Generated/Bladed Mace.asset","Assets/Game/Docs/WeaponPreviewExports/Previews/Bladed Mace.png","StraightSword","Weapon","blunt","Color map: striking head and large masses are charcoal; neck or upper shaft is charcoal; shaft core is charcoal; lower shaft or wraps are charcoal; pommel/end cap is charcoal.","Create a single game inventory icon PNG of 'Bladed Mace'. Use the attached prefab preview as a strict reference. Recreate the exact same weapon shape and silhouette as closely as possible. Match the exact silhouette, proportions, wrapping placement, head size, handle length, guard shape, tip shape, and color placement from the prefab reference. Color map: striking head and large masses are charcoal; neck or upper shaft is charcoal; shaft core is charcoal; lower shaft or wraps are charcoal; pommel/end cap is charcoal. Keep the weapon in an extremely simple low-poly style, with very few large planes, very little micro detail, minimal surface noise, and broad flat color areas only. One isolated weapon only, transparent background, no backdrop, no frame, no environment, no character, no hand, centered in the canvas, full object visible, diagonal layout like the sample icon. Do not redesign the weapon. Do not invent a new color palette. Do not add realism, painterly brushwork, glow, extra ornaments, text, or watermark."
"Bone Club 01","Assets/Game/Data/Items/Weapons/Melee Weapons/Polygon Dungeon Generated/Bone Club 01.asset","Assets/Game/Docs/WeaponPreviewExports/Previews/Bone Club 01.png","Spear","Weapon","polearm","Color map: end cap or tail is charcoal; lower shaft or wraps are charcoal; middle shaft is charcoal; socket or head base is charcoal; head or tip mass is charcoal.","Create a single game inventory icon PNG of 'Bone Club 01'. Use the attached prefab preview as a strict reference. Recreate the exact same weapon shape and silhouette as closely as possible. Match the exact silhouette, proportions, wrapping placement, head size, handle length, guard shape, tip shape, and color placement from the prefab reference. Color map: end cap or tail is charcoal; lower shaft or wraps are charcoal; middle shaft is charcoal; socket or head base is charcoal; head or tip mass is charcoal. Keep the weapon in an extremely simple low-poly style, with very few large planes, very little micro detail, minimal surface noise, and broad flat color areas only. One isolated weapon only, transparent background, no backdrop, no frame, no environment, no character, no hand, centered in the canvas, full object visible, diagonal layout like the sample icon. Do not redesign the weapon. Do not invent a new color palette. Do not add realism, painterly brushwork, glow, extra ornaments, text, or watermark."
"Bone Club 02","Assets/Game/Data/Items/Weapons/Melee Weapons/Polygon Dungeon Generated/Bone Club 02.asset","Assets/Game/Docs/WeaponPreviewExports/Previews/Bone Club 02.png","Spear","Weapon","polearm","Color map: end cap or tail is charcoal; lower shaft or wraps are charcoal; middle shaft is charcoal; socket or head base is charcoal; head or tip mass is charcoal.","Create a single game inventory icon PNG of 'Bone Club 02'. Use the attached prefab preview as a strict reference. Recreate the exact same weapon shape and silhouette as closely as possible. Match the exact silhouette, proportions, wrapping placement, head size, handle length, guard shape, tip shape, and color placement from the prefab reference. Color map: end cap or tail is charcoal; lower shaft or wraps are charcoal; middle shaft is charcoal; socket or head base is charcoal; head or tip mass is charcoal. Keep the weapon in an extremely simple low-poly style, with very few large planes, very little micro detail, minimal surface noise, and broad flat color areas only. One isolated weapon only, transparent background, no backdrop, no frame, no environment, no character, no hand, centered in the canvas, full object visible, diagonal layout like the sample icon. Do not redesign the weapon. Do not invent a new color palette. Do not add realism, painterly brushwork, glow, extra ornaments, text, or watermark."
"Bone Goblin Axe","Assets/Game/Data/Items/Weapons/Melee Weapons/Polygon Dungeon Generated/Bone Goblin Axe.asset","Assets/Game/Docs/WeaponPreviewExports/Previews/Bone Goblin Axe.png","StraightSword","Weapon","axe","Color map: pommel/end cap is charcoal; lower handle and wraps are charcoal; upper handle is charcoal; head socket is charcoal; axe head and blade mass are charcoal.","Create a single game inventory icon PNG of 'Bone Goblin Axe'. Use the attached prefab preview as a strict reference. Recreate the exact same weapon shape and silhouette as closely as possible. Match the exact silhouette, proportions, wrapping placement, head size, handle length, guard shape, tip shape, and color placement from the prefab reference. Color map: pommel/end cap is charcoal; lower handle and wraps are charcoal; upper handle is charcoal; head socket is charcoal; axe head and blade mass are charcoal. Keep the weapon in an extremely simple low-poly style, with very few large planes, very little micro detail, minimal surface noise, and broad flat color areas only. One isolated weapon only, transparent background, no backdrop, no frame, no environment, no character, no hand, centered in the canvas, full object visible, diagonal layout like the sample icon. Do not redesign the weapon. Do not invent a new color palette. Do not add realism, painterly brushwork, glow, extra ornaments, text, or watermark."
"Bone Goblin Shiv","Assets/Game/Data/Items/Weapons/Melee Weapons/Polygon Dungeon Generated/Bone Goblin Shiv.asset","Assets/Game/Docs/WeaponPreviewExports/Previews/Bone Goblin Shiv.png","StraightSword","Weapon","dagger","Color map: blade tip is charcoal; blade body is charcoal; guard is charcoal; grip is charcoal; pommel is charcoal.","Create a single game inventory icon PNG of 'Bone Goblin Shiv'. Use the attached prefab preview as a strict reference. Recreate the exact same weapon shape and silhouette as closely as possible. Match the exact silhouette, proportions, wrapping placement, head size, handle length, guard shape, tip shape, and color placement from the prefab reference. Color map: blade tip is charcoal; blade body is charcoal; guard is charcoal; grip is charcoal; pommel is charcoal. Keep the weapon in an extremely simple low-poly style, with very few large planes, very little micro detail, minimal surface noise, and broad flat color areas only. One isolated weapon only, transparent background, no backdrop, no frame, no environment, no character, no hand, centered in the canvas, full object visible, diagonal layout like the sample icon. Do not redesign the weapon. Do not invent a new color palette. Do not add realism, painterly brushwork, glow, extra ornaments, text, or watermark."
"Bone Shield","Assets/Game/Data/Items/Weapons/Melee Weapons/Polygon Dungeon Generated/Bone Shield.asset","Assets/Game/Docs/WeaponPreviewExports/Previews/Bone Shield.png","LightShield","Shield","shield","Color map: outer edge and one side of the face read as charcoal and charcoal; major face zones read as charcoal and charcoal; center mass or emblem area reads as charcoal.","Create a single game inventory icon PNG of 'Bone Shield'. Use the attached prefab preview as a strict reference. Recreate the exact same weapon shape and silhouette as closely as possible. Match the exact silhouette, proportions, wrapping placement, head size, handle length, guard shape, tip shape, and color placement from the prefab reference. Color map: outer edge and one side of the face read as charcoal and charcoal; major face zones read as charcoal and charcoal; center mass or emblem area reads as charcoal. Keep the weapon in an extremely simple low-poly style, with very few large planes, very little micro detail, minimal surface noise, and broad flat color areas only. One isolated weapon only, transparent background, no backdrop, no frame, no environment, no character, no hand, centered in the canvas, full object visible, diagonal layout like the sample icon. Do not redesign the weapon. Do not invent a new color palette. Do not add realism, painterly brushwork, glow, extra ornaments, text, or watermark."
"Broken Sword","Assets/Game/Data/Items/Weapons/Melee Weapons/Polygon Dungeon Generated/Broken Sword.asset","Assets/Game/Docs/WeaponPreviewExports/Previews/Broken Sword.png","StraightSword","Weapon","sword","Color map: blade and tip are charcoal; lower blade is charcoal; guard and center block are charcoal; grip and wrapping are charcoal; pommel/end cap is charcoal.","Create a single game inventory icon PNG of 'Broken Sword'. Use the attached prefab preview as a strict reference. Recreate the exact same weapon shape and silhouette as closely as possible. Match the exact silhouette, proportions, wrapping placement, head size, handle length, guard shape, tip shape, and color placement from the prefab reference. Color map: blade and tip are charcoal; lower blade is charcoal; guard and center block are charcoal; grip and wrapping are charcoal; pommel/end cap is charcoal. Keep the weapon in an extremely simple low-poly style, with very few large planes, very little micro detail, minimal surface noise, and broad flat color areas only. One isolated weapon only, transparent background, no backdrop, no frame, no environment, no character, no hand, centered in the canvas, full object visible, diagonal layout like the sample icon. Do not redesign the weapon. Do not invent a new color palette. Do not add realism, painterly brushwork, glow, extra ornaments, text, or watermark."
"Chitin Shield","Assets/Game/Data/Items/Weapons/Melee Weapons/Polygon Dungeon Generated/Chitin Shield.asset","Assets/Game/Docs/WeaponPreviewExports/Previews/Chitin Shield.png","LightShield","Shield","shield","Color map: outer edge and one side of the face read as charcoal and charcoal; major face zones read as charcoal and charcoal; center mass or emblem area reads as charcoal.","Create a single game inventory icon PNG of 'Chitin Shield'. Use the attached prefab preview as a strict reference. Recreate the exact same weapon shape and silhouette as closely as possible. Match the exact silhouette, proportions, wrapping placement, head size, handle length, guard shape, tip shape, and color placement from the prefab reference. Color map: outer edge and one side of the face read as charcoal and charcoal; major face zones read as charcoal and charcoal; center mass or emblem area reads as charcoal. Keep the weapon in an extremely simple low-poly style, with very few large planes, very little micro detail, minimal surface noise, and broad flat color areas only. One isolated weapon only, transparent background, no backdrop, no frame, no environment, no character, no hand, centered in the canvas, full object visible, diagonal layout like the sample icon. Do not redesign the weapon. Do not invent a new color palette. Do not add realism, painterly brushwork, glow, extra ornaments, text, or watermark."
"Crystal Axe","Assets/Game/Data/Items/Weapons/Melee Weapons/Polygon Dungeon Generated/Crystal Axe.asset","Assets/Game/Docs/WeaponPreviewExports/Previews/Crystal Axe.png","StraightSword","Weapon","axe","Color map: pommel/end cap is red; lower handle and wraps are red; upper handle is brown; head socket is charcoal; axe head and blade mass are charcoal.","Create a single game inventory icon PNG of 'Crystal Axe'. Use the attached prefab preview as a strict reference. Recreate the exact same weapon shape and silhouette as closely as possible. Match the exact silhouette, proportions, wrapping placement, head size, handle length, guard shape, tip shape, and color placement from the prefab reference. Color map: pommel/end cap is red; lower handle and wraps are red; upper handle is brown; head socket is charcoal; axe head and blade mass are charcoal. Keep the weapon in an extremely simple low-poly style, with very few large planes, very little micro detail, minimal surface noise, and broad flat color areas only. One isolated weapon only, transparent background, no backdrop, no frame, no environment, no character, no hand, centered in the canvas, full object visible, diagonal layout like the sample icon. Do not redesign the weapon. Do not invent a new color palette. Do not add realism, painterly brushwork, glow, extra ornaments, text, or watermark."
"Crystal Great Axe","Assets/Game/Data/Items/Weapons/Melee Weapons/Polygon Dungeon Generated/Crystal Great Axe.asset","Assets/Game/Docs/WeaponPreviewExports/Previews/Crystal Great Axe.png","StraightSword","Weapon","axe","Color map: axe head and blade mass are red; head socket is brown; upper handle is charcoal; lower handle and wraps are charcoal; pommel/end cap is charcoal.","Create a single game inventory icon PNG of 'Crystal Great Axe'. Use the attached prefab preview as a strict reference. Recreate the exact same weapon shape and silhouette as closely as possible. Match the exact silhouette, proportions, wrapping placement, head size, handle length, guard shape, tip shape, and color placement from the prefab reference. Color map: axe head and blade mass are red; head socket is brown; upper handle is charcoal; lower handle and wraps are charcoal; pommel/end cap is charcoal. Keep the weapon in an extremely simple low-poly style, with very few large planes, very little micro detail, minimal surface noise, and broad flat color areas only. One isolated weapon only, transparent background, no backdrop, no frame, no environment, no character, no hand, centered in the canvas, full object visible, diagonal layout like the sample icon. Do not redesign the weapon. Do not invent a new color palette. Do not add realism, painterly brushwork, glow, extra ornaments, text, or watermark."
"Crystal Halberd","Assets/Game/Data/Items/Weapons/Melee Weapons/Polygon Dungeon Generated/Crystal Halberd.asset","Assets/Game/Docs/WeaponPreviewExports/Previews/Crystal Halberd.png","Spear","Weapon","polearm","Color map: end cap or tail is red; lower shaft or wraps are brown; middle shaft is charcoal; socket or head base is charcoal; head or tip mass is brown.","Create a single game inventory icon PNG of 'Crystal Halberd'. Use the attached prefab preview as a strict reference. Recreate the exact same weapon shape and silhouette as closely as possible. Match the exact silhouette, proportions, wrapping placement, head size, handle length, guard shape, tip shape, and color placement from the prefab reference. Color map: end cap or tail is red; lower shaft or wraps are brown; middle shaft is charcoal; socket or head base is charcoal; head or tip mass is brown. Keep the weapon in an extremely simple low-poly style, with very few large planes, very little micro detail, minimal surface noise, and broad flat color areas only. One isolated weapon only, transparent background, no backdrop, no frame, no environment, no character, no hand, centered in the canvas, full object visible, diagonal layout like the sample icon. Do not redesign the weapon. Do not invent a new color palette. Do not add realism, painterly brushwork, glow, extra ornaments, text, or watermark."
"Crystal Ornate Sword","Assets/Game/Data/Items/Weapons/Melee Weapons/Polygon Dungeon Generated/Crystal Ornate Sword.asset","Assets/Game/Docs/WeaponPreviewExports/Previews/Crystal Ornate Sword.png","StraightSword","Weapon","sword","Color map: pommel/end cap is red-orange; grip and wrapping are red-orange; guard and center block are red; lower blade is brown; blade and tip are charcoal.","Create a single game inventory icon PNG of 'Crystal Ornate Sword'. Use the attached prefab preview as a strict reference. Recreate the exact same weapon shape and silhouette as closely as possible. Match the exact silhouette, proportions, wrapping placement, head size, handle length, guard shape, tip shape, and color placement from the prefab reference. Color map: pommel/end cap is red-orange; grip and wrapping are red-orange; guard and center block are red; lower blade is brown; blade and tip are charcoal. Keep the weapon in an extremely simple low-poly style, with very few large planes, very little micro detail, minimal surface noise, and broad flat color areas only. One isolated weapon only, transparent background, no backdrop, no frame, no environment, no character, no hand, centered in the canvas, full object visible, diagonal layout like the sample icon. Do not redesign the weapon. Do not invent a new color palette. Do not add realism, painterly brushwork, glow, extra ornaments, text, or watermark."
"Crystal Twinblade","Assets/Game/Data/Items/Weapons/Melee Weapons/Polygon Dungeon Generated/Crystal Twinblade.asset","Assets/Game/Docs/WeaponPreviewExports/Previews/Crystal Twinblade.png","StraightSword","Weapon","sword","Color map: blade and tip are red; lower blade is red; guard and center block are brown; grip and wrapping are brown; pommel/end cap is charcoal.","Create a single game inventory icon PNG of 'Crystal Twinblade'. Use the attached prefab preview as a strict reference. Recreate the exact same weapon shape and silhouette as closely as possible. Match the exact silhouette, proportions, wrapping placement, head size, handle length, guard shape, tip shape, and color placement from the prefab reference. Color map: blade and tip are red; lower blade is red; guard and center block are brown; grip and wrapping are brown; pommel/end cap is charcoal. Keep the weapon in an extremely simple low-poly style, with very few large planes, very little micro detail, minimal surface noise, and broad flat color areas only. One isolated weapon only, transparent background, no backdrop, no frame, no environment, no character, no hand, centered in the canvas, full object visible, diagonal layout like the sample icon. Do not redesign the weapon. Do not invent a new color palette. Do not add realism, painterly brushwork, glow, extra ornaments, text, or watermark."
"Curved Greatsword","Assets/Game/Data/Items/Weapons/Melee Weapons/Polygon Dungeon Generated/Curved Greatsword.asset","Assets/Game/Docs/WeaponPreviewExports/Previews/Curved Greatsword.png","StraightSword","Weapon","greatsword","Color map: blade tip is charcoal; main blade body is charcoal; guard is charcoal; grip is charcoal; pommel/end cap is charcoal.","Create a single game inventory icon PNG of 'Curved Greatsword'. Use the attached prefab preview as a strict reference. Recreate the exact same weapon shape and silhouette as closely as possible. Match the exact silhouette, proportions, wrapping placement, head size, handle length, guard shape, tip shape, and color placement from the prefab reference. Color map: blade tip is charcoal; main blade body is charcoal; guard is charcoal; grip is charcoal; pommel/end cap is charcoal. Keep the weapon in an extremely simple low-poly style, with very few large planes, very little micro detail, minimal surface noise, and broad flat color areas only. One isolated weapon only, transparent background, no backdrop, no frame, no environment, no character, no hand, centered in the canvas, full object visible, diagonal layout like the sample icon. Do not redesign the weapon. Do not invent a new color palette. Do not add realism, painterly brushwork, glow, extra ornaments, text, or watermark."
"Cutlass","Assets/Game/Data/Items/Weapons/Melee Weapons/Polygon Dungeon Generated/Cutlass.asset","Assets/Game/Docs/WeaponPreviewExports/Previews/Cutlass.png","StraightSword","Weapon","sword","Color map: blade and tip are charcoal; lower blade is charcoal; guard and center block are charcoal; grip and wrapping are charcoal; pommel/end cap is charcoal.","Create a single game inventory icon PNG of 'Cutlass'. Use the attached prefab preview as a strict reference. Recreate the exact same weapon shape and silhouette as closely as possible. Match the exact silhouette, proportions, wrapping placement, head size, handle length, guard shape, tip shape, and color placement from the prefab reference. Color map: blade and tip are charcoal; lower blade is charcoal; guard and center block are charcoal; grip and wrapping are charcoal; pommel/end cap is charcoal. Keep the weapon in an extremely simple low-poly style, with very few large planes, very little micro detail, minimal surface noise, and broad flat color areas only. One isolated weapon only, transparent background, no backdrop, no frame, no environment, no character, no hand, centered in the canvas, full object visible, diagonal layout like the sample icon. Do not redesign the weapon. Do not invent a new color palette. Do not add realism, painterly brushwork, glow, extra ornaments, text, or watermark."
"Double-Bladed Staff","Assets/Game/Data/Items/Weapons/Melee Weapons/Polygon Dungeon Generated/Double-Bladed Staff.asset","Assets/Game/Docs/WeaponPreviewExports/Previews/Double-Bladed Staff.png","Spear","Weapon","focus","Color map: major body zones read as charcoal, charcoal, and charcoal; end accents read as brown and charcoal.","Create a single game inventory icon PNG of 'Double-Bladed Staff'. Use the attached prefab preview as a strict reference. Recreate the exact same weapon shape and silhouette as closely as possible. Match the exact silhouette, proportions, wrapping placement, head size, handle length, guard shape, tip shape, and color placement from the prefab reference. Color map: major body zones read as charcoal, charcoal, and charcoal; end accents read as brown and charcoal. Keep the weapon in an extremely simple low-poly style, with very few large planes, very little micro detail, minimal surface noise, and broad flat color areas only. One isolated weapon only, transparent background, no backdrop, no frame, no environment, no character, no hand, centered in the canvas, full object visible, diagonal layout like the sample icon. Do not redesign the weapon. Do not invent a new color palette. Do not add realism, painterly brushwork, glow, extra ornaments, text, or watermark."
"Gem Goblin Hammer","Assets/Game/Data/Items/Weapons/Melee Weapons/Polygon Dungeon Generated/Gem Goblin Hammer.asset","Assets/Game/Docs/WeaponPreviewExports/Previews/Gem Goblin Hammer.png","StraightSword","Weapon","blunt","Color map: striking head and large masses are red-orange; neck or upper shaft is red; shaft core is brown; lower shaft or wraps are charcoal; pommel/end cap is charcoal.","Create a single game inventory icon PNG of 'Gem Goblin Hammer'. Use the attached prefab preview as a strict reference. Recreate the exact same weapon shape and silhouette as closely as possible. Match the exact silhouette, proportions, wrapping placement, head size, handle length, guard shape, tip shape, and color placement from the prefab reference. Color map: striking head and large masses are red-orange; neck or upper shaft is red; shaft core is brown; lower shaft or wraps are charcoal; pommel/end cap is charcoal. Keep the weapon in an extremely simple low-poly style, with very few large planes, very little micro detail, minimal surface noise, and broad flat color areas only. One isolated weapon only, transparent background, no backdrop, no frame, no environment, no character, no hand, centered in the canvas, full object visible, diagonal layout like the sample icon. Do not redesign the weapon. Do not invent a new color palette. Do not add realism, painterly brushwork, glow, extra ornaments, text, or watermark."
"Gem Staff","Assets/Game/Data/Items/Weapons/Melee Weapons/Polygon Dungeon Generated/Gem Staff.asset","Assets/Game/Docs/WeaponPreviewExports/Previews/Gem Staff.png","Spear","Weapon","focus","Color map: major body zones read as charcoal, charcoal, and charcoal; end accents read as brown and charcoal.","Create a single game inventory icon PNG of 'Gem Staff'. Use the attached prefab preview as a strict reference. Recreate the exact same weapon shape and silhouette as closely as possible. Match the exact silhouette, proportions, wrapping placement, head size, handle length, guard shape, tip shape, and color placement from the prefab reference. Color map: major body zones read as charcoal, charcoal, and charcoal; end accents read as brown and charcoal. Keep the weapon in an extremely simple low-poly style, with very few large planes, very little micro detail, minimal surface noise, and broad flat color areas only. One isolated weapon only, transparent background, no backdrop, no frame, no environment, no character, no hand, centered in the canvas, full object visible, diagonal layout like the sample icon. Do not redesign the weapon. Do not invent a new color palette. Do not add realism, painterly brushwork, glow, extra ornaments, text, or watermark."
"Goblin Axe","Assets/Game/Data/Items/Weapons/Melee Weapons/Polygon Dungeon Generated/Goblin Axe.asset","Assets/Game/Docs/WeaponPreviewExports/Previews/Goblin Axe.png","StraightSword","Weapon","axe","Color map: axe head and blade mass are charcoal; head socket is charcoal; upper handle is charcoal; lower handle and wraps are charcoal; pommel/end cap is charcoal.","Create a single game inventory icon PNG of 'Goblin Axe'. Use the attached prefab preview as a strict reference. Recreate the exact same weapon shape and silhouette as closely as possible. Match the exact silhouette, proportions, wrapping placement, head size, handle length, guard shape, tip shape, and color placement from the prefab reference. Color map: axe head and blade mass are charcoal; head socket is charcoal; upper handle is charcoal; lower handle and wraps are charcoal; pommel/end cap is charcoal. Keep the weapon in an extremely simple low-poly style, with very few large planes, very little micro detail, minimal surface noise, and broad flat color areas only. One isolated weapon only, transparent background, no backdrop, no frame, no environment, no character, no hand, centered in the canvas, full object visible, diagonal layout like the sample icon. Do not redesign the weapon. Do not invent a new color palette. Do not add realism, painterly brushwork, glow, extra ornaments, text, or watermark."
"Goblin Club","Assets/Game/Data/Items/Weapons/Melee Weapons/Polygon Dungeon Generated/Goblin Club.asset","Assets/Game/Docs/WeaponPreviewExports/Previews/Goblin Club.png","StraightSword","Weapon","blunt","Color map: striking head and large masses are charcoal; neck or upper shaft is charcoal; shaft core is charcoal; lower shaft or wraps are charcoal; pommel/end cap is charcoal.","Create a single game inventory icon PNG of 'Goblin Club'. Use the attached prefab preview as a strict reference. Recreate the exact same weapon shape and silhouette as closely as possible. Match the exact silhouette, proportions, wrapping placement, head size, handle length, guard shape, tip shape, and color placement from the prefab reference. Color map: striking head and large masses are charcoal; neck or upper shaft is charcoal; shaft core is charcoal; lower shaft or wraps are charcoal; pommel/end cap is charcoal. Keep the weapon in an extremely simple low-poly style, with very few large planes, very little micro detail, minimal surface noise, and broad flat color areas only. One isolated weapon only, transparent background, no backdrop, no frame, no environment, no character, no hand, centered in the canvas, full object visible, diagonal layout like the sample icon. Do not redesign the weapon. Do not invent a new color palette. Do not add realism, painterly brushwork, glow, extra ornaments, text, or watermark."
"Goblin Great Axe","Assets/Game/Data/Items/Weapons/Melee Weapons/Polygon Dungeon Generated/Goblin Great Axe.asset","Assets/Game/Docs/WeaponPreviewExports/Previews/Goblin Great Axe.png","StraightSword","Weapon","axe","Color map: axe head and blade mass are charcoal; head socket is charcoal; upper handle is charcoal; lower handle and wraps are charcoal; pommel/end cap is charcoal.","Create a single game inventory icon PNG of 'Goblin Great Axe'. Use the attached prefab preview as a strict reference. Recreate the exact same weapon shape and silhouette as closely as possible. Match the exact silhouette, proportions, wrapping placement, head size, handle length, guard shape, tip shape, and color placement from the prefab reference. Color map: axe head and blade mass are charcoal; head socket is charcoal; upper handle is charcoal; lower handle and wraps are charcoal; pommel/end cap is charcoal. Keep the weapon in an extremely simple low-poly style, with very few large planes, very little micro detail, minimal surface noise, and broad flat color areas only. One isolated weapon only, transparent background, no backdrop, no frame, no environment, no character, no hand, centered in the canvas, full object visible, diagonal layout like the sample icon. Do not redesign the weapon. Do not invent a new color palette. Do not add realism, painterly brushwork, glow, extra ornaments, text, or watermark."
"Goblin Halberd","Assets/Game/Data/Items/Weapons/Melee Weapons/Polygon Dungeon Generated/Goblin Halberd.asset","Assets/Game/Docs/WeaponPreviewExports/Previews/Goblin Halberd.png","Spear","Weapon","polearm","Color map: end cap or tail is charcoal; lower shaft or wraps are charcoal; middle shaft is charcoal; socket or head base is charcoal; head or tip mass is charcoal.","Create a single game inventory icon PNG of 'Goblin Halberd'. Use the attached prefab preview as a strict reference. Recreate the exact same weapon shape and silhouette as closely as possible. Match the exact silhouette, proportions, wrapping placement, head size, handle length, guard shape, tip shape, and color placement from the prefab reference. Color map: end cap or tail is charcoal; lower shaft or wraps are charcoal; middle shaft is charcoal; socket or head base is charcoal; head or tip mass is charcoal. Keep the weapon in an extremely simple low-poly style, with very few large planes, very little micro detail, minimal surface noise, and broad flat color areas only. One isolated weapon only, transparent background, no backdrop, no frame, no environment, no character, no hand, centered in the canvas, full object visible, diagonal layout like the sample icon. Do not redesign the weapon. Do not invent a new color palette. Do not add realism, painterly brushwork, glow, extra ornaments, text, or watermark."
"Goblin Mace","Assets/Game/Data/Items/Weapons/Melee Weapons/Polygon Dungeon Generated/Goblin Mace.asset","Assets/Game/Docs/WeaponPreviewExports/Previews/Goblin Mace.png","StraightSword","Weapon","blunt","Color map: striking head and large masses are charcoal; neck or upper shaft is charcoal; shaft core is charcoal; lower shaft or wraps are charcoal; pommel/end cap is charcoal.","Create a single game inventory icon PNG of 'Goblin Mace'. Use the attached prefab preview as a strict reference. Recreate the exact same weapon shape and silhouette as closely as possible. Match the exact silhouette, proportions, wrapping placement, head size, handle length, guard shape, tip shape, and color placement from the prefab reference. Color map: striking head and large masses are charcoal; neck or upper shaft is charcoal; shaft core is charcoal; lower shaft or wraps are charcoal; pommel/end cap is charcoal. Keep the weapon in an extremely simple low-poly style, with very few large planes, very little micro detail, minimal surface noise, and broad flat color areas only. One isolated weapon only, transparent background, no backdrop, no frame, no environment, no character, no hand, centered in the canvas, full object visible, diagonal layout like the sample icon. Do not redesign the weapon. Do not invent a new color palette. Do not add realism, painterly brushwork, glow, extra ornaments, text, or watermark."
"Goblin Machete","Assets/Game/Data/Items/Weapons/Melee Weapons/Polygon Dungeon Generated/Goblin Machete.asset","Assets/Game/Docs/WeaponPreviewExports/Previews/Goblin Machete.png","StraightSword","Weapon","sword","Color map: blade and tip are charcoal; lower blade is charcoal; guard and center block are charcoal; grip and wrapping are charcoal; pommel/end cap is charcoal.","Create a single game inventory icon PNG of 'Goblin Machete'. Use the attached prefab preview as a strict reference. Recreate the exact same weapon shape and silhouette as closely as possible. Match the exact silhouette, proportions, wrapping placement, head size, handle length, guard shape, tip shape, and color placement from the prefab reference. Color map: blade and tip are charcoal; lower blade is charcoal; guard and center block are charcoal; grip and wrapping are charcoal; pommel/end cap is charcoal. Keep the weapon in an extremely simple low-poly style, with very few large planes, very little micro detail, minimal surface noise, and broad flat color areas only. One isolated weapon only, transparent background, no backdrop, no frame, no environment, no character, no hand, centered in the canvas, full object visible, diagonal layout like the sample icon. Do not redesign the weapon. Do not invent a new color palette. Do not add realism, painterly brushwork, glow, extra ornaments, text, or watermark."
"Goblin Spear","Assets/Game/Data/Items/Weapons/Melee Weapons/Polygon Dungeon Generated/Goblin Spear.asset","Assets/Game/Docs/WeaponPreviewExports/Previews/Goblin Spear.png","Spear","Weapon","polearm","Color map: end cap or tail is charcoal; lower shaft or wraps are charcoal; middle shaft is charcoal; socket or head base is charcoal; head or tip mass is charcoal.","Create a single game inventory icon PNG of 'Goblin Spear'. Use the attached prefab preview as a strict reference. Recreate the exact same weapon shape and silhouette as closely as possible. Match the exact silhouette, proportions, wrapping placement, head size, handle length, guard shape, tip shape, and color placement from the prefab reference. Color map: end cap or tail is charcoal; lower shaft or wraps are charcoal; middle shaft is charcoal; socket or head base is charcoal; head or tip mass is charcoal. Keep the weapon in an extremely simple low-poly style, with very few large planes, very little micro detail, minimal surface noise, and broad flat color areas only. One isolated weapon only, transparent background, no backdrop, no frame, no environment, no character, no hand, centered in the canvas, full object visible, diagonal layout like the sample icon. Do not redesign the weapon. Do not invent a new color palette. Do not add realism, painterly brushwork, glow, extra ornaments, text, or watermark."
"Goblin Staff","Assets/Game/Data/Items/Weapons/Melee Weapons/Polygon Dungeon Generated/Goblin Staff.asset","Assets/Game/Docs/WeaponPreviewExports/Previews/Goblin Staff.png","Spear","Weapon","focus","Color map: major body zones read as charcoal, charcoal, and charcoal; end accents read as charcoal and charcoal.","Create a single game inventory icon PNG of 'Goblin Staff'. Use the attached prefab preview as a strict reference. Recreate the exact same weapon shape and silhouette as closely as possible. Match the exact silhouette, proportions, wrapping placement, head size, handle length, guard shape, tip shape, and color placement from the prefab reference. Color map: major body zones read as charcoal, charcoal, and charcoal; end accents read as charcoal and charcoal. Keep the weapon in an extremely simple low-poly style, with very few large planes, very little micro detail, minimal surface noise, and broad flat color areas only. One isolated weapon only, transparent background, no backdrop, no frame, no environment, no character, no hand, centered in the canvas, full object visible, diagonal layout like the sample icon. Do not redesign the weapon. Do not invent a new color palette. Do not add realism, painterly brushwork, glow, extra ornaments, text, or watermark."
"Gravestone Shield","Assets/Game/Data/Items/Weapons/Melee Weapons/Polygon Dungeon Generated/Gravestone Shield.asset","Assets/Game/Docs/WeaponPreviewExports/Previews/Gravestone Shield.png","MediumShield","Shield","shield","Color map: outer edge and one side of the face read as charcoal and charcoal; major face zones read as charcoal and charcoal; center mass or emblem area reads as charcoal.","Create a single game inventory icon PNG of 'Gravestone Shield'. Use the attached prefab preview as a strict reference. Recreate the exact same weapon shape and silhouette as closely as possible. Match the exact silhouette, proportions, wrapping placement, head size, handle length, guard shape, tip shape, and color placement from the prefab reference. Color map: outer edge and one side of the face read as charcoal and charcoal; major face zones read as charcoal and charcoal; center mass or emblem area reads as charcoal. Keep the weapon in an extremely simple low-poly style, with very few large planes, very little micro detail, minimal surface noise, and broad flat color areas only. One isolated weapon only, transparent background, no backdrop, no frame, no environment, no character, no hand, centered in the canvas, full object visible, diagonal layout like the sample icon. Do not redesign the weapon. Do not invent a new color palette. Do not add realism, painterly brushwork, glow, extra ornaments, text, or watermark."
"Greatsword","Assets/Game/Data/Items/Weapons/Melee Weapons/Polygon Dungeon Generated/Greatsword.asset","Assets/Game/Docs/WeaponPreviewExports/Previews/Greatsword.png","StraightSword","Weapon","greatsword","Color map: blade tip is brown-gray; main blade body is charcoal; guard is charcoal; grip is charcoal; pommel/end cap is charcoal.","Create a single game inventory icon PNG of 'Greatsword'. Use the attached prefab preview as a strict reference. Recreate the exact same weapon shape and silhouette as closely as possible. Match the exact silhouette, proportions, wrapping placement, head size, handle length, guard shape, tip shape, and color placement from the prefab reference. Color map: blade tip is brown-gray; main blade body is charcoal; guard is charcoal; grip is charcoal; pommel/end cap is charcoal. Keep the weapon in an extremely simple low-poly style, with very few large planes, very little micro detail, minimal surface noise, and broad flat color areas only. One isolated weapon only, transparent background, no backdrop, no frame, no environment, no character, no hand, centered in the canvas, full object visible, diagonal layout like the sample icon. Do not redesign the weapon. Do not invent a new color palette. Do not add realism, painterly brushwork, glow, extra ornaments, text, or watermark."
"Halberd","Assets/Game/Data/Items/Weapons/Melee Weapons/Polygon Dungeon Generated/Halberd.asset","Assets/Game/Docs/WeaponPreviewExports/Previews/Halberd.png","Spear","Weapon","polearm","Color map: head or tip mass is charcoal; socket or head base is charcoal; middle shaft is charcoal; lower shaft or wraps are charcoal; end cap or tail is charcoal.","Create a single game inventory icon PNG of 'Halberd'. Use the attached prefab preview as a strict reference. Recreate the exact same weapon shape and silhouette as closely as possible. Match the exact silhouette, proportions, wrapping placement, head size, handle length, guard shape, tip shape, and color placement from the prefab reference. Color map: head or tip mass is charcoal; socket or head base is charcoal; middle shaft is charcoal; lower shaft or wraps are charcoal; end cap or tail is charcoal. Keep the weapon in an extremely simple low-poly style, with very few large planes, very little micro detail, minimal surface noise, and broad flat color areas only. One isolated weapon only, transparent background, no backdrop, no frame, no environment, no character, no hand, centered in the canvas, full object visible, diagonal layout like the sample icon. Do not redesign the weapon. Do not invent a new color palette. Do not add realism, painterly brushwork, glow, extra ornaments, text, or watermark."
"Hammer 02","Assets/Game/Data/Items/Weapons/Melee Weapons/Polygon Dungeon Generated/Hammer 02.asset","Assets/Game/Docs/WeaponPreviewExports/Previews/Hammer 02.png","StraightSword","Weapon","blunt","Color map: striking head and large masses are charcoal; neck or upper shaft is charcoal; shaft core is charcoal; lower shaft or wraps are charcoal; pommel/end cap is charcoal.","Create a single game inventory icon PNG of 'Hammer 02'. Use the attached prefab preview as a strict reference. Recreate the exact same weapon shape and silhouette as closely as possible. Match the exact silhouette, proportions, wrapping placement, head size, handle length, guard shape, tip shape, and color placement from the prefab reference. Color map: striking head and large masses are charcoal; neck or upper shaft is charcoal; shaft core is charcoal; lower shaft or wraps are charcoal; pommel/end cap is charcoal. Keep the weapon in an extremely simple low-poly style, with very few large planes, very little micro detail, minimal surface noise, and broad flat color areas only. One isolated weapon only, transparent background, no backdrop, no frame, no environment, no character, no hand, centered in the canvas, full object visible, diagonal layout like the sample icon. Do not redesign the weapon. Do not invent a new color palette. Do not add realism, painterly brushwork, glow, extra ornaments, text, or watermark."
"Hammer","Assets/Game/Data/Items/Weapons/Melee Weapons/Polygon Dungeon Generated/Hammer.asset","Assets/Game/Docs/WeaponPreviewExports/Previews/Hammer.png","StraightSword","Weapon","blunt","Color map: striking head and large masses are charcoal; neck or upper shaft is charcoal; shaft core is charcoal; lower shaft or wraps are charcoal; pommel/end cap is charcoal.","Create a single game inventory icon PNG of 'Hammer'. Use the attached prefab preview as a strict reference. Recreate the exact same weapon shape and silhouette as closely as possible. Match the exact silhouette, proportions, wrapping placement, head size, handle length, guard shape, tip shape, and color placement from the prefab reference. Color map: striking head and large masses are charcoal; neck or upper shaft is charcoal; shaft core is charcoal; lower shaft or wraps are charcoal; pommel/end cap is charcoal. Keep the weapon in an extremely simple low-poly style, with very few large planes, very little micro detail, minimal surface noise, and broad flat color areas only. One isolated weapon only, transparent background, no backdrop, no frame, no environment, no character, no hand, centered in the canvas, full object visible, diagonal layout like the sample icon. Do not redesign the weapon. Do not invent a new color palette. Do not add realism, painterly brushwork, glow, extra ornaments, text, or watermark."
"Hand Axe","Assets/Game/Data/Items/Weapons/Melee Weapons/Polygon Dungeon Generated/Hand Axe.asset","Assets/Game/Docs/WeaponPreviewExports/Previews/Hand Axe.png","StraightSword","Weapon","axe","Color map: pommel/end cap is charcoal; lower handle and wraps are charcoal; upper handle is charcoal; head socket is charcoal; axe head and blade mass are charcoal.","Create a single game inventory icon PNG of 'Hand Axe'. Use the attached prefab preview as a strict reference. Recreate the exact same weapon shape and silhouette as closely as possible. Match the exact silhouette, proportions, wrapping placement, head size, handle length, guard shape, tip shape, and color placement from the prefab reference. Color map: pommel/end cap is charcoal; lower handle and wraps are charcoal; upper handle is charcoal; head socket is charcoal; axe head and blade mass are charcoal. Keep the weapon in an extremely simple low-poly style, with very few large planes, very little micro detail, minimal surface noise, and broad flat color areas only. One isolated weapon only, transparent background, no backdrop, no frame, no environment, no character, no hand, centered in the canvas, full object visible, diagonal layout like the sample icon. Do not redesign the weapon. Do not invent a new color palette. Do not add realism, painterly brushwork, glow, extra ornaments, text, or watermark."
"Heater Shield 01","Assets/Game/Data/Items/Weapons/Melee Weapons/Polygon Dungeon Generated/Heater Shield 01.asset","Assets/Game/Docs/WeaponPreviewExports/Previews/Heater Shield 01.png","MediumShield","Shield","shield","Color map: outer edge and one side of the face read as charcoal and charcoal; major face zones read as charcoal and charcoal; center mass or emblem area reads as charcoal.","Create a single game inventory icon PNG of 'Heater Shield 01'. Use the attached prefab preview as a strict reference. Recreate the exact same weapon shape and silhouette as closely as possible. Match the exact silhouette, proportions, wrapping placement, head size, handle length, guard shape, tip shape, and color placement from the prefab reference. Color map: outer edge and one side of the face read as charcoal and charcoal; major face zones read as charcoal and charcoal; center mass or emblem area reads as charcoal. Keep the weapon in an extremely simple low-poly style, with very few large planes, very little micro detail, minimal surface noise, and broad flat color areas only. One isolated weapon only, transparent background, no backdrop, no frame, no environment, no character, no hand, centered in the canvas, full object visible, diagonal layout like the sample icon. Do not redesign the weapon. Do not invent a new color palette. Do not add realism, painterly brushwork, glow, extra ornaments, text, or watermark."
"Heater Shield 02","Assets/Game/Data/Items/Weapons/Melee Weapons/Polygon Dungeon Generated/Heater Shield 02.asset","Assets/Game/Docs/WeaponPreviewExports/Previews/Heater Shield 02.png","MediumShield","Shield","shield","Color map: outer edge and one side of the face read as charcoal and charcoal; major face zones read as charcoal and charcoal; center mass or emblem area reads as charcoal.","Create a single game inventory icon PNG of 'Heater Shield 02'. Use the attached prefab preview as a strict reference. Recreate the exact same weapon shape and silhouette as closely as possible. Match the exact silhouette, proportions, wrapping placement, head size, handle length, guard shape, tip shape, and color placement from the prefab reference. Color map: outer edge and one side of the face read as charcoal and charcoal; major face zones read as charcoal and charcoal; center mass or emblem area reads as charcoal. Keep the weapon in an extremely simple low-poly style, with very few large planes, very little micro detail, minimal surface noise, and broad flat color areas only. One isolated weapon only, transparent background, no backdrop, no frame, no environment, no character, no hand, centered in the canvas, full object visible, diagonal layout like the sample icon. Do not redesign the weapon. Do not invent a new color palette. Do not add realism, painterly brushwork, glow, extra ornaments, text, or watermark."
"Metal Glaive","Assets/Game/Data/Items/Weapons/Melee Weapons/Polygon Dungeon Generated/Metal Glaive.asset","Assets/Game/Docs/WeaponPreviewExports/Previews/Metal Glaive.png","Spear","Weapon","polearm","Color map: end cap or tail is charcoal; lower shaft or wraps are charcoal; middle shaft is charcoal; socket or head base is charcoal; head or tip mass is charcoal.","Create a single game inventory icon PNG of 'Metal Glaive'. Use the attached prefab preview as a strict reference. Recreate the exact same weapon shape and silhouette as closely as possible. Match the exact silhouette, proportions, wrapping placement, head size, handle length, guard shape, tip shape, and color placement from the prefab reference. Color map: end cap or tail is charcoal; lower shaft or wraps are charcoal; middle shaft is charcoal; socket or head base is charcoal; head or tip mass is charcoal. Keep the weapon in an extremely simple low-poly style, with very few large planes, very little micro detail, minimal surface noise, and broad flat color areas only. One isolated weapon only, transparent background, no backdrop, no frame, no environment, no character, no hand, centered in the canvas, full object visible, diagonal layout like the sample icon. Do not redesign the weapon. Do not invent a new color palette. Do not add realism, painterly brushwork, glow, extra ornaments, text, or watermark."
"Metal Great Hammer 02","Assets/Game/Data/Items/Weapons/Melee Weapons/Polygon Dungeon Generated/Metal Great Hammer 02.asset","Assets/Game/Docs/WeaponPreviewExports/Previews/Metal Great Hammer 02.png","StraightSword","Weapon","blunt","Color map: striking head and large masses are charcoal; neck or upper shaft is charcoal; shaft core is charcoal; lower shaft or wraps are charcoal; pommel/end cap is charcoal.","Create a single game inventory icon PNG of 'Metal Great Hammer 02'. Use the attached prefab preview as a strict reference. Recreate the exact same weapon shape and silhouette as closely as possible. Match the exact silhouette, proportions, wrapping placement, head size, handle length, guard shape, tip shape, and color placement from the prefab reference. Color map: striking head and large masses are charcoal; neck or upper shaft is charcoal; shaft core is charcoal; lower shaft or wraps are charcoal; pommel/end cap is charcoal. Keep the weapon in an extremely simple low-poly style, with very few large planes, very little micro detail, minimal surface noise, and broad flat color areas only. One isolated weapon only, transparent background, no backdrop, no frame, no environment, no character, no hand, centered in the canvas, full object visible, diagonal layout like the sample icon. Do not redesign the weapon. Do not invent a new color palette. Do not add realism, painterly brushwork, glow, extra ornaments, text, or watermark."
"Metal Great Hammer","Assets/Game/Data/Items/Weapons/Melee Weapons/Polygon Dungeon Generated/Metal Great Hammer.asset","Assets/Game/Docs/WeaponPreviewExports/Previews/Metal Great Hammer.png","StraightSword","Weapon","blunt","Color map: striking head and large masses are charcoal; neck or upper shaft is charcoal; shaft core is charcoal; lower shaft or wraps are charcoal; pommel/end cap is charcoal.","Create a single game inventory icon PNG of 'Metal Great Hammer'. Use the attached prefab preview as a strict reference. Recreate the exact same weapon shape and silhouette as closely as possible. Match the exact silhouette, proportions, wrapping placement, head size, handle length, guard shape, tip shape, and color placement from the prefab reference. Color map: striking head and large masses are charcoal; neck or upper shaft is charcoal; shaft core is charcoal; lower shaft or wraps are charcoal; pommel/end cap is charcoal. Keep the weapon in an extremely simple low-poly style, with very few large planes, very little micro detail, minimal surface noise, and broad flat color areas only. One isolated weapon only, transparent background, no backdrop, no frame, no environment, no character, no hand, centered in the canvas, full object visible, diagonal layout like the sample icon. Do not redesign the weapon. Do not invent a new color palette. Do not add realism, painterly brushwork, glow, extra ornaments, text, or watermark."
"Ornate Axe 01","Assets/Game/Data/Items/Weapons/Melee Weapons/Polygon Dungeon Generated/Ornate Axe 01.asset","Assets/Game/Docs/WeaponPreviewExports/Previews/Ornate Axe 01.png","StraightSword","Weapon","axe","Color map: axe head and blade mass are charcoal; head socket is charcoal; upper handle is charcoal; lower handle and wraps are charcoal; pommel/end cap is charcoal.","Create a single game inventory icon PNG of 'Ornate Axe 01'. Use the attached prefab preview as a strict reference. Recreate the exact same weapon shape and silhouette as closely as possible. Match the exact silhouette, proportions, wrapping placement, head size, handle length, guard shape, tip shape, and color placement from the prefab reference. Color map: axe head and blade mass are charcoal; head socket is charcoal; upper handle is charcoal; lower handle and wraps are charcoal; pommel/end cap is charcoal. Keep the weapon in an extremely simple low-poly style, with very few large planes, very little micro detail, minimal surface noise, and broad flat color areas only. One isolated weapon only, transparent background, no backdrop, no frame, no environment, no character, no hand, centered in the canvas, full object visible, diagonal layout like the sample icon. Do not redesign the weapon. Do not invent a new color palette. Do not add realism, painterly brushwork, glow, extra ornaments, text, or watermark."
"Ornate Axe 02","Assets/Game/Data/Items/Weapons/Melee Weapons/Polygon Dungeon Generated/Ornate Axe 02.asset","Assets/Game/Docs/WeaponPreviewExports/Previews/Ornate Axe 02.png","StraightSword","Weapon","axe","Color map: axe head and blade mass are charcoal; head socket is charcoal; upper handle is charcoal; lower handle and wraps are charcoal; pommel/end cap is charcoal.","Create a single game inventory icon PNG of 'Ornate Axe 02'. Use the attached prefab preview as a strict reference. Recreate the exact same weapon shape and silhouette as closely as possible. Match the exact silhouette, proportions, wrapping placement, head size, handle length, guard shape, tip shape, and color placement from the prefab reference. Color map: axe head and blade mass are charcoal; head socket is charcoal; upper handle is charcoal; lower handle and wraps are charcoal; pommel/end cap is charcoal. Keep the weapon in an extremely simple low-poly style, with very few large planes, very little micro detail, minimal surface noise, and broad flat color areas only. One isolated weapon only, transparent background, no backdrop, no frame, no environment, no character, no hand, centered in the canvas, full object visible, diagonal layout like the sample icon. Do not redesign the weapon. Do not invent a new color palette. Do not add realism, painterly brushwork, glow, extra ornaments, text, or watermark."
"Ornate Great Axe","Assets/Game/Data/Items/Weapons/Melee Weapons/Polygon Dungeon Generated/Ornate Great Axe.asset","Assets/Game/Docs/WeaponPreviewExports/Previews/Ornate Great Axe.png","StraightSword","Weapon","axe","Color map: pommel/end cap is charcoal; lower handle and wraps are brown; upper handle is charcoal; head socket is charcoal; axe head and blade mass are charcoal.","Create a single game inventory icon PNG of 'Ornate Great Axe'. Use the attached prefab preview as a strict reference. Recreate the exact same weapon shape and silhouette as closely as possible. Match the exact silhouette, proportions, wrapping placement, head size, handle length, guard shape, tip shape, and color placement from the prefab reference. Color map: pommel/end cap is charcoal; lower handle and wraps are brown; upper handle is charcoal; head socket is charcoal; axe head and blade mass are charcoal. Keep the weapon in an extremely simple low-poly style, with very few large planes, very little micro detail, minimal surface noise, and broad flat color areas only. One isolated weapon only, transparent background, no backdrop, no frame, no environment, no character, no hand, centered in the canvas, full object visible, diagonal layout like the sample icon. Do not redesign the weapon. Do not invent a new color palette. Do not add realism, painterly brushwork, glow, extra ornaments, text, or watermark."
"Ornate Long Pike","Assets/Game/Data/Items/Weapons/Melee Weapons/Polygon Dungeon Generated/Ornate Long Pike.asset","Assets/Game/Docs/WeaponPreviewExports/Previews/Ornate Long Pike.png","Spear","Weapon","polearm","Color map: head or tip mass is charcoal; socket or head base is charcoal; middle shaft is charcoal; lower shaft or wraps are charcoal; end cap or tail is charcoal.","Create a single game inventory icon PNG of 'Ornate Long Pike'. Use the attached prefab preview as a strict reference. Recreate the exact same weapon shape and silhouette as closely as possible. Match the exact silhouette, proportions, wrapping placement, head size, handle length, guard shape, tip shape, and color placement from the prefab reference. Color map: head or tip mass is charcoal; socket or head base is charcoal; middle shaft is charcoal; lower shaft or wraps are charcoal; end cap or tail is charcoal. Keep the weapon in an extremely simple low-poly style, with very few large planes, very little micro detail, minimal surface noise, and broad flat color areas only. One isolated weapon only, transparent background, no backdrop, no frame, no environment, no character, no hand, centered in the canvas, full object visible, diagonal layout like the sample icon. Do not redesign the weapon. Do not invent a new color palette. Do not add realism, painterly brushwork, glow, extra ornaments, text, or watermark."
"Ornate Pike","Assets/Game/Data/Items/Weapons/Melee Weapons/Polygon Dungeon Generated/Ornate Pike.asset","Assets/Game/Docs/WeaponPreviewExports/Previews/Ornate Pike.png","Spear","Weapon","polearm","Color map: head or tip mass is charcoal; socket or head base is charcoal; middle shaft is charcoal; lower shaft or wraps are charcoal; end cap or tail is charcoal.","Create a single game inventory icon PNG of 'Ornate Pike'. Use the attached prefab preview as a strict reference. Recreate the exact same weapon shape and silhouette as closely as possible. Match the exact silhouette, proportions, wrapping placement, head size, handle length, guard shape, tip shape, and color placement from the prefab reference. Color map: head or tip mass is charcoal; socket or head base is charcoal; middle shaft is charcoal; lower shaft or wraps are charcoal; end cap or tail is charcoal. Keep the weapon in an extremely simple low-poly style, with very few large planes, very little micro detail, minimal surface noise, and broad flat color areas only. One isolated weapon only, transparent background, no backdrop, no frame, no environment, no character, no hand, centered in the canvas, full object visible, diagonal layout like the sample icon. Do not redesign the weapon. Do not invent a new color palette. Do not add realism, painterly brushwork, glow, extra ornaments, text, or watermark."
"Ornate Shield 01","Assets/Game/Data/Items/Weapons/Melee Weapons/Polygon Dungeon Generated/Ornate Shield 01.asset","Assets/Game/Docs/WeaponPreviewExports/Previews/Ornate Shield 01.png","MediumShield","Shield","shield","Color map: outer edge and one side of the face read as charcoal and charcoal; major face zones read as charcoal and charcoal; center mass or emblem area reads as charcoal.","Create a single game inventory icon PNG of 'Ornate Shield 01'. Use the attached prefab preview as a strict reference. Recreate the exact same weapon shape and silhouette as closely as possible. Match the exact silhouette, proportions, wrapping placement, head size, handle length, guard shape, tip shape, and color placement from the prefab reference. Color map: outer edge and one side of the face read as charcoal and charcoal; major face zones read as charcoal and charcoal; center mass or emblem area reads as charcoal. Keep the weapon in an extremely simple low-poly style, with very few large planes, very little micro detail, minimal surface noise, and broad flat color areas only. One isolated weapon only, transparent background, no backdrop, no frame, no environment, no character, no hand, centered in the canvas, full object visible, diagonal layout like the sample icon. Do not redesign the weapon. Do not invent a new color palette. Do not add realism, painterly brushwork, glow, extra ornaments, text, or watermark."
"Ornate Shield 02","Assets/Game/Data/Items/Weapons/Melee Weapons/Polygon Dungeon Generated/Ornate Shield 02.asset","Assets/Game/Docs/WeaponPreviewExports/Previews/Ornate Shield 02.png","MediumShield","Shield","shield","Color map: outer edge and one side of the face read as charcoal and charcoal; major face zones read as charcoal and charcoal; center mass or emblem area reads as charcoal.","Create a single game inventory icon PNG of 'Ornate Shield 02'. Use the attached prefab preview as a strict reference. Recreate the exact same weapon shape and silhouette as closely as possible. Match the exact silhouette, proportions, wrapping placement, head size, handle length, guard shape, tip shape, and color placement from the prefab reference. Color map: outer edge and one side of the face read as charcoal and charcoal; major face zones read as charcoal and charcoal; center mass or emblem area reads as charcoal. Keep the weapon in an extremely simple low-poly style, with very few large planes, very little micro detail, minimal surface noise, and broad flat color areas only. One isolated weapon only, transparent background, no backdrop, no frame, no environment, no character, no hand, centered in the canvas, full object visible, diagonal layout like the sample icon. Do not redesign the weapon. Do not invent a new color palette. Do not add realism, painterly brushwork, glow, extra ornaments, text, or watermark."
"Ornate Spear","Assets/Game/Data/Items/Weapons/Melee Weapons/Polygon Dungeon Generated/Ornate Spear.asset","Assets/Game/Docs/WeaponPreviewExports/Previews/Ornate Spear.png","Spear","Weapon","polearm","Color map: end cap or tail is charcoal; lower shaft or wraps are charcoal; middle shaft is charcoal; socket or head base is charcoal; head or tip mass is charcoal.","Create a single game inventory icon PNG of 'Ornate Spear'. Use the attached prefab preview as a strict reference. Recreate the exact same weapon shape and silhouette as closely as possible. Match the exact silhouette, proportions, wrapping placement, head size, handle length, guard shape, tip shape, and color placement from the prefab reference. Color map: end cap or tail is charcoal; lower shaft or wraps are charcoal; middle shaft is charcoal; socket or head base is charcoal; head or tip mass is charcoal. Keep the weapon in an extremely simple low-poly style, with very few large planes, very little micro detail, minimal surface noise, and broad flat color areas only. One isolated weapon only, transparent background, no backdrop, no frame, no environment, no character, no hand, centered in the canvas, full object visible, diagonal layout like the sample icon. Do not redesign the weapon. Do not invent a new color palette. Do not add realism, painterly brushwork, glow, extra ornaments, text, or watermark."
"Ornate Sword 01","Assets/Game/Data/Items/Weapons/Melee Weapons/Polygon Dungeon Generated/Ornate Sword 01.asset","Assets/Game/Docs/WeaponPreviewExports/Previews/Ornate Sword 01.png","StraightSword","Weapon","sword","Color map: blade and tip are charcoal; lower blade is charcoal; guard and center block are charcoal; grip and wrapping are charcoal; pommel/end cap is charcoal.","Create a single game inventory icon PNG of 'Ornate Sword 01'. Use the attached prefab preview as a strict reference. Recreate the exact same weapon shape and silhouette as closely as possible. Match the exact silhouette, proportions, wrapping placement, head size, handle length, guard shape, tip shape, and color placement from the prefab reference. Color map: blade and tip are charcoal; lower blade is charcoal; guard and center block are charcoal; grip and wrapping are charcoal; pommel/end cap is charcoal. Keep the weapon in an extremely simple low-poly style, with very few large planes, very little micro detail, minimal surface noise, and broad flat color areas only. One isolated weapon only, transparent background, no backdrop, no frame, no environment, no character, no hand, centered in the canvas, full object visible, diagonal layout like the sample icon. Do not redesign the weapon. Do not invent a new color palette. Do not add realism, painterly brushwork, glow, extra ornaments, text, or watermark."
"Ornate Sword 02","Assets/Game/Data/Items/Weapons/Melee Weapons/Polygon Dungeon Generated/Ornate Sword 02.asset","Assets/Game/Docs/WeaponPreviewExports/Previews/Ornate Sword 02.png","StraightSword","Weapon","sword","Color map: blade and tip are charcoal; lower blade is charcoal; guard and center block are charcoal; grip and wrapping are brown; pommel/end cap is charcoal.","Create a single game inventory icon PNG of 'Ornate Sword 02'. Use the attached prefab preview as a strict reference. Recreate the exact same weapon shape and silhouette as closely as possible. Match the exact silhouette, proportions, wrapping placement, head size, handle length, guard shape, tip shape, and color placement from the prefab reference. Color map: blade and tip are charcoal; lower blade is charcoal; guard and center block are charcoal; grip and wrapping are brown; pommel/end cap is charcoal. Keep the weapon in an extremely simple low-poly style, with very few large planes, very little micro detail, minimal surface noise, and broad flat color areas only. One isolated weapon only, transparent background, no backdrop, no frame, no environment, no character, no hand, centered in the canvas, full object visible, diagonal layout like the sample icon. Do not redesign the weapon. Do not invent a new color palette. Do not add realism, painterly brushwork, glow, extra ornaments, text, or watermark."
"Plank Shield","Assets/Game/Data/Items/Weapons/Melee Weapons/Polygon Dungeon Generated/Plank Shield.asset","Assets/Game/Docs/WeaponPreviewExports/Previews/Plank Shield.png","LightShield","Shield","shield","Color map: outer edge and one side of the face read as charcoal and charcoal; major face zones read as charcoal and charcoal; center mass or emblem area reads as charcoal.","Create a single game inventory icon PNG of 'Plank Shield'. Use the attached prefab preview as a strict reference. Recreate the exact same weapon shape and silhouette as closely as possible. Match the exact silhouette, proportions, wrapping placement, head size, handle length, guard shape, tip shape, and color placement from the prefab reference. Color map: outer edge and one side of the face read as charcoal and charcoal; major face zones read as charcoal and charcoal; center mass or emblem area reads as charcoal. Keep the weapon in an extremely simple low-poly style, with very few large planes, very little micro detail, minimal surface noise, and broad flat color areas only. One isolated weapon only, transparent background, no backdrop, no frame, no environment, no character, no hand, centered in the canvas, full object visible, diagonal layout like the sample icon. Do not redesign the weapon. Do not invent a new color palette. Do not add realism, painterly brushwork, glow, extra ornaments, text, or watermark."
"Round Greatsword","Assets/Game/Data/Items/Weapons/Melee Weapons/Polygon Dungeon Generated/Round Greatsword.asset","Assets/Game/Docs/WeaponPreviewExports/Previews/Round Greatsword.png","StraightSword","Weapon","greatsword","Color map: blade tip is charcoal; main blade body is charcoal; guard is charcoal; grip is charcoal; pommel/end cap is charcoal.","Create a single game inventory icon PNG of 'Round Greatsword'. Use the attached prefab preview as a strict reference. Recreate the exact same weapon shape and silhouette as closely as possible. Match the exact silhouette, proportions, wrapping placement, head size, handle length, guard shape, tip shape, and color placement from the prefab reference. Color map: blade tip is charcoal; main blade body is charcoal; guard is charcoal; grip is charcoal; pommel/end cap is charcoal. Keep the weapon in an extremely simple low-poly style, with very few large planes, very little micro detail, minimal surface noise, and broad flat color areas only. One isolated weapon only, transparent background, no backdrop, no frame, no environment, no character, no hand, centered in the canvas, full object visible, diagonal layout like the sample icon. Do not redesign the weapon. Do not invent a new color palette. Do not add realism, painterly brushwork, glow, extra ornaments, text, or watermark."
"Round Shield","Assets/Game/Data/Items/Weapons/Melee Weapons/Polygon Dungeon Generated/Round Shield.asset","Assets/Game/Docs/WeaponPreviewExports/Previews/Round Shield.png","MediumShield","Shield","shield","Color map: outer edge and one side of the face read as charcoal and charcoal; major face zones read as charcoal and charcoal; center mass or emblem area reads as charcoal.","Create a single game inventory icon PNG of 'Round Shield'. Use the attached prefab preview as a strict reference. Recreate the exact same weapon shape and silhouette as closely as possible. Match the exact silhouette, proportions, wrapping placement, head size, handle length, guard shape, tip shape, and color placement from the prefab reference. Color map: outer edge and one side of the face read as charcoal and charcoal; major face zones read as charcoal and charcoal; center mass or emblem area reads as charcoal. Keep the weapon in an extremely simple low-poly style, with very few large planes, very little micro detail, minimal surface noise, and broad flat color areas only. One isolated weapon only, transparent background, no backdrop, no frame, no environment, no character, no hand, centered in the canvas, full object visible, diagonal layout like the sample icon. Do not redesign the weapon. Do not invent a new color palette. Do not add realism, painterly brushwork, glow, extra ornaments, text, or watermark."
"Runed Axe","Assets/Game/Data/Items/Weapons/Melee Weapons/Polygon Dungeon Generated/Runed Axe.asset","Assets/Game/Docs/WeaponPreviewExports/Previews/Runed Axe.png","StraightSword","Weapon","axe","Color map: pommel/end cap is charcoal; lower handle and wraps are charcoal; upper handle is charcoal; head socket is charcoal; axe head and blade mass are charcoal.","Create a single game inventory icon PNG of 'Runed Axe'. Use the attached prefab preview as a strict reference. Recreate the exact same weapon shape and silhouette as closely as possible. Match the exact silhouette, proportions, wrapping placement, head size, handle length, guard shape, tip shape, and color placement from the prefab reference. Color map: pommel/end cap is charcoal; lower handle and wraps are charcoal; upper handle is charcoal; head socket is charcoal; axe head and blade mass are charcoal. Keep the weapon in an extremely simple low-poly style, with very few large planes, very little micro detail, minimal surface noise, and broad flat color areas only. One isolated weapon only, transparent background, no backdrop, no frame, no environment, no character, no hand, centered in the canvas, full object visible, diagonal layout like the sample icon. Do not redesign the weapon. Do not invent a new color palette. Do not add realism, painterly brushwork, glow, extra ornaments, text, or watermark."
"Skull Shield","Assets/Game/Data/Items/Weapons/Melee Weapons/Polygon Dungeon Generated/Skull Shield.asset","Assets/Game/Docs/WeaponPreviewExports/Previews/Skull Shield.png","LightShield","Shield","shield","Color map: outer edge and one side of the face read as charcoal and charcoal; major face zones read as charcoal and charcoal; center mass or emblem area reads as charcoal.","Create a single game inventory icon PNG of 'Skull Shield'. Use the attached prefab preview as a strict reference. Recreate the exact same weapon shape and silhouette as closely as possible. Match the exact silhouette, proportions, wrapping placement, head size, handle length, guard shape, tip shape, and color placement from the prefab reference. Color map: outer edge and one side of the face read as charcoal and charcoal; major face zones read as charcoal and charcoal; center mass or emblem area reads as charcoal. Keep the weapon in an extremely simple low-poly style, with very few large planes, very little micro detail, minimal surface noise, and broad flat color areas only. One isolated weapon only, transparent background, no backdrop, no frame, no environment, no character, no hand, centered in the canvas, full object visible, diagonal layout like the sample icon. Do not redesign the weapon. Do not invent a new color palette. Do not add realism, painterly brushwork, glow, extra ornaments, text, or watermark."
"Spear 02","Assets/Game/Data/Items/Weapons/Melee Weapons/Polygon Dungeon Generated/Spear 02.asset","Assets/Game/Docs/WeaponPreviewExports/Previews/Spear 02.png","Spear","Weapon","polearm","Color map: end cap or tail is charcoal; lower shaft or wraps are charcoal; middle shaft is charcoal; socket or head base is charcoal; head or tip mass is charcoal.","Create a single game inventory icon PNG of 'Spear 02'. Use the attached prefab preview as a strict reference. Recreate the exact same weapon shape and silhouette as closely as possible. Match the exact silhouette, proportions, wrapping placement, head size, handle length, guard shape, tip shape, and color placement from the prefab reference. Color map: end cap or tail is charcoal; lower shaft or wraps are charcoal; middle shaft is charcoal; socket or head base is charcoal; head or tip mass is charcoal. Keep the weapon in an extremely simple low-poly style, with very few large planes, very little micro detail, minimal surface noise, and broad flat color areas only. One isolated weapon only, transparent background, no backdrop, no frame, no environment, no character, no hand, centered in the canvas, full object visible, diagonal layout like the sample icon. Do not redesign the weapon. Do not invent a new color palette. Do not add realism, painterly brushwork, glow, extra ornaments, text, or watermark."
"Spear","Assets/Game/Data/Items/Weapons/Melee Weapons/Polygon Dungeon Generated/Spear.asset","Assets/Game/Docs/WeaponPreviewExports/Previews/Spear.png","Spear","Weapon","polearm","Color map: end cap or tail is charcoal; lower shaft or wraps are charcoal; middle shaft is charcoal; socket or head base is charcoal; head or tip mass is charcoal.","Create a single game inventory icon PNG of 'Spear'. Use the attached prefab preview as a strict reference. Recreate the exact same weapon shape and silhouette as closely as possible. Match the exact silhouette, proportions, wrapping placement, head size, handle length, guard shape, tip shape, and color placement from the prefab reference. Color map: end cap or tail is charcoal; lower shaft or wraps are charcoal; middle shaft is charcoal; socket or head base is charcoal; head or tip mass is charcoal. Keep the weapon in an extremely simple low-poly style, with very few large planes, very little micro detail, minimal surface noise, and broad flat color areas only. One isolated weapon only, transparent background, no backdrop, no frame, no environment, no character, no hand, centered in the canvas, full object visible, diagonal layout like the sample icon. Do not redesign the weapon. Do not invent a new color palette. Do not add realism, painterly brushwork, glow, extra ornaments, text, or watermark."
"Sphere Mace","Assets/Game/Data/Items/Weapons/Melee Weapons/Polygon Dungeon Generated/Sphere Mace.asset","Assets/Game/Docs/WeaponPreviewExports/Previews/Sphere Mace.png","StraightSword","Weapon","blunt","Color map: striking head and large masses are charcoal; neck or upper shaft is charcoal; shaft core is charcoal; lower shaft or wraps are charcoal; pommel/end cap is charcoal.","Create a single game inventory icon PNG of 'Sphere Mace'. Use the attached prefab preview as a strict reference. Recreate the exact same weapon shape and silhouette as closely as possible. Match the exact silhouette, proportions, wrapping placement, head size, handle length, guard shape, tip shape, and color placement from the prefab reference. Color map: striking head and large masses are charcoal; neck or upper shaft is charcoal; shaft core is charcoal; lower shaft or wraps are charcoal; pommel/end cap is charcoal. Keep the weapon in an extremely simple low-poly style, with very few large planes, very little micro detail, minimal surface noise, and broad flat color areas only. One isolated weapon only, transparent background, no backdrop, no frame, no environment, no character, no hand, centered in the canvas, full object visible, diagonal layout like the sample icon. Do not redesign the weapon. Do not invent a new color palette. Do not add realism, painterly brushwork, glow, extra ornaments, text, or watermark."
"Spiked Goblin Axe","Assets/Game/Data/Items/Weapons/Melee Weapons/Polygon Dungeon Generated/Spiked Goblin Axe.asset","Assets/Game/Docs/WeaponPreviewExports/Previews/Spiked Goblin Axe.png","StraightSword","Weapon","polearm","Color map: head or tip mass is charcoal; socket or head base is charcoal; middle shaft is charcoal; lower shaft or wraps are charcoal; end cap or tail is charcoal.","Create a single game inventory icon PNG of 'Spiked Goblin Axe'. Use the attached prefab preview as a strict reference. Recreate the exact same weapon shape and silhouette as closely as possible. Match the exact silhouette, proportions, wrapping placement, head size, handle length, guard shape, tip shape, and color placement from the prefab reference. Color map: head or tip mass is charcoal; socket or head base is charcoal; middle shaft is charcoal; lower shaft or wraps are charcoal; end cap or tail is charcoal. Keep the weapon in an extremely simple low-poly style, with very few large planes, very little micro detail, minimal surface noise, and broad flat color areas only. One isolated weapon only, transparent background, no backdrop, no frame, no environment, no character, no hand, centered in the canvas, full object visible, diagonal layout like the sample icon. Do not redesign the weapon. Do not invent a new color palette. Do not add realism, painterly brushwork, glow, extra ornaments, text, or watermark."
"Spiked Goblin Machete","Assets/Game/Data/Items/Weapons/Melee Weapons/Polygon Dungeon Generated/Spiked Goblin Machete.asset","Assets/Game/Docs/WeaponPreviewExports/Previews/Spiked Goblin Machete.png","Spear","Weapon","polearm","Color map: end cap or tail is charcoal; lower shaft or wraps are charcoal; middle shaft is charcoal; socket or head base is charcoal; head or tip mass is charcoal.","Create a single game inventory icon PNG of 'Spiked Goblin Machete'. Use the attached prefab preview as a strict reference. Recreate the exact same weapon shape and silhouette as closely as possible. Match the exact silhouette, proportions, wrapping placement, head size, handle length, guard shape, tip shape, and color placement from the prefab reference. Color map: end cap or tail is charcoal; lower shaft or wraps are charcoal; middle shaft is charcoal; socket or head base is charcoal; head or tip mass is charcoal. Keep the weapon in an extremely simple low-poly style, with very few large planes, very little micro detail, minimal surface noise, and broad flat color areas only. One isolated weapon only, transparent background, no backdrop, no frame, no environment, no character, no hand, centered in the canvas, full object visible, diagonal layout like the sample icon. Do not redesign the weapon. Do not invent a new color palette. Do not add realism, painterly brushwork, glow, extra ornaments, text, or watermark."
"Spiked Mace","Assets/Game/Data/Items/Weapons/Melee Weapons/Polygon Dungeon Generated/Spiked Mace.asset","Assets/Game/Docs/WeaponPreviewExports/Previews/Spiked Mace.png","StraightSword","Weapon","polearm","Color map: head or tip mass is charcoal; socket or head base is charcoal; middle shaft is charcoal; lower shaft or wraps are charcoal; end cap or tail is charcoal.","Create a single game inventory icon PNG of 'Spiked Mace'. Use the attached prefab preview as a strict reference. Recreate the exact same weapon shape and silhouette as closely as possible. Match the exact silhouette, proportions, wrapping placement, head size, handle length, guard shape, tip shape, and color placement from the prefab reference. Color map: head or tip mass is charcoal; socket or head base is charcoal; middle shaft is charcoal; lower shaft or wraps are charcoal; end cap or tail is charcoal. Keep the weapon in an extremely simple low-poly style, with very few large planes, very little micro detail, minimal surface noise, and broad flat color areas only. One isolated weapon only, transparent background, no backdrop, no frame, no environment, no character, no hand, centered in the canvas, full object visible, diagonal layout like the sample icon. Do not redesign the weapon. Do not invent a new color palette. Do not add realism, painterly brushwork, glow, extra ornaments, text, or watermark."
"Spiked Shield","Assets/Game/Data/Items/Weapons/Melee Weapons/Polygon Dungeon Generated/Spiked Shield.asset","Assets/Game/Docs/WeaponPreviewExports/Previews/Spiked Shield.png","LightShield","Shield","shield","Color map: outer edge and one side of the face read as charcoal and charcoal; major face zones read as charcoal and charcoal; center mass or emblem area reads as charcoal.","Create a single game inventory icon PNG of 'Spiked Shield'. Use the attached prefab preview as a strict reference. Recreate the exact same weapon shape and silhouette as closely as possible. Match the exact silhouette, proportions, wrapping placement, head size, handle length, guard shape, tip shape, and color placement from the prefab reference. Color map: outer edge and one side of the face read as charcoal and charcoal; major face zones read as charcoal and charcoal; center mass or emblem area reads as charcoal. Keep the weapon in an extremely simple low-poly style, with very few large planes, very little micro detail, minimal surface noise, and broad flat color areas only. One isolated weapon only, transparent background, no backdrop, no frame, no environment, no character, no hand, centered in the canvas, full object visible, diagonal layout like the sample icon. Do not redesign the weapon. Do not invent a new color palette. Do not add realism, painterly brushwork, glow, extra ornaments, text, or watermark."
"Stone Goblin Shiv","Assets/Game/Data/Items/Weapons/Melee Weapons/Polygon Dungeon Generated/Stone Goblin Shiv.asset","Assets/Game/Docs/WeaponPreviewExports/Previews/Stone Goblin Shiv.png","StraightSword","Weapon","dagger","Color map: blade tip is charcoal; blade body is charcoal; guard is charcoal; grip is charcoal; pommel is charcoal.","Create a single game inventory icon PNG of 'Stone Goblin Shiv'. Use the attached prefab preview as a strict reference. Recreate the exact same weapon shape and silhouette as closely as possible. Match the exact silhouette, proportions, wrapping placement, head size, handle length, guard shape, tip shape, and color placement from the prefab reference. Color map: blade tip is charcoal; blade body is charcoal; guard is charcoal; grip is charcoal; pommel is charcoal. Keep the weapon in an extremely simple low-poly style, with very few large planes, very little micro detail, minimal surface noise, and broad flat color areas only. One isolated weapon only, transparent background, no backdrop, no frame, no environment, no character, no hand, centered in the canvas, full object visible, diagonal layout like the sample icon. Do not redesign the weapon. Do not invent a new color palette. Do not add realism, painterly brushwork, glow, extra ornaments, text, or watermark."
"Stone Great Hammer","Assets/Game/Data/Items/Weapons/Melee Weapons/Polygon Dungeon Generated/Stone Great Hammer.asset","Assets/Game/Docs/WeaponPreviewExports/Previews/Stone Great Hammer.png","StraightSword","Weapon","blunt","Color map: striking head and large masses are charcoal; neck or upper shaft is charcoal; shaft core is charcoal; lower shaft or wraps are charcoal; pommel/end cap is charcoal.","Create a single game inventory icon PNG of 'Stone Great Hammer'. Use the attached prefab preview as a strict reference. Recreate the exact same weapon shape and silhouette as closely as possible. Match the exact silhouette, proportions, wrapping placement, head size, handle length, guard shape, tip shape, and color placement from the prefab reference. Color map: striking head and large masses are charcoal; neck or upper shaft is charcoal; shaft core is charcoal; lower shaft or wraps are charcoal; pommel/end cap is charcoal. Keep the weapon in an extremely simple low-poly style, with very few large planes, very little micro detail, minimal surface noise, and broad flat color areas only. One isolated weapon only, transparent background, no backdrop, no frame, no environment, no character, no hand, centered in the canvas, full object visible, diagonal layout like the sample icon. Do not redesign the weapon. Do not invent a new color palette. Do not add realism, painterly brushwork, glow, extra ornaments, text, or watermark."
"Stone Mace","Assets/Game/Data/Items/Weapons/Melee Weapons/Polygon Dungeon Generated/Stone Mace.asset","Assets/Game/Docs/WeaponPreviewExports/Previews/Stone Mace.png","StraightSword","Weapon","blunt","Color map: striking head and large masses are charcoal; neck or upper shaft is charcoal; shaft core is charcoal; lower shaft or wraps are charcoal; pommel/end cap is charcoal.","Create a single game inventory icon PNG of 'Stone Mace'. Use the attached prefab preview as a strict reference. Recreate the exact same weapon shape and silhouette as closely as possible. Match the exact silhouette, proportions, wrapping placement, head size, handle length, guard shape, tip shape, and color placement from the prefab reference. Color map: striking head and large masses are charcoal; neck or upper shaft is charcoal; shaft core is charcoal; lower shaft or wraps are charcoal; pommel/end cap is charcoal. Keep the weapon in an extremely simple low-poly style, with very few large planes, very little micro detail, minimal surface noise, and broad flat color areas only. One isolated weapon only, transparent background, no backdrop, no frame, no environment, no character, no hand, centered in the canvas, full object visible, diagonal layout like the sample icon. Do not redesign the weapon. Do not invent a new color palette. Do not add realism, painterly brushwork, glow, extra ornaments, text, or watermark."
"Straight Greatsword","Assets/Game/Data/Items/Weapons/Melee Weapons/Polygon Dungeon Generated/Straight Greatsword.asset","Assets/Game/Docs/WeaponPreviewExports/Previews/Straight Greatsword.png","StraightSword","Weapon","greatsword","Color map: blade tip is charcoal; main blade body is charcoal; guard is charcoal; grip is charcoal; pommel/end cap is charcoal.","Create a single game inventory icon PNG of 'Straight Greatsword'. Use the attached prefab preview as a strict reference. Recreate the exact same weapon shape and silhouette as closely as possible. Match the exact silhouette, proportions, wrapping placement, head size, handle length, guard shape, tip shape, and color placement from the prefab reference. Color map: blade tip is charcoal; main blade body is charcoal; guard is charcoal; grip is charcoal; pommel/end cap is charcoal. Keep the weapon in an extremely simple low-poly style, with very few large planes, very little micro detail, minimal surface noise, and broad flat color areas only. One isolated weapon only, transparent background, no backdrop, no frame, no environment, no character, no hand, centered in the canvas, full object visible, diagonal layout like the sample icon. Do not redesign the weapon. Do not invent a new color palette. Do not add realism, painterly brushwork, glow, extra ornaments, text, or watermark."
"Straight Sword","Assets/Game/Data/Items/Weapons/Melee Weapons/Polygon Dungeon Generated/Straight Sword.asset","Assets/Game/Docs/WeaponPreviewExports/Previews/Straight Sword.png","StraightSword","Weapon","sword","Color map: blade and tip are charcoal; lower blade is charcoal; guard and center block are charcoal; grip and wrapping are charcoal; pommel/end cap is charcoal.","Create a single game inventory icon PNG of 'Straight Sword'. Use the attached prefab preview as a strict reference. Recreate the exact same weapon shape and silhouette as closely as possible. Match the exact silhouette, proportions, wrapping placement, head size, handle length, guard shape, tip shape, and color placement from the prefab reference. Color map: blade and tip are charcoal; lower blade is charcoal; guard and center block are charcoal; grip and wrapping are charcoal; pommel/end cap is charcoal. Keep the weapon in an extremely simple low-poly style, with very few large planes, very little micro detail, minimal surface noise, and broad flat color areas only. One isolated weapon only, transparent background, no backdrop, no frame, no environment, no character, no hand, centered in the canvas, full object visible, diagonal layout like the sample icon. Do not redesign the weapon. Do not invent a new color palette. Do not add realism, painterly brushwork, glow, extra ornaments, text, or watermark."
"Verdant Axe","Assets/Game/Data/Items/Weapons/Melee Weapons/Polygon Dungeon Generated/Verdant Axe.asset","Assets/Game/Docs/WeaponPreviewExports/Previews/Verdant Axe.png","StraightSword","Weapon","axe","Color map: pommel/end cap is charcoal; lower handle and wraps are charcoal; upper handle is charcoal; head socket is charcoal; axe head and blade mass are charcoal.","Create a single game inventory icon PNG of 'Verdant Axe'. Use the attached prefab preview as a strict reference. Recreate the exact same weapon shape and silhouette as closely as possible. Match the exact silhouette, proportions, wrapping placement, head size, handle length, guard shape, tip shape, and color placement from the prefab reference. Color map: pommel/end cap is charcoal; lower handle and wraps are charcoal; upper handle is charcoal; head socket is charcoal; axe head and blade mass are charcoal. Keep the weapon in an extremely simple low-poly style, with very few large planes, very little micro detail, minimal surface noise, and broad flat color areas only. One isolated weapon only, transparent background, no backdrop, no frame, no environment, no character, no hand, centered in the canvas, full object visible, diagonal layout like the sample icon. Do not redesign the weapon. Do not invent a new color palette. Do not add realism, painterly brushwork, glow, extra ornaments, text, or watermark."
"War Banner 01","Assets/Game/Data/Items/Weapons/Melee Weapons/Polygon Dungeon Generated/War Banner 01.asset","Assets/Game/Docs/WeaponPreviewExports/Previews/War Banner 01.png","Spear","Weapon","polearm","Color map: head or tip mass is charcoal; socket or head base is charcoal; middle shaft is charcoal; lower shaft or wraps are charcoal; end cap or tail is charcoal.","Create a single game inventory icon PNG of 'War Banner 01'. Use the attached prefab preview as a strict reference. Recreate the exact same weapon shape and silhouette as closely as possible. Match the exact silhouette, proportions, wrapping placement, head size, handle length, guard shape, tip shape, and color placement from the prefab reference. Color map: head or tip mass is charcoal; socket or head base is charcoal; middle shaft is charcoal; lower shaft or wraps are charcoal; end cap or tail is charcoal. Keep the weapon in an extremely simple low-poly style, with very few large planes, very little micro detail, minimal surface noise, and broad flat color areas only. One isolated weapon only, transparent background, no backdrop, no frame, no environment, no character, no hand, centered in the canvas, full object visible, diagonal layout like the sample icon. Do not redesign the weapon. Do not invent a new color palette. Do not add realism, painterly brushwork, glow, extra ornaments, text, or watermark."
"War Banner 02","Assets/Game/Data/Items/Weapons/Melee Weapons/Polygon Dungeon Generated/War Banner 02.asset","Assets/Game/Docs/WeaponPreviewExports/Previews/War Banner 02.png","Spear","Weapon","polearm","Color map: head or tip mass is charcoal; socket or head base is charcoal; middle shaft is charcoal; lower shaft or wraps are charcoal; end cap or tail is charcoal.","Create a single game inventory icon PNG of 'War Banner 02'. Use the attached prefab preview as a strict reference. Recreate the exact same weapon shape and silhouette as closely as possible. Match the exact silhouette, proportions, wrapping placement, head size, handle length, guard shape, tip shape, and color placement from the prefab reference. Color map: head or tip mass is charcoal; socket or head base is charcoal; middle shaft is charcoal; lower shaft or wraps are charcoal; end cap or tail is charcoal. Keep the weapon in an extremely simple low-poly style, with very few large planes, very little micro detail, minimal surface noise, and broad flat color areas only. One isolated weapon only, transparent background, no backdrop, no frame, no environment, no character, no hand, centered in the canvas, full object visible, diagonal layout like the sample icon. Do not redesign the weapon. Do not invent a new color palette. Do not add realism, painterly brushwork, glow, extra ornaments, text, or watermark."
"War Banner 03","Assets/Game/Data/Items/Weapons/Melee Weapons/Polygon Dungeon Generated/War Banner 03.asset","Assets/Game/Docs/WeaponPreviewExports/Previews/War Banner 03.png","Spear","Weapon","polearm","Color map: head or tip mass is charcoal; socket or head base is charcoal; middle shaft is charcoal; lower shaft or wraps are charcoal; end cap or tail is charcoal.","Create a single game inventory icon PNG of 'War Banner 03'. Use the attached prefab preview as a strict reference. Recreate the exact same weapon shape and silhouette as closely as possible. Match the exact silhouette, proportions, wrapping placement, head size, handle length, guard shape, tip shape, and color placement from the prefab reference. Color map: head or tip mass is charcoal; socket or head base is charcoal; middle shaft is charcoal; lower shaft or wraps are charcoal; end cap or tail is charcoal. Keep the weapon in an extremely simple low-poly style, with very few large planes, very little micro detail, minimal surface noise, and broad flat color areas only. One isolated weapon only, transparent background, no backdrop, no frame, no environment, no character, no hand, centered in the canvas, full object visible, diagonal layout like the sample icon. Do not redesign the weapon. Do not invent a new color palette. Do not add realism, painterly brushwork, glow, extra ornaments, text, or watermark."
"War Banner 04","Assets/Game/Data/Items/Weapons/Melee Weapons/Polygon Dungeon Generated/War Banner 04.asset","Assets/Game/Docs/WeaponPreviewExports/Previews/War Banner 04.png","Spear","Weapon","polearm","Color map: head or tip mass is charcoal; socket or head base is charcoal; middle shaft is charcoal; lower shaft or wraps are charcoal; end cap or tail is charcoal.","Create a single game inventory icon PNG of 'War Banner 04'. Use the attached prefab preview as a strict reference. Recreate the exact same weapon shape and silhouette as closely as possible. Match the exact silhouette, proportions, wrapping placement, head size, handle length, guard shape, tip shape, and color placement from the prefab reference. Color map: head or tip mass is charcoal; socket or head base is charcoal; middle shaft is charcoal; lower shaft or wraps are charcoal; end cap or tail is charcoal. Keep the weapon in an extremely simple low-poly style, with very few large planes, very little micro detail, minimal surface noise, and broad flat color areas only. One isolated weapon only, transparent background, no backdrop, no frame, no environment, no character, no hand, centered in the canvas, full object visible, diagonal layout like the sample icon. Do not redesign the weapon. Do not invent a new color palette. Do not add realism, painterly brushwork, glow, extra ornaments, text, or watermark."
"War Banner 05","Assets/Game/Data/Items/Weapons/Melee Weapons/Polygon Dungeon Generated/War Banner 05.asset","Assets/Game/Docs/WeaponPreviewExports/Previews/War Banner 05.png","Spear","Weapon","polearm","Color map: head or tip mass is charcoal; socket or head base is charcoal; middle shaft is charcoal; lower shaft or wraps are charcoal; end cap or tail is charcoal.","Create a single game inventory icon PNG of 'War Banner 05'. Use the attached prefab preview as a strict reference. Recreate the exact same weapon shape and silhouette as closely as possible. Match the exact silhouette, proportions, wrapping placement, head size, handle length, guard shape, tip shape, and color placement from the prefab reference. Color map: head or tip mass is charcoal; socket or head base is charcoal; middle shaft is charcoal; lower shaft or wraps are charcoal; end cap or tail is charcoal. Keep the weapon in an extremely simple low-poly style, with very few large planes, very little micro detail, minimal surface noise, and broad flat color areas only. One isolated weapon only, transparent background, no backdrop, no frame, no environment, no character, no hand, centered in the canvas, full object visible, diagonal layout like the sample icon. Do not redesign the weapon. Do not invent a new color palette. Do not add realism, painterly brushwork, glow, extra ornaments, text, or watermark."
"Wooden Glaive","Assets/Game/Data/Items/Weapons/Melee Weapons/Polygon Dungeon Generated/Wooden Glaive.asset","Assets/Game/Docs/WeaponPreviewExports/Previews/Wooden Glaive.png","Spear","Weapon","polearm","Color map: head or tip mass is charcoal; socket or head base is charcoal; middle shaft is charcoal; lower shaft or wraps are charcoal; end cap or tail is charcoal.","Create a single game inventory icon PNG of 'Wooden Glaive'. Use the attached prefab preview as a strict reference. Recreate the exact same weapon shape and silhouette as closely as possible. Match the exact silhouette, proportions, wrapping placement, head size, handle length, guard shape, tip shape, and color placement from the prefab reference. Color map: head or tip mass is charcoal; socket or head base is charcoal; middle shaft is charcoal; lower shaft or wraps are charcoal; end cap or tail is charcoal. Keep the weapon in an extremely simple low-poly style, with very few large planes, very little micro detail, minimal surface noise, and broad flat color areas only. One isolated weapon only, transparent background, no backdrop, no frame, no environment, no character, no hand, centered in the canvas, full object visible, diagonal layout like the sample icon. Do not redesign the weapon. Do not invent a new color palette. Do not add realism, painterly brushwork, glow, extra ornaments, text, or watermark."
"Wooden Great Hammer","Assets/Game/Data/Items/Weapons/Melee Weapons/Polygon Dungeon Generated/Wooden Great Hammer.asset","Assets/Game/Docs/WeaponPreviewExports/Previews/Wooden Great Hammer.png","StraightSword","Weapon","blunt","Color map: striking head and large masses are charcoal; neck or upper shaft is charcoal; shaft core is charcoal; lower shaft or wraps are charcoal; pommel/end cap is charcoal.","Create a single game inventory icon PNG of 'Wooden Great Hammer'. Use the attached prefab preview as a strict reference. Recreate the exact same weapon shape and silhouette as closely as possible. Match the exact silhouette, proportions, wrapping placement, head size, handle length, guard shape, tip shape, and color placement from the prefab reference. Color map: striking head and large masses are charcoal; neck or upper shaft is charcoal; shaft core is charcoal; lower shaft or wraps are charcoal; pommel/end cap is charcoal. Keep the weapon in an extremely simple low-poly style, with very few large planes, very little micro detail, minimal surface noise, and broad flat color areas only. One isolated weapon only, transparent background, no backdrop, no frame, no environment, no character, no hand, centered in the canvas, full object visible, diagonal layout like the sample icon. Do not redesign the weapon. Do not invent a new color palette. Do not add realism, painterly brushwork, glow, extra ornaments, text, or watermark."
"Archer Shield","Assets/Game/Data/Items/Weapons/Melee Weapons/Polygon Fantasy Hero Generated/Archer Shield.asset","Assets/Game/Docs/WeaponPreviewExports/Previews/Archer Shield.png","MediumShield","Shield","shield","Color map: outer edge and one side of the face read as charcoal and charcoal; major face zones read as charcoal and charcoal; center mass or emblem area reads as charcoal.","Create a single game inventory icon PNG of 'Archer Shield'. Use the attached prefab preview as a strict reference. Recreate the exact same weapon shape and silhouette as closely as possible. Match the exact silhouette, proportions, wrapping placement, head size, handle length, guard shape, tip shape, and color placement from the prefab reference. Color map: outer edge and one side of the face read as charcoal and charcoal; major face zones read as charcoal and charcoal; center mass or emblem area reads as charcoal. Keep the weapon in an extremely simple low-poly style, with very few large planes, very little micro detail, minimal surface noise, and broad flat color areas only. One isolated weapon only, transparent background, no backdrop, no frame, no environment, no character, no hand, centered in the canvas, full object visible, diagonal layout like the sample icon. Do not redesign the weapon. Do not invent a new color palette. Do not add realism, painterly brushwork, glow, extra ornaments, text, or watermark."
"Banded Shield","Assets/Game/Data/Items/Weapons/Melee Weapons/Polygon Fantasy Hero Generated/Banded Shield.asset","Assets/Game/Docs/WeaponPreviewExports/Previews/Banded Shield.png","LightShield","Shield","shield","Color map: outer edge and one side of the face read as charcoal and charcoal; major face zones read as charcoal and charcoal; center mass or emblem area reads as charcoal.","Create a single game inventory icon PNG of 'Banded Shield'. Use the attached prefab preview as a strict reference. Recreate the exact same weapon shape and silhouette as closely as possible. Match the exact silhouette, proportions, wrapping placement, head size, handle length, guard shape, tip shape, and color placement from the prefab reference. Color map: outer edge and one side of the face read as charcoal and charcoal; major face zones read as charcoal and charcoal; center mass or emblem area reads as charcoal. Keep the weapon in an extremely simple low-poly style, with very few large planes, very little micro detail, minimal surface noise, and broad flat color areas only. One isolated weapon only, transparent background, no backdrop, no frame, no environment, no character, no hand, centered in the canvas, full object visible, diagonal layout like the sample icon. Do not redesign the weapon. Do not invent a new color palette. Do not add realism, painterly brushwork, glow, extra ornaments, text, or watermark."
"Banded Tower Shield","Assets/Game/Data/Items/Weapons/Melee Weapons/Polygon Fantasy Hero Generated/Banded Tower Shield.asset","Assets/Game/Docs/WeaponPreviewExports/Previews/Banded Tower Shield.png","MediumShield","Shield","shield","Color map: outer edge and one side of the face read as charcoal and charcoal; major face zones read as charcoal and charcoal; center mass or emblem area reads as charcoal.","Create a single game inventory icon PNG of 'Banded Tower Shield'. Use the attached prefab preview as a strict reference. Recreate the exact same weapon shape and silhouette as closely as possible. Match the exact silhouette, proportions, wrapping placement, head size, handle length, guard shape, tip shape, and color placement from the prefab reference. Color map: outer edge and one side of the face read as charcoal and charcoal; major face zones read as charcoal and charcoal; center mass or emblem area reads as charcoal. Keep the weapon in an extremely simple low-poly style, with very few large planes, very little micro detail, minimal surface noise, and broad flat color areas only. One isolated weapon only, transparent background, no backdrop, no frame, no environment, no character, no hand, centered in the canvas, full object visible, diagonal layout like the sample icon. Do not redesign the weapon. Do not invent a new color palette. Do not add realism, painterly brushwork, glow, extra ornaments, text, or watermark."
"Beast Crest Shield","Assets/Game/Data/Items/Weapons/Melee Weapons/Polygon Fantasy Hero Generated/Beast Crest Shield.asset","Assets/Game/Docs/WeaponPreviewExports/Previews/Beast Crest Shield.png","LightShield","Shield","shield","Color map: outer edge and one side of the face read as charcoal and charcoal; major face zones read as charcoal and charcoal; center mass or emblem area reads as charcoal.","Create a single game inventory icon PNG of 'Beast Crest Shield'. Use the attached prefab preview as a strict reference. Recreate the exact same weapon shape and silhouette as closely as possible. Match the exact silhouette, proportions, wrapping placement, head size, handle length, guard shape, tip shape, and color placement from the prefab reference. Color map: outer edge and one side of the face read as charcoal and charcoal; major face zones read as charcoal and charcoal; center mass or emblem area reads as charcoal. Keep the weapon in an extremely simple low-poly style, with very few large planes, very little micro detail, minimal surface noise, and broad flat color areas only. One isolated weapon only, transparent background, no backdrop, no frame, no environment, no character, no hand, centered in the canvas, full object visible, diagonal layout like the sample icon. Do not redesign the weapon. Do not invent a new color palette. Do not add realism, painterly brushwork, glow, extra ornaments, text, or watermark."
"Beast Tower Shield","Assets/Game/Data/Items/Weapons/Melee Weapons/Polygon Fantasy Hero Generated/Beast Tower Shield.asset","Assets/Game/Docs/WeaponPreviewExports/Previews/Beast Tower Shield.png","MediumShield","Shield","shield","Color map: outer edge and one side of the face read as charcoal and charcoal; major face zones read as charcoal and charcoal; center mass or emblem area reads as charcoal.","Create a single game inventory icon PNG of 'Beast Tower Shield'. Use the attached prefab preview as a strict reference. Recreate the exact same weapon shape and silhouette as closely as possible. Match the exact silhouette, proportions, wrapping placement, head size, handle length, guard shape, tip shape, and color placement from the prefab reference. Color map: outer edge and one side of the face read as charcoal and charcoal; major face zones read as charcoal and charcoal; center mass or emblem area reads as charcoal. Keep the weapon in an extremely simple low-poly style, with very few large planes, very little micro detail, minimal surface noise, and broad flat color areas only. One isolated weapon only, transparent background, no backdrop, no frame, no environment, no character, no hand, centered in the canvas, full object visible, diagonal layout like the sample icon. Do not redesign the weapon. Do not invent a new color palette. Do not add realism, painterly brushwork, glow, extra ornaments, text, or watermark."
"Chevron Tower Shield","Assets/Game/Data/Items/Weapons/Melee Weapons/Polygon Fantasy Hero Generated/Chevron Tower Shield.asset","Assets/Game/Docs/WeaponPreviewExports/Previews/Chevron Tower Shield.png","MediumShield","Shield","shield","Color map: outer edge and one side of the face read as charcoal and charcoal; major face zones read as charcoal and charcoal; center mass or emblem area reads as charcoal.","Create a single game inventory icon PNG of 'Chevron Tower Shield'. Use the attached prefab preview as a strict reference. Recreate the exact same weapon shape and silhouette as closely as possible. Match the exact silhouette, proportions, wrapping placement, head size, handle length, guard shape, tip shape, and color placement from the prefab reference. Color map: outer edge and one side of the face read as charcoal and charcoal; major face zones read as charcoal and charcoal; center mass or emblem area reads as charcoal. Keep the weapon in an extremely simple low-poly style, with very few large planes, very little micro detail, minimal surface noise, and broad flat color areas only. One isolated weapon only, transparent background, no backdrop, no frame, no environment, no character, no hand, centered in the canvas, full object visible, diagonal layout like the sample icon. Do not redesign the weapon. Do not invent a new color palette. Do not add realism, painterly brushwork, glow, extra ornaments, text, or watermark."
"Cross Shield 02","Assets/Game/Data/Items/Weapons/Melee Weapons/Polygon Fantasy Hero Generated/Cross Shield 02.asset","Assets/Game/Docs/WeaponPreviewExports/Previews/Cross Shield 02.png","MediumShield","Shield","shield","Color map: outer edge and one side of the face read as charcoal and charcoal; major face zones read as charcoal and charcoal; center mass or emblem area reads as charcoal.","Create a single game inventory icon PNG of 'Cross Shield 02'. Use the attached prefab preview as a strict reference. Recreate the exact same weapon shape and silhouette as closely as possible. Match the exact silhouette, proportions, wrapping placement, head size, handle length, guard shape, tip shape, and color placement from the prefab reference. Color map: outer edge and one side of the face read as charcoal and charcoal; major face zones read as charcoal and charcoal; center mass or emblem area reads as charcoal. Keep the weapon in an extremely simple low-poly style, with very few large planes, very little micro detail, minimal surface noise, and broad flat color areas only. One isolated weapon only, transparent background, no backdrop, no frame, no environment, no character, no hand, centered in the canvas, full object visible, diagonal layout like the sample icon. Do not redesign the weapon. Do not invent a new color palette. Do not add realism, painterly brushwork, glow, extra ornaments, text, or watermark."
"Cross Shield","Assets/Game/Data/Items/Weapons/Melee Weapons/Polygon Fantasy Hero Generated/Cross Shield.asset","Assets/Game/Docs/WeaponPreviewExports/Previews/Cross Shield.png","LightShield","Shield","shield","Color map: outer edge and one side of the face read as charcoal and charcoal; major face zones read as charcoal and charcoal; center mass or emblem area reads as charcoal.","Create a single game inventory icon PNG of 'Cross Shield'. Use the attached prefab preview as a strict reference. Recreate the exact same weapon shape and silhouette as closely as possible. Match the exact silhouette, proportions, wrapping placement, head size, handle length, guard shape, tip shape, and color placement from the prefab reference. Color map: outer edge and one side of the face read as charcoal and charcoal; major face zones read as charcoal and charcoal; center mass or emblem area reads as charcoal. Keep the weapon in an extremely simple low-poly style, with very few large planes, very little micro detail, minimal surface noise, and broad flat color areas only. One isolated weapon only, transparent background, no backdrop, no frame, no environment, no character, no hand, centered in the canvas, full object visible, diagonal layout like the sample icon. Do not redesign the weapon. Do not invent a new color palette. Do not add realism, painterly brushwork, glow, extra ornaments, text, or watermark."
"Cross Tower Shield","Assets/Game/Data/Items/Weapons/Melee Weapons/Polygon Fantasy Hero Generated/Cross Tower Shield.asset","Assets/Game/Docs/WeaponPreviewExports/Previews/Cross Tower Shield.png","MediumShield","Shield","shield","Color map: outer edge and one side of the face read as charcoal and charcoal; major face zones read as charcoal and charcoal; center mass or emblem area reads as charcoal.","Create a single game inventory icon PNG of 'Cross Tower Shield'. Use the attached prefab preview as a strict reference. Recreate the exact same weapon shape and silhouette as closely as possible. Match the exact silhouette, proportions, wrapping placement, head size, handle length, guard shape, tip shape, and color placement from the prefab reference. Color map: outer edge and one side of the face read as charcoal and charcoal; major face zones read as charcoal and charcoal; center mass or emblem area reads as charcoal. Keep the weapon in an extremely simple low-poly style, with very few large planes, very little micro detail, minimal surface noise, and broad flat color areas only. One isolated weapon only, transparent background, no backdrop, no frame, no environment, no character, no hand, centered in the canvas, full object visible, diagonal layout like the sample icon. Do not redesign the weapon. Do not invent a new color palette. Do not add realism, painterly brushwork, glow, extra ornaments, text, or watermark."
"Crown Shield 02","Assets/Game/Data/Items/Weapons/Melee Weapons/Polygon Fantasy Hero Generated/Crown Shield 02.asset","Assets/Game/Docs/WeaponPreviewExports/Previews/Crown Shield 02.png","MediumShield","Shield","shield","Color map: outer edge and one side of the face read as charcoal and charcoal; major face zones read as charcoal and charcoal; center mass or emblem area reads as charcoal.","Create a single game inventory icon PNG of 'Crown Shield 02'. Use the attached prefab preview as a strict reference. Recreate the exact same weapon shape and silhouette as closely as possible. Match the exact silhouette, proportions, wrapping placement, head size, handle length, guard shape, tip shape, and color placement from the prefab reference. Color map: outer edge and one side of the face read as charcoal and charcoal; major face zones read as charcoal and charcoal; center mass or emblem area reads as charcoal. Keep the weapon in an extremely simple low-poly style, with very few large planes, very little micro detail, minimal surface noise, and broad flat color areas only. One isolated weapon only, transparent background, no backdrop, no frame, no environment, no character, no hand, centered in the canvas, full object visible, diagonal layout like the sample icon. Do not redesign the weapon. Do not invent a new color palette. Do not add realism, painterly brushwork, glow, extra ornaments, text, or watermark."
"Crown Shield","Assets/Game/Data/Items/Weapons/Melee Weapons/Polygon Fantasy Hero Generated/Crown Shield.asset","Assets/Game/Docs/WeaponPreviewExports/Previews/Crown Shield.png","LightShield","Shield","shield","Color map: outer edge and one side of the face read as charcoal and charcoal; major face zones read as charcoal and charcoal; center mass or emblem area reads as charcoal.","Create a single game inventory icon PNG of 'Crown Shield'. Use the attached prefab preview as a strict reference. Recreate the exact same weapon shape and silhouette as closely as possible. Match the exact silhouette, proportions, wrapping placement, head size, handle length, guard shape, tip shape, and color placement from the prefab reference. Color map: outer edge and one side of the face read as charcoal and charcoal; major face zones read as charcoal and charcoal; center mass or emblem area reads as charcoal. Keep the weapon in an extremely simple low-poly style, with very few large planes, very little micro detail, minimal surface noise, and broad flat color areas only. One isolated weapon only, transparent background, no backdrop, no frame, no environment, no character, no hand, centered in the canvas, full object visible, diagonal layout like the sample icon. Do not redesign the weapon. Do not invent a new color palette. Do not add realism, painterly brushwork, glow, extra ornaments, text, or watermark."
"Crown Tower Shield","Assets/Game/Data/Items/Weapons/Melee Weapons/Polygon Fantasy Hero Generated/Crown Tower Shield.asset","Assets/Game/Docs/WeaponPreviewExports/Previews/Crown Tower Shield.png","MediumShield","Shield","shield","Color map: outer edge and one side of the face read as charcoal and charcoal; major face zones read as charcoal and charcoal; center mass or emblem area reads as charcoal.","Create a single game inventory icon PNG of 'Crown Tower Shield'. Use the attached prefab preview as a strict reference. Recreate the exact same weapon shape and silhouette as closely as possible. Match the exact silhouette, proportions, wrapping placement, head size, handle length, guard shape, tip shape, and color placement from the prefab reference. Color map: outer edge and one side of the face read as charcoal and charcoal; major face zones read as charcoal and charcoal; center mass or emblem area reads as charcoal. Keep the weapon in an extremely simple low-poly style, with very few large planes, very little micro detail, minimal surface noise, and broad flat color areas only. One isolated weapon only, transparent background, no backdrop, no frame, no environment, no character, no hand, centered in the canvas, full object visible, diagonal layout like the sample icon. Do not redesign the weapon. Do not invent a new color palette. Do not add realism, painterly brushwork, glow, extra ornaments, text, or watermark."
"Crusader Shield","Assets/Game/Data/Items/Weapons/Melee Weapons/Polygon Fantasy Hero Generated/Crusader Shield.asset","Assets/Game/Docs/WeaponPreviewExports/Previews/Crusader Shield.png","LightShield","Shield","shield","Color map: outer edge and one side of the face read as charcoal and charcoal; major face zones read as charcoal and charcoal; center mass or emblem area reads as charcoal.","Create a single game inventory icon PNG of 'Crusader Shield'. Use the attached prefab preview as a strict reference. Recreate the exact same weapon shape and silhouette as closely as possible. Match the exact silhouette, proportions, wrapping placement, head size, handle length, guard shape, tip shape, and color placement from the prefab reference. Color map: outer edge and one side of the face read as charcoal and charcoal; major face zones read as charcoal and charcoal; center mass or emblem area reads as charcoal. Keep the weapon in an extremely simple low-poly style, with very few large planes, very little micro detail, minimal surface noise, and broad flat color areas only. One isolated weapon only, transparent background, no backdrop, no frame, no environment, no character, no hand, centered in the canvas, full object visible, diagonal layout like the sample icon. Do not redesign the weapon. Do not invent a new color palette. Do not add realism, painterly brushwork, glow, extra ornaments, text, or watermark."
"Dagger","Assets/Game/Data/Items/Weapons/Melee Weapons/Polygon Fantasy Hero Generated/Dagger.asset","Assets/Game/Docs/WeaponPreviewExports/Previews/Dagger.png","StraightSword","Weapon","dagger","Color map: blade tip is brown-gray; blade body is charcoal; guard is charcoal; grip is charcoal; pommel is charcoal.","Create a single game inventory icon PNG of 'Dagger'. Use the attached prefab preview as a strict reference. Recreate the exact same weapon shape and silhouette as closely as possible. Match the exact silhouette, proportions, wrapping placement, head size, handle length, guard shape, tip shape, and color placement from the prefab reference. Color map: blade tip is brown-gray; blade body is charcoal; guard is charcoal; grip is charcoal; pommel is charcoal. Keep the weapon in an extremely simple low-poly style, with very few large planes, very little micro detail, minimal surface noise, and broad flat color areas only. One isolated weapon only, transparent background, no backdrop, no frame, no environment, no character, no hand, centered in the canvas, full object visible, diagonal layout like the sample icon. Do not redesign the weapon. Do not invent a new color palette. Do not add realism, painterly brushwork, glow, extra ornaments, text, or watermark."
"Fleur Shield 02","Assets/Game/Data/Items/Weapons/Melee Weapons/Polygon Fantasy Hero Generated/Fleur Shield 02.asset","Assets/Game/Docs/WeaponPreviewExports/Previews/Fleur Shield 02.png","MediumShield","Shield","shield","Color map: outer edge and one side of the face read as charcoal and charcoal; major face zones read as charcoal and charcoal; center mass or emblem area reads as charcoal.","Create a single game inventory icon PNG of 'Fleur Shield 02'. Use the attached prefab preview as a strict reference. Recreate the exact same weapon shape and silhouette as closely as possible. Match the exact silhouette, proportions, wrapping placement, head size, handle length, guard shape, tip shape, and color placement from the prefab reference. Color map: outer edge and one side of the face read as charcoal and charcoal; major face zones read as charcoal and charcoal; center mass or emblem area reads as charcoal. Keep the weapon in an extremely simple low-poly style, with very few large planes, very little micro detail, minimal surface noise, and broad flat color areas only. One isolated weapon only, transparent background, no backdrop, no frame, no environment, no character, no hand, centered in the canvas, full object visible, diagonal layout like the sample icon. Do not redesign the weapon. Do not invent a new color palette. Do not add realism, painterly brushwork, glow, extra ornaments, text, or watermark."
"Fleur Shield","Assets/Game/Data/Items/Weapons/Melee Weapons/Polygon Fantasy Hero Generated/Fleur Shield.asset","Assets/Game/Docs/WeaponPreviewExports/Previews/Fleur Shield.png","LightShield","Shield","shield","Color map: outer edge and one side of the face read as charcoal and charcoal; major face zones read as charcoal and charcoal; center mass or emblem area reads as charcoal.","Create a single game inventory icon PNG of 'Fleur Shield'. Use the attached prefab preview as a strict reference. Recreate the exact same weapon shape and silhouette as closely as possible. Match the exact silhouette, proportions, wrapping placement, head size, handle length, guard shape, tip shape, and color placement from the prefab reference. Color map: outer edge and one side of the face read as charcoal and charcoal; major face zones read as charcoal and charcoal; center mass or emblem area reads as charcoal. Keep the weapon in an extremely simple low-poly style, with very few large planes, very little micro detail, minimal surface noise, and broad flat color areas only. One isolated weapon only, transparent background, no backdrop, no frame, no environment, no character, no hand, centered in the canvas, full object visible, diagonal layout like the sample icon. Do not redesign the weapon. Do not invent a new color palette. Do not add realism, painterly brushwork, glow, extra ornaments, text, or watermark."
"Fleur Tower Shield","Assets/Game/Data/Items/Weapons/Melee Weapons/Polygon Fantasy Hero Generated/Fleur Tower Shield.asset","Assets/Game/Docs/WeaponPreviewExports/Previews/Fleur Tower Shield.png","MediumShield","Shield","shield","Color map: outer edge and one side of the face read as charcoal and charcoal; major face zones read as charcoal and charcoal; center mass or emblem area reads as charcoal.","Create a single game inventory icon PNG of 'Fleur Tower Shield'. Use the attached prefab preview as a strict reference. Recreate the exact same weapon shape and silhouette as closely as possible. Match the exact silhouette, proportions, wrapping placement, head size, handle length, guard shape, tip shape, and color placement from the prefab reference. Color map: outer edge and one side of the face read as charcoal and charcoal; major face zones read as charcoal and charcoal; center mass or emblem area reads as charcoal. Keep the weapon in an extremely simple low-poly style, with very few large planes, very little micro detail, minimal surface noise, and broad flat color areas only. One isolated weapon only, transparent background, no backdrop, no frame, no environment, no character, no hand, centered in the canvas, full object visible, diagonal layout like the sample icon. Do not redesign the weapon. Do not invent a new color palette. Do not add realism, painterly brushwork, glow, extra ornaments, text, or watermark."
"Greatsword","Assets/Game/Data/Items/Weapons/Melee Weapons/Polygon Fantasy Hero Generated/Greatsword.asset","Assets/Game/Docs/WeaponPreviewExports/Previews/Greatsword.png","StraightSword","Weapon","greatsword","Color map: blade tip is brown-gray; main blade body is charcoal; guard is charcoal; grip is charcoal; pommel/end cap is charcoal.","Create a single game inventory icon PNG of 'Greatsword'. Use the attached prefab preview as a strict reference. Recreate the exact same weapon shape and silhouette as closely as possible. Match the exact silhouette, proportions, wrapping placement, head size, handle length, guard shape, tip shape, and color placement from the prefab reference. Color map: blade tip is brown-gray; main blade body is charcoal; guard is charcoal; grip is charcoal; pommel/end cap is charcoal. Keep the weapon in an extremely simple low-poly style, with very few large planes, very little micro detail, minimal surface noise, and broad flat color areas only. One isolated weapon only, transparent background, no backdrop, no frame, no environment, no character, no hand, centered in the canvas, full object visible, diagonal layout like the sample icon. Do not redesign the weapon. Do not invent a new color palette. Do not add realism, painterly brushwork, glow, extra ornaments, text, or watermark."
"Halfcoat Shield","Assets/Game/Data/Items/Weapons/Melee Weapons/Polygon Fantasy Hero Generated/Halfcoat Shield.asset","Assets/Game/Docs/WeaponPreviewExports/Previews/Halfcoat Shield.png","LightShield","Shield","shield","Color map: outer edge and one side of the face read as charcoal and charcoal; major face zones read as charcoal and charcoal; center mass or emblem area reads as charcoal.","Create a single game inventory icon PNG of 'Halfcoat Shield'. Use the attached prefab preview as a strict reference. Recreate the exact same weapon shape and silhouette as closely as possible. Match the exact silhouette, proportions, wrapping placement, head size, handle length, guard shape, tip shape, and color placement from the prefab reference. Color map: outer edge and one side of the face read as charcoal and charcoal; major face zones read as charcoal and charcoal; center mass or emblem area reads as charcoal. Keep the weapon in an extremely simple low-poly style, with very few large planes, very little micro detail, minimal surface noise, and broad flat color areas only. One isolated weapon only, transparent background, no backdrop, no frame, no environment, no character, no hand, centered in the canvas, full object visible, diagonal layout like the sample icon. Do not redesign the weapon. Do not invent a new color palette. Do not add realism, painterly brushwork, glow, extra ornaments, text, or watermark."
"Hand Axe","Assets/Game/Data/Items/Weapons/Melee Weapons/Polygon Fantasy Hero Generated/Hand Axe.asset","Assets/Game/Docs/WeaponPreviewExports/Previews/Hand Axe.png","StraightSword","Weapon","axe","Color map: pommel/end cap is charcoal; lower handle and wraps are charcoal; upper handle is charcoal; head socket is charcoal; axe head and blade mass are charcoal.","Create a single game inventory icon PNG of 'Hand Axe'. Use the attached prefab preview as a strict reference. Recreate the exact same weapon shape and silhouette as closely as possible. Match the exact silhouette, proportions, wrapping placement, head size, handle length, guard shape, tip shape, and color placement from the prefab reference. Color map: pommel/end cap is charcoal; lower handle and wraps are charcoal; upper handle is charcoal; head socket is charcoal; axe head and blade mass are charcoal. Keep the weapon in an extremely simple low-poly style, with very few large planes, very little micro detail, minimal surface noise, and broad flat color areas only. One isolated weapon only, transparent background, no backdrop, no frame, no environment, no character, no hand, centered in the canvas, full object visible, diagonal layout like the sample icon. Do not redesign the weapon. Do not invent a new color palette. Do not add realism, painterly brushwork, glow, extra ornaments, text, or watermark."
"Herald Tower Shield","Assets/Game/Data/Items/Weapons/Melee Weapons/Polygon Fantasy Hero Generated/Herald Tower Shield.asset","Assets/Game/Docs/WeaponPreviewExports/Previews/Herald Tower Shield.png","MediumShield","Shield","shield","Color map: outer edge and one side of the face read as charcoal and charcoal; major face zones read as charcoal and charcoal; center mass or emblem area reads as charcoal.","Create a single game inventory icon PNG of 'Herald Tower Shield'. Use the attached prefab preview as a strict reference. Recreate the exact same weapon shape and silhouette as closely as possible. Match the exact silhouette, proportions, wrapping placement, head size, handle length, guard shape, tip shape, and color placement from the prefab reference. Color map: outer edge and one side of the face read as charcoal and charcoal; major face zones read as charcoal and charcoal; center mass or emblem area reads as charcoal. Keep the weapon in an extremely simple low-poly style, with very few large planes, very little micro detail, minimal surface noise, and broad flat color areas only. One isolated weapon only, transparent background, no backdrop, no frame, no environment, no character, no hand, centered in the canvas, full object visible, diagonal layout like the sample icon. Do not redesign the weapon. Do not invent a new color palette. Do not add realism, painterly brushwork, glow, extra ornaments, text, or watermark."
"Jousting Lance 01","Assets/Game/Data/Items/Weapons/Melee Weapons/Polygon Fantasy Hero Generated/Jousting Lance 01.asset","Assets/Game/Docs/WeaponPreviewExports/Previews/Jousting Lance 01.png","Spear","Weapon","polearm","Color map: end cap or tail is charcoal; lower shaft or wraps are charcoal; middle shaft is charcoal; socket or head base is charcoal; head or tip mass is charcoal.","Create a single game inventory icon PNG of 'Jousting Lance 01'. Use the attached prefab preview as a strict reference. Recreate the exact same weapon shape and silhouette as closely as possible. Match the exact silhouette, proportions, wrapping placement, head size, handle length, guard shape, tip shape, and color placement from the prefab reference. Color map: end cap or tail is charcoal; lower shaft or wraps are charcoal; middle shaft is charcoal; socket or head base is charcoal; head or tip mass is charcoal. Keep the weapon in an extremely simple low-poly style, with very few large planes, very little micro detail, minimal surface noise, and broad flat color areas only. One isolated weapon only, transparent background, no backdrop, no frame, no environment, no character, no hand, centered in the canvas, full object visible, diagonal layout like the sample icon. Do not redesign the weapon. Do not invent a new color palette. Do not add realism, painterly brushwork, glow, extra ornaments, text, or watermark."
"Jousting Lance 02","Assets/Game/Data/Items/Weapons/Melee Weapons/Polygon Fantasy Hero Generated/Jousting Lance 02.asset","Assets/Game/Docs/WeaponPreviewExports/Previews/Jousting Lance 02.png","Spear","Weapon","polearm","Color map: end cap or tail is charcoal; lower shaft or wraps are charcoal; middle shaft is charcoal; socket or head base is charcoal; head or tip mass is charcoal.","Create a single game inventory icon PNG of 'Jousting Lance 02'. Use the attached prefab preview as a strict reference. Recreate the exact same weapon shape and silhouette as closely as possible. Match the exact silhouette, proportions, wrapping placement, head size, handle length, guard shape, tip shape, and color placement from the prefab reference. Color map: end cap or tail is charcoal; lower shaft or wraps are charcoal; middle shaft is charcoal; socket or head base is charcoal; head or tip mass is charcoal. Keep the weapon in an extremely simple low-poly style, with very few large planes, very little micro detail, minimal surface noise, and broad flat color areas only. One isolated weapon only, transparent background, no backdrop, no frame, no environment, no character, no hand, centered in the canvas, full object visible, diagonal layout like the sample icon. Do not redesign the weapon. Do not invent a new color palette. Do not add realism, painterly brushwork, glow, extra ornaments, text, or watermark."
"Jousting Lance 03","Assets/Game/Data/Items/Weapons/Melee Weapons/Polygon Fantasy Hero Generated/Jousting Lance 03.asset","Assets/Game/Docs/WeaponPreviewExports/Previews/Jousting Lance 03.png","Spear","Weapon","polearm","Color map: head or tip mass is charcoal; socket or head base is charcoal; middle shaft is charcoal; lower shaft or wraps are charcoal; end cap or tail is charcoal.","Create a single game inventory icon PNG of 'Jousting Lance 03'. Use the attached prefab preview as a strict reference. Recreate the exact same weapon shape and silhouette as closely as possible. Match the exact silhouette, proportions, wrapping placement, head size, handle length, guard shape, tip shape, and color placement from the prefab reference. Color map: head or tip mass is charcoal; socket or head base is charcoal; middle shaft is charcoal; lower shaft or wraps are charcoal; end cap or tail is charcoal. Keep the weapon in an extremely simple low-poly style, with very few large planes, very little micro detail, minimal surface noise, and broad flat color areas only. One isolated weapon only, transparent background, no backdrop, no frame, no environment, no character, no hand, centered in the canvas, full object visible, diagonal layout like the sample icon. Do not redesign the weapon. Do not invent a new color palette. Do not add realism, painterly brushwork, glow, extra ornaments, text, or watermark."
"Lion Crest Shield 02","Assets/Game/Data/Items/Weapons/Melee Weapons/Polygon Fantasy Hero Generated/Lion Crest Shield 02.asset","Assets/Game/Docs/WeaponPreviewExports/Previews/Lion Crest Shield 02.png","MediumShield","Shield","shield","Color map: outer edge and one side of the face read as charcoal and charcoal; major face zones read as charcoal and charcoal; center mass or emblem area reads as charcoal.","Create a single game inventory icon PNG of 'Lion Crest Shield 02'. Use the attached prefab preview as a strict reference. Recreate the exact same weapon shape and silhouette as closely as possible. Match the exact silhouette, proportions, wrapping placement, head size, handle length, guard shape, tip shape, and color placement from the prefab reference. Color map: outer edge and one side of the face read as charcoal and charcoal; major face zones read as charcoal and charcoal; center mass or emblem area reads as charcoal. Keep the weapon in an extremely simple low-poly style, with very few large planes, very little micro detail, minimal surface noise, and broad flat color areas only. One isolated weapon only, transparent background, no backdrop, no frame, no environment, no character, no hand, centered in the canvas, full object visible, diagonal layout like the sample icon. Do not redesign the weapon. Do not invent a new color palette. Do not add realism, painterly brushwork, glow, extra ornaments, text, or watermark."
"Lion Crest Shield","Assets/Game/Data/Items/Weapons/Melee Weapons/Polygon Fantasy Hero Generated/Lion Crest Shield.asset","Assets/Game/Docs/WeaponPreviewExports/Previews/Lion Crest Shield.png","LightShield","Shield","shield","Color map: outer edge and one side of the face read as charcoal and charcoal; major face zones read as charcoal and charcoal; center mass or emblem area reads as charcoal.","Create a single game inventory icon PNG of 'Lion Crest Shield'. Use the attached prefab preview as a strict reference. Recreate the exact same weapon shape and silhouette as closely as possible. Match the exact silhouette, proportions, wrapping placement, head size, handle length, guard shape, tip shape, and color placement from the prefab reference. Color map: outer edge and one side of the face read as charcoal and charcoal; major face zones read as charcoal and charcoal; center mass or emblem area reads as charcoal. Keep the weapon in an extremely simple low-poly style, with very few large planes, very little micro detail, minimal surface noise, and broad flat color areas only. One isolated weapon only, transparent background, no backdrop, no frame, no environment, no character, no hand, centered in the canvas, full object visible, diagonal layout like the sample icon. Do not redesign the weapon. Do not invent a new color palette. Do not add realism, painterly brushwork, glow, extra ornaments, text, or watermark."
"Lion Tower Shield","Assets/Game/Data/Items/Weapons/Melee Weapons/Polygon Fantasy Hero Generated/Lion Tower Shield.asset","Assets/Game/Docs/WeaponPreviewExports/Previews/Lion Tower Shield.png","MediumShield","Shield","shield","Color map: outer edge and one side of the face read as charcoal and charcoal; major face zones read as charcoal and charcoal; center mass or emblem area reads as charcoal.","Create a single game inventory icon PNG of 'Lion Tower Shield'. Use the attached prefab preview as a strict reference. Recreate the exact same weapon shape and silhouette as closely as possible. Match the exact silhouette, proportions, wrapping placement, head size, handle length, guard shape, tip shape, and color placement from the prefab reference. Color map: outer edge and one side of the face read as charcoal and charcoal; major face zones read as charcoal and charcoal; center mass or emblem area reads as charcoal. Keep the weapon in an extremely simple low-poly style, with very few large planes, very little micro detail, minimal surface noise, and broad flat color areas only. One isolated weapon only, transparent background, no backdrop, no frame, no environment, no character, no hand, centered in the canvas, full object visible, diagonal layout like the sample icon. Do not redesign the weapon. Do not invent a new color palette. Do not add realism, painterly brushwork, glow, extra ornaments, text, or watermark."
"Long Staff","Assets/Game/Data/Items/Weapons/Melee Weapons/Polygon Fantasy Hero Generated/Long Staff.asset","Assets/Game/Docs/WeaponPreviewExports/Previews/Long Staff.png","Spear","Weapon","focus","Color map: major body zones read as charcoal, charcoal, and charcoal; end accents read as charcoal and charcoal.","Create a single game inventory icon PNG of 'Long Staff'. Use the attached prefab preview as a strict reference. Recreate the exact same weapon shape and silhouette as closely as possible. Match the exact silhouette, proportions, wrapping placement, head size, handle length, guard shape, tip shape, and color placement from the prefab reference. Color map: major body zones read as charcoal, charcoal, and charcoal; end accents read as charcoal and charcoal. Keep the weapon in an extremely simple low-poly style, with very few large planes, very little micro detail, minimal surface noise, and broad flat color areas only. One isolated weapon only, transparent background, no backdrop, no frame, no environment, no character, no hand, centered in the canvas, full object visible, diagonal layout like the sample icon. Do not redesign the weapon. Do not invent a new color palette. Do not add realism, painterly brushwork, glow, extra ornaments, text, or watermark."
"Mace 01","Assets/Game/Data/Items/Weapons/Melee Weapons/Polygon Fantasy Hero Generated/Mace 01.asset","Assets/Game/Docs/WeaponPreviewExports/Previews/Mace 01.png","StraightSword","Weapon","blunt","Color map: striking head and large masses are charcoal; neck or upper shaft is charcoal; shaft core is charcoal; lower shaft or wraps are charcoal; pommel/end cap is charcoal.","Create a single game inventory icon PNG of 'Mace 01'. Use the attached prefab preview as a strict reference. Recreate the exact same weapon shape and silhouette as closely as possible. Match the exact silhouette, proportions, wrapping placement, head size, handle length, guard shape, tip shape, and color placement from the prefab reference. Color map: striking head and large masses are charcoal; neck or upper shaft is charcoal; shaft core is charcoal; lower shaft or wraps are charcoal; pommel/end cap is charcoal. Keep the weapon in an extremely simple low-poly style, with very few large planes, very little micro detail, minimal surface noise, and broad flat color areas only. One isolated weapon only, transparent background, no backdrop, no frame, no environment, no character, no hand, centered in the canvas, full object visible, diagonal layout like the sample icon. Do not redesign the weapon. Do not invent a new color palette. Do not add realism, painterly brushwork, glow, extra ornaments, text, or watermark."
"Plain Shield","Assets/Game/Data/Items/Weapons/Melee Weapons/Polygon Fantasy Hero Generated/Plain Shield.asset","Assets/Game/Docs/WeaponPreviewExports/Previews/Plain Shield.png","LightShield","Shield","shield","Color map: outer edge and one side of the face read as charcoal and charcoal; major face zones read as charcoal and charcoal; center mass or emblem area reads as charcoal.","Create a single game inventory icon PNG of 'Plain Shield'. Use the attached prefab preview as a strict reference. Recreate the exact same weapon shape and silhouette as closely as possible. Match the exact silhouette, proportions, wrapping placement, head size, handle length, guard shape, tip shape, and color placement from the prefab reference. Color map: outer edge and one side of the face read as charcoal and charcoal; major face zones read as charcoal and charcoal; center mass or emblem area reads as charcoal. Keep the weapon in an extremely simple low-poly style, with very few large planes, very little micro detail, minimal surface noise, and broad flat color areas only. One isolated weapon only, transparent background, no backdrop, no frame, no environment, no character, no hand, centered in the canvas, full object visible, diagonal layout like the sample icon. Do not redesign the weapon. Do not invent a new color palette. Do not add realism, painterly brushwork, glow, extra ornaments, text, or watermark."
"Plain Tower Shield 02","Assets/Game/Data/Items/Weapons/Melee Weapons/Polygon Fantasy Hero Generated/Plain Tower Shield 02.asset","Assets/Game/Docs/WeaponPreviewExports/Previews/Plain Tower Shield 02.png","MediumShield","Shield","shield","Color map: outer edge and one side of the face read as charcoal and charcoal; major face zones read as charcoal and charcoal; center mass or emblem area reads as charcoal.","Create a single game inventory icon PNG of 'Plain Tower Shield 02'. Use the attached prefab preview as a strict reference. Recreate the exact same weapon shape and silhouette as closely as possible. Match the exact silhouette, proportions, wrapping placement, head size, handle length, guard shape, tip shape, and color placement from the prefab reference. Color map: outer edge and one side of the face read as charcoal and charcoal; major face zones read as charcoal and charcoal; center mass or emblem area reads as charcoal. Keep the weapon in an extremely simple low-poly style, with very few large planes, very little micro detail, minimal surface noise, and broad flat color areas only. One isolated weapon only, transparent background, no backdrop, no frame, no environment, no character, no hand, centered in the canvas, full object visible, diagonal layout like the sample icon. Do not redesign the weapon. Do not invent a new color palette. Do not add realism, painterly brushwork, glow, extra ornaments, text, or watermark."
"Plain Tower Shield","Assets/Game/Data/Items/Weapons/Melee Weapons/Polygon Fantasy Hero Generated/Plain Tower Shield.asset","Assets/Game/Docs/WeaponPreviewExports/Previews/Plain Tower Shield.png","MediumShield","Shield","shield","Color map: outer edge and one side of the face read as charcoal and charcoal; major face zones read as charcoal and charcoal; center mass or emblem area reads as charcoal.","Create a single game inventory icon PNG of 'Plain Tower Shield'. Use the attached prefab preview as a strict reference. Recreate the exact same weapon shape and silhouette as closely as possible. Match the exact silhouette, proportions, wrapping placement, head size, handle length, guard shape, tip shape, and color placement from the prefab reference. Color map: outer edge and one side of the face read as charcoal and charcoal; major face zones read as charcoal and charcoal; center mass or emblem area reads as charcoal. Keep the weapon in an extremely simple low-poly style, with very few large planes, very little micro detail, minimal surface noise, and broad flat color areas only. One isolated weapon only, transparent background, no backdrop, no frame, no environment, no character, no hand, centered in the canvas, full object visible, diagonal layout like the sample icon. Do not redesign the weapon. Do not invent a new color palette. Do not add realism, painterly brushwork, glow, extra ornaments, text, or watermark."
"Quartered Shield","Assets/Game/Data/Items/Weapons/Melee Weapons/Polygon Fantasy Hero Generated/Quartered Shield.asset","Assets/Game/Docs/WeaponPreviewExports/Previews/Quartered Shield.png","LightShield","Shield","shield","Color map: outer edge and one side of the face read as charcoal and charcoal; major face zones read as charcoal and charcoal; center mass or emblem area reads as charcoal.","Create a single game inventory icon PNG of 'Quartered Shield'. Use the attached prefab preview as a strict reference. Recreate the exact same weapon shape and silhouette as closely as possible. Match the exact silhouette, proportions, wrapping placement, head size, handle length, guard shape, tip shape, and color placement from the prefab reference. Color map: outer edge and one side of the face read as charcoal and charcoal; major face zones read as charcoal and charcoal; center mass or emblem area reads as charcoal. Keep the weapon in an extremely simple low-poly style, with very few large planes, very little micro detail, minimal surface noise, and broad flat color areas only. One isolated weapon only, transparent background, no backdrop, no frame, no environment, no character, no hand, centered in the canvas, full object visible, diagonal layout like the sample icon. Do not redesign the weapon. Do not invent a new color palette. Do not add realism, painterly brushwork, glow, extra ornaments, text, or watermark."
"Quartered Tower Shield","Assets/Game/Data/Items/Weapons/Melee Weapons/Polygon Fantasy Hero Generated/Quartered Tower Shield.asset","Assets/Game/Docs/WeaponPreviewExports/Previews/Quartered Tower Shield.png","MediumShield","Shield","shield","Color map: outer edge and one side of the face read as charcoal and charcoal; major face zones read as charcoal and charcoal; center mass or emblem area reads as charcoal.","Create a single game inventory icon PNG of 'Quartered Tower Shield'. Use the attached prefab preview as a strict reference. Recreate the exact same weapon shape and silhouette as closely as possible. Match the exact silhouette, proportions, wrapping placement, head size, handle length, guard shape, tip shape, and color placement from the prefab reference. Color map: outer edge and one side of the face read as charcoal and charcoal; major face zones read as charcoal and charcoal; center mass or emblem area reads as charcoal. Keep the weapon in an extremely simple low-poly style, with very few large planes, very little micro detail, minimal surface noise, and broad flat color areas only. One isolated weapon only, transparent background, no backdrop, no frame, no environment, no character, no hand, centered in the canvas, full object visible, diagonal layout like the sample icon. Do not redesign the weapon. Do not invent a new color palette. Do not add realism, painterly brushwork, glow, extra ornaments, text, or watermark."
"Rapier","Assets/Game/Data/Items/Weapons/Melee Weapons/Polygon Fantasy Hero Generated/Rapier.asset","Assets/Game/Docs/WeaponPreviewExports/Previews/Rapier.png","StraightSword","Weapon","rapier","Color map: blade tip is charcoal; blade body is charcoal; guard is charcoal; grip is charcoal; pommel is charcoal.","Create a single game inventory icon PNG of 'Rapier'. Use the attached prefab preview as a strict reference. Recreate the exact same weapon shape and silhouette as closely as possible. Match the exact silhouette, proportions, wrapping placement, head size, handle length, guard shape, tip shape, and color placement from the prefab reference. Color map: blade tip is charcoal; blade body is charcoal; guard is charcoal; grip is charcoal; pommel is charcoal. Keep the weapon in an extremely simple low-poly style, with very few large planes, very little micro detail, minimal surface noise, and broad flat color areas only. One isolated weapon only, transparent background, no backdrop, no frame, no environment, no character, no hand, centered in the canvas, full object visible, diagonal layout like the sample icon. Do not redesign the weapon. Do not invent a new color palette. Do not add realism, painterly brushwork, glow, extra ornaments, text, or watermark."
"Round Buckler","Assets/Game/Data/Items/Weapons/Melee Weapons/Polygon Fantasy Hero Generated/Round Buckler.asset","Assets/Game/Docs/WeaponPreviewExports/Previews/Round Buckler.png","LightShield","Shield","shield","Color map: outer edge and one side of the face read as charcoal and charcoal; major face zones read as charcoal and charcoal; center mass or emblem area reads as charcoal.","Create a single game inventory icon PNG of 'Round Buckler'. Use the attached prefab preview as a strict reference. Recreate the exact same weapon shape and silhouette as closely as possible. Match the exact silhouette, proportions, wrapping placement, head size, handle length, guard shape, tip shape, and color placement from the prefab reference. Color map: outer edge and one side of the face read as charcoal and charcoal; major face zones read as charcoal and charcoal; center mass or emblem area reads as charcoal. Keep the weapon in an extremely simple low-poly style, with very few large planes, very little micro detail, minimal surface noise, and broad flat color areas only. One isolated weapon only, transparent background, no backdrop, no frame, no environment, no character, no hand, centered in the canvas, full object visible, diagonal layout like the sample icon. Do not redesign the weapon. Do not invent a new color palette. Do not add realism, painterly brushwork, glow, extra ornaments, text, or watermark."
"Scarred Shield 02","Assets/Game/Data/Items/Weapons/Melee Weapons/Polygon Fantasy Hero Generated/Scarred Shield 02.asset","Assets/Game/Docs/WeaponPreviewExports/Previews/Scarred Shield 02.png","MediumShield","Shield","shield","Color map: outer edge and one side of the face read as charcoal and charcoal; major face zones read as charcoal and charcoal; center mass or emblem area reads as charcoal.","Create a single game inventory icon PNG of 'Scarred Shield 02'. Use the attached prefab preview as a strict reference. Recreate the exact same weapon shape and silhouette as closely as possible. Match the exact silhouette, proportions, wrapping placement, head size, handle length, guard shape, tip shape, and color placement from the prefab reference. Color map: outer edge and one side of the face read as charcoal and charcoal; major face zones read as charcoal and charcoal; center mass or emblem area reads as charcoal. Keep the weapon in an extremely simple low-poly style, with very few large planes, very little micro detail, minimal surface noise, and broad flat color areas only. One isolated weapon only, transparent background, no backdrop, no frame, no environment, no character, no hand, centered in the canvas, full object visible, diagonal layout like the sample icon. Do not redesign the weapon. Do not invent a new color palette. Do not add realism, painterly brushwork, glow, extra ornaments, text, or watermark."
"Scarred Shield","Assets/Game/Data/Items/Weapons/Melee Weapons/Polygon Fantasy Hero Generated/Scarred Shield.asset","Assets/Game/Docs/WeaponPreviewExports/Previews/Scarred Shield.png","LightShield","Shield","shield","Color map: outer edge and one side of the face read as charcoal and charcoal; major face zones read as charcoal and charcoal; center mass or emblem area reads as charcoal.","Create a single game inventory icon PNG of 'Scarred Shield'. Use the attached prefab preview as a strict reference. Recreate the exact same weapon shape and silhouette as closely as possible. Match the exact silhouette, proportions, wrapping placement, head size, handle length, guard shape, tip shape, and color placement from the prefab reference. Color map: outer edge and one side of the face read as charcoal and charcoal; major face zones read as charcoal and charcoal; center mass or emblem area reads as charcoal. Keep the weapon in an extremely simple low-poly style, with very few large planes, very little micro detail, minimal surface noise, and broad flat color areas only. One isolated weapon only, transparent background, no backdrop, no frame, no environment, no character, no hand, centered in the canvas, full object visible, diagonal layout like the sample icon. Do not redesign the weapon. Do not invent a new color palette. Do not add realism, painterly brushwork, glow, extra ornaments, text, or watermark."
"Scarred Tower Shield","Assets/Game/Data/Items/Weapons/Melee Weapons/Polygon Fantasy Hero Generated/Scarred Tower Shield.asset","Assets/Game/Docs/WeaponPreviewExports/Previews/Scarred Tower Shield.png","MediumShield","Shield","shield","Color map: outer edge and one side of the face read as charcoal and charcoal; major face zones read as charcoal and charcoal; center mass or emblem area reads as charcoal.","Create a single game inventory icon PNG of 'Scarred Tower Shield'. Use the attached prefab preview as a strict reference. Recreate the exact same weapon shape and silhouette as closely as possible. Match the exact silhouette, proportions, wrapping placement, head size, handle length, guard shape, tip shape, and color placement from the prefab reference. Color map: outer edge and one side of the face read as charcoal and charcoal; major face zones read as charcoal and charcoal; center mass or emblem area reads as charcoal. Keep the weapon in an extremely simple low-poly style, with very few large planes, very little micro detail, minimal surface noise, and broad flat color areas only. One isolated weapon only, transparent background, no backdrop, no frame, no environment, no character, no hand, centered in the canvas, full object visible, diagonal layout like the sample icon. Do not redesign the weapon. Do not invent a new color palette. Do not add realism, painterly brushwork, glow, extra ornaments, text, or watermark."
"Sheathed Rapier","Assets/Game/Data/Items/Weapons/Melee Weapons/Polygon Fantasy Hero Generated/Sheathed Rapier.asset","Assets/Game/Docs/WeaponPreviewExports/Previews/Sheathed Rapier.png","StraightSword","Weapon","rapier","Color map: blade tip is charcoal; blade body is charcoal; guard is charcoal; grip is charcoal; pommel is charcoal.","Create a single game inventory icon PNG of 'Sheathed Rapier'. Use the attached prefab preview as a strict reference. Recreate the exact same weapon shape and silhouette as closely as possible. Match the exact silhouette, proportions, wrapping placement, head size, handle length, guard shape, tip shape, and color placement from the prefab reference. Color map: blade tip is charcoal; blade body is charcoal; guard is charcoal; grip is charcoal; pommel is charcoal. Keep the weapon in an extremely simple low-poly style, with very few large planes, very little micro detail, minimal surface noise, and broad flat color areas only. One isolated weapon only, transparent background, no backdrop, no frame, no environment, no character, no hand, centered in the canvas, full object visible, diagonal layout like the sample icon. Do not redesign the weapon. Do not invent a new color palette. Do not add realism, painterly brushwork, glow, extra ornaments, text, or watermark."
"Sheathed Short Sword","Assets/Game/Data/Items/Weapons/Melee Weapons/Polygon Fantasy Hero Generated/Sheathed Short Sword.asset","Assets/Game/Docs/WeaponPreviewExports/Previews/Sheathed Short Sword.png","StraightSword","Weapon","sword","Color map: blade and tip are charcoal; lower blade is charcoal; guard and center block are charcoal; grip and wrapping are charcoal; pommel/end cap is charcoal.","Create a single game inventory icon PNG of 'Sheathed Short Sword'. Use the attached prefab preview as a strict reference. Recreate the exact same weapon shape and silhouette as closely as possible. Match the exact silhouette, proportions, wrapping placement, head size, handle length, guard shape, tip shape, and color placement from the prefab reference. Color map: blade and tip are charcoal; lower blade is charcoal; guard and center block are charcoal; grip and wrapping are charcoal; pommel/end cap is charcoal. Keep the weapon in an extremely simple low-poly style, with very few large planes, very little micro detail, minimal surface noise, and broad flat color areas only. One isolated weapon only, transparent background, no backdrop, no frame, no environment, no character, no hand, centered in the canvas, full object visible, diagonal layout like the sample icon. Do not redesign the weapon. Do not invent a new color palette. Do not add realism, painterly brushwork, glow, extra ornaments, text, or watermark."
"Sheathed Sword","Assets/Game/Data/Items/Weapons/Melee Weapons/Polygon Fantasy Hero Generated/Sheathed Sword.asset","Assets/Game/Docs/WeaponPreviewExports/Previews/Sheathed Sword.png","StraightSword","Weapon","sword","Color map: blade and tip are charcoal; lower blade is charcoal; guard and center block are charcoal; grip and wrapping are charcoal; pommel/end cap is charcoal.","Create a single game inventory icon PNG of 'Sheathed Sword'. Use the attached prefab preview as a strict reference. Recreate the exact same weapon shape and silhouette as closely as possible. Match the exact silhouette, proportions, wrapping placement, head size, handle length, guard shape, tip shape, and color placement from the prefab reference. Color map: blade and tip are charcoal; lower blade is charcoal; guard and center block are charcoal; grip and wrapping are charcoal; pommel/end cap is charcoal. Keep the weapon in an extremely simple low-poly style, with very few large planes, very little micro detail, minimal surface noise, and broad flat color areas only. One isolated weapon only, transparent background, no backdrop, no frame, no environment, no character, no hand, centered in the canvas, full object visible, diagonal layout like the sample icon. Do not redesign the weapon. Do not invent a new color palette. Do not add realism, painterly brushwork, glow, extra ornaments, text, or watermark."
"Short Sword","Assets/Game/Data/Items/Weapons/Melee Weapons/Polygon Fantasy Hero Generated/Short Sword.asset","Assets/Game/Docs/WeaponPreviewExports/Previews/Short Sword.png","StraightSword","Weapon","sword","Color map: blade and tip are charcoal; lower blade is charcoal; guard and center block are charcoal; grip and wrapping are charcoal; pommel/end cap is charcoal.","Create a single game inventory icon PNG of 'Short Sword'. Use the attached prefab preview as a strict reference. Recreate the exact same weapon shape and silhouette as closely as possible. Match the exact silhouette, proportions, wrapping placement, head size, handle length, guard shape, tip shape, and color placement from the prefab reference. Color map: blade and tip are charcoal; lower blade is charcoal; guard and center block are charcoal; grip and wrapping are charcoal; pommel/end cap is charcoal. Keep the weapon in an extremely simple low-poly style, with very few large planes, very little micro detail, minimal surface noise, and broad flat color areas only. One isolated weapon only, transparent background, no backdrop, no frame, no environment, no character, no hand, centered in the canvas, full object visible, diagonal layout like the sample icon. Do not redesign the weapon. Do not invent a new color palette. Do not add realism, painterly brushwork, glow, extra ornaments, text, or watermark."
"Spiked Mace","Assets/Game/Data/Items/Weapons/Melee Weapons/Polygon Fantasy Hero Generated/Spiked Mace.asset","Assets/Game/Docs/WeaponPreviewExports/Previews/Spiked Mace.png","StraightSword","Weapon","polearm","Color map: head or tip mass is charcoal; socket or head base is charcoal; middle shaft is charcoal; lower shaft or wraps are charcoal; end cap or tail is charcoal.","Create a single game inventory icon PNG of 'Spiked Mace'. Use the attached prefab preview as a strict reference. Recreate the exact same weapon shape and silhouette as closely as possible. Match the exact silhouette, proportions, wrapping placement, head size, handle length, guard shape, tip shape, and color placement from the prefab reference. Color map: head or tip mass is charcoal; socket or head base is charcoal; middle shaft is charcoal; lower shaft or wraps are charcoal; end cap or tail is charcoal. Keep the weapon in an extremely simple low-poly style, with very few large planes, very little micro detail, minimal surface noise, and broad flat color areas only. One isolated weapon only, transparent background, no backdrop, no frame, no environment, no character, no hand, centered in the canvas, full object visible, diagonal layout like the sample icon. Do not redesign the weapon. Do not invent a new color palette. Do not add realism, painterly brushwork, glow, extra ornaments, text, or watermark."
"Split Shield","Assets/Game/Data/Items/Weapons/Melee Weapons/Polygon Fantasy Hero Generated/Split Shield.asset","Assets/Game/Docs/WeaponPreviewExports/Previews/Split Shield.png","LightShield","Shield","shield","Color map: outer edge and one side of the face read as charcoal and charcoal; major face zones read as charcoal and charcoal; center mass or emblem area reads as charcoal.","Create a single game inventory icon PNG of 'Split Shield'. Use the attached prefab preview as a strict reference. Recreate the exact same weapon shape and silhouette as closely as possible. Match the exact silhouette, proportions, wrapping placement, head size, handle length, guard shape, tip shape, and color placement from the prefab reference. Color map: outer edge and one side of the face read as charcoal and charcoal; major face zones read as charcoal and charcoal; center mass or emblem area reads as charcoal. Keep the weapon in an extremely simple low-poly style, with very few large planes, very little micro detail, minimal surface noise, and broad flat color areas only. One isolated weapon only, transparent background, no backdrop, no frame, no environment, no character, no hand, centered in the canvas, full object visible, diagonal layout like the sample icon. Do not redesign the weapon. Do not invent a new color palette. Do not add realism, painterly brushwork, glow, extra ornaments, text, or watermark."
"Split Tower Shield","Assets/Game/Data/Items/Weapons/Melee Weapons/Polygon Fantasy Hero Generated/Split Tower Shield.asset","Assets/Game/Docs/WeaponPreviewExports/Previews/Split Tower Shield.png","MediumShield","Shield","shield","Color map: outer edge and one side of the face read as charcoal and charcoal; major face zones read as charcoal and charcoal; center mass or emblem area reads as charcoal.","Create a single game inventory icon PNG of 'Split Tower Shield'. Use the attached prefab preview as a strict reference. Recreate the exact same weapon shape and silhouette as closely as possible. Match the exact silhouette, proportions, wrapping placement, head size, handle length, guard shape, tip shape, and color placement from the prefab reference. Color map: outer edge and one side of the face read as charcoal and charcoal; major face zones read as charcoal and charcoal; center mass or emblem area reads as charcoal. Keep the weapon in an extremely simple low-poly style, with very few large planes, very little micro detail, minimal surface noise, and broad flat color areas only. One isolated weapon only, transparent background, no backdrop, no frame, no environment, no character, no hand, centered in the canvas, full object visible, diagonal layout like the sample icon. Do not redesign the weapon. Do not invent a new color palette. Do not add realism, painterly brushwork, glow, extra ornaments, text, or watermark."
"Sword","Assets/Game/Data/Items/Weapons/Melee Weapons/Polygon Fantasy Hero Generated/Sword.asset","Assets/Game/Docs/WeaponPreviewExports/Previews/Sword.png","StraightSword","Weapon","sword","Color map: blade and tip are brown-gray; lower blade is brown-gray; guard and center block are brown-gray; grip and wrapping are charcoal; pommel/end cap is charcoal.","Create a single game inventory icon PNG of 'Sword'. Use the attached prefab preview as a strict reference. Recreate the exact same weapon shape and silhouette as closely as possible. Match the exact silhouette, proportions, wrapping placement, head size, handle length, guard shape, tip shape, and color placement from the prefab reference. Color map: blade and tip are brown-gray; lower blade is brown-gray; guard and center block are brown-gray; grip and wrapping are charcoal; pommel/end cap is charcoal. Keep the weapon in an extremely simple low-poly style, with very few large planes, very little micro detail, minimal surface noise, and broad flat color areas only. One isolated weapon only, transparent background, no backdrop, no frame, no environment, no character, no hand, centered in the canvas, full object visible, diagonal layout like the sample icon. Do not redesign the weapon. Do not invent a new color palette. Do not add realism, painterly brushwork, glow, extra ornaments, text, or watermark."
"Templar Shield","Assets/Game/Data/Items/Weapons/Melee Weapons/Polygon Fantasy Hero Generated/Templar Shield.asset","Assets/Game/Docs/WeaponPreviewExports/Previews/Templar Shield.png","MediumShield","Shield","shield","Color map: outer edge and one side of the face read as charcoal and charcoal; major face zones read as charcoal and charcoal; center mass or emblem area reads as charcoal.","Create a single game inventory icon PNG of 'Templar Shield'. Use the attached prefab preview as a strict reference. Recreate the exact same weapon shape and silhouette as closely as possible. Match the exact silhouette, proportions, wrapping placement, head size, handle length, guard shape, tip shape, and color placement from the prefab reference. Color map: outer edge and one side of the face read as charcoal and charcoal; major face zones read as charcoal and charcoal; center mass or emblem area reads as charcoal. Keep the weapon in an extremely simple low-poly style, with very few large planes, very little micro detail, minimal surface noise, and broad flat color areas only. One isolated weapon only, transparent background, no backdrop, no frame, no environment, no character, no hand, centered in the canvas, full object visible, diagonal layout like the sample icon. Do not redesign the weapon. Do not invent a new color palette. Do not add realism, painterly brushwork, glow, extra ornaments, text, or watermark."
"Templar Tower Shield","Assets/Game/Data/Items/Weapons/Melee Weapons/Polygon Fantasy Hero Generated/Templar Tower Shield.asset","Assets/Game/Docs/WeaponPreviewExports/Previews/Templar Tower Shield.png","MediumShield","Shield","shield","Color map: outer edge and one side of the face read as charcoal and charcoal; major face zones read as charcoal and charcoal; center mass or emblem area reads as charcoal.","Create a single game inventory icon PNG of 'Templar Tower Shield'. Use the attached prefab preview as a strict reference. Recreate the exact same weapon shape and silhouette as closely as possible. Match the exact silhouette, proportions, wrapping placement, head size, handle length, guard shape, tip shape, and color placement from the prefab reference. Color map: outer edge and one side of the face read as charcoal and charcoal; major face zones read as charcoal and charcoal; center mass or emblem area reads as charcoal. Keep the weapon in an extremely simple low-poly style, with very few large planes, very little micro detail, minimal surface noise, and broad flat color areas only. One isolated weapon only, transparent background, no backdrop, no frame, no environment, no character, no hand, centered in the canvas, full object visible, diagonal layout like the sample icon. Do not redesign the weapon. Do not invent a new color palette. Do not add realism, painterly brushwork, glow, extra ornaments, text, or watermark."
"Throwing Knife","Assets/Game/Data/Items/Weapons/Melee Weapons/Polygon Fantasy Hero Generated/Throwing Knife.asset","Assets/Game/Docs/WeaponPreviewExports/Previews/Throwing Knife.png","StraightSword","Weapon","dagger","Color map: blade tip is charcoal; blade body is charcoal; guard is charcoal; grip is charcoal; pommel is charcoal.","Create a single game inventory icon PNG of 'Throwing Knife'. Use the attached prefab preview as a strict reference. Recreate the exact same weapon shape and silhouette as closely as possible. Match the exact silhouette, proportions, wrapping placement, head size, handle length, guard shape, tip shape, and color placement from the prefab reference. Color map: blade tip is charcoal; blade body is charcoal; guard is charcoal; grip is charcoal; pommel is charcoal. Keep the weapon in an extremely simple low-poly style, with very few large planes, very little micro detail, minimal surface noise, and broad flat color areas only. One isolated weapon only, transparent background, no backdrop, no frame, no environment, no character, no hand, centered in the canvas, full object visible, diagonal layout like the sample icon. Do not redesign the weapon. Do not invent a new color palette. Do not add realism, painterly brushwork, glow, extra ornaments, text, or watermark."
"War Staff","Assets/Game/Data/Items/Weapons/Melee Weapons/Polygon Fantasy Hero Generated/War Staff.asset","Assets/Game/Docs/WeaponPreviewExports/Previews/War Staff.png","Spear","Weapon","focus","Color map: major body zones read as charcoal, charcoal, and charcoal; end accents read as charcoal and charcoal.","Create a single game inventory icon PNG of 'War Staff'. Use the attached prefab preview as a strict reference. Recreate the exact same weapon shape and silhouette as closely as possible. Match the exact silhouette, proportions, wrapping placement, head size, handle length, guard shape, tip shape, and color placement from the prefab reference. Color map: major body zones read as charcoal, charcoal, and charcoal; end accents read as charcoal and charcoal. Keep the weapon in an extremely simple low-poly style, with very few large planes, very little micro detail, minimal surface noise, and broad flat color areas only. One isolated weapon only, transparent background, no backdrop, no frame, no environment, no character, no hand, centered in the canvas, full object visible, diagonal layout like the sample icon. Do not redesign the weapon. Do not invent a new color palette. Do not add realism, painterly brushwork, glow, extra ornaments, text, or watermark."
"Weathered Shield","Assets/Game/Data/Items/Weapons/Melee Weapons/Polygon Fantasy Hero Generated/Weathered Shield.asset","Assets/Game/Docs/WeaponPreviewExports/Previews/Weathered Shield.png","MediumShield","Shield","shield","Color map: outer edge and one side of the face read as charcoal and charcoal; major face zones read as charcoal and charcoal; center mass or emblem area reads as charcoal.","Create a single game inventory icon PNG of 'Weathered Shield'. Use the attached prefab preview as a strict reference. Recreate the exact same weapon shape and silhouette as closely as possible. Match the exact silhouette, proportions, wrapping placement, head size, handle length, guard shape, tip shape, and color placement from the prefab reference. Color map: outer edge and one side of the face read as charcoal and charcoal; major face zones read as charcoal and charcoal; center mass or emblem area reads as charcoal. Keep the weapon in an extremely simple low-poly style, with very few large planes, very little micro detail, minimal surface noise, and broad flat color areas only. One isolated weapon only, transparent background, no backdrop, no frame, no environment, no character, no hand, centered in the canvas, full object visible, diagonal layout like the sample icon. Do not redesign the weapon. Do not invent a new color palette. Do not add realism, painterly brushwork, glow, extra ornaments, text, or watermark."
"Weathered Tower Shield 02","Assets/Game/Data/Items/Weapons/Melee Weapons/Polygon Fantasy Hero Generated/Weathered Tower Shield 02.asset","Assets/Game/Docs/WeaponPreviewExports/Previews/Weathered Tower Shield 02.png","MediumShield","Shield","shield","Color map: outer edge and one side of the face read as charcoal and charcoal; major face zones read as charcoal and charcoal; center mass or emblem area reads as charcoal.","Create a single game inventory icon PNG of 'Weathered Tower Shield 02'. Use the attached prefab preview as a strict reference. Recreate the exact same weapon shape and silhouette as closely as possible. Match the exact silhouette, proportions, wrapping placement, head size, handle length, guard shape, tip shape, and color placement from the prefab reference. Color map: outer edge and one side of the face read as charcoal and charcoal; major face zones read as charcoal and charcoal; center mass or emblem area reads as charcoal. Keep the weapon in an extremely simple low-poly style, with very few large planes, very little micro detail, minimal surface noise, and broad flat color areas only. One isolated weapon only, transparent background, no backdrop, no frame, no environment, no character, no hand, centered in the canvas, full object visible, diagonal layout like the sample icon. Do not redesign the weapon. Do not invent a new color palette. Do not add realism, painterly brushwork, glow, extra ornaments, text, or watermark."
"Weathered Tower Shield","Assets/Game/Data/Items/Weapons/Melee Weapons/Polygon Fantasy Hero Generated/Weathered Tower Shield.asset","Assets/Game/Docs/WeaponPreviewExports/Previews/Weathered Tower Shield.png","MediumShield","Shield","shield","Color map: outer edge and one side of the face read as charcoal and charcoal; major face zones read as charcoal and charcoal; center mass or emblem area reads as charcoal.","Create a single game inventory icon PNG of 'Weathered Tower Shield'. Use the attached prefab preview as a strict reference. Recreate the exact same weapon shape and silhouette as closely as possible. Match the exact silhouette, proportions, wrapping placement, head size, handle length, guard shape, tip shape, and color placement from the prefab reference. Color map: outer edge and one side of the face read as charcoal and charcoal; major face zones read as charcoal and charcoal; center mass or emblem area reads as charcoal. Keep the weapon in an extremely simple low-poly style, with very few large planes, very little micro detail, minimal surface noise, and broad flat color areas only. One isolated weapon only, transparent background, no backdrop, no frame, no environment, no character, no hand, centered in the canvas, full object visible, diagonal layout like the sample icon. Do not redesign the weapon. Do not invent a new color palette. Do not add realism, painterly brushwork, glow, extra ornaments, text, or watermark."
"Reaper Scythe","Assets/Game/Data/Items/Weapons/Melee Weapons/Reaper Scythe.asset","Assets/Game/Docs/WeaponPreviewExports/Previews/Reaper Scythe.png","Spear","Weapon","scythe","Color map: large blade mass is muted blue; blade base or socket is brown-gray; shaft core is brown-gray; lower shaft or wraps are brown-gray; end cap is charcoal.","Create a single game inventory icon PNG of 'Reaper Scythe'. Use the attached prefab preview as a strict reference. Recreate the exact same weapon shape and silhouette as closely as possible. Match the exact silhouette, proportions, wrapping placement, head size, handle length, guard shape, tip shape, and color placement from the prefab reference. Color map: large blade mass is muted blue; blade base or socket is brown-gray; shaft core is brown-gray; lower shaft or wraps are brown-gray; end cap is charcoal. Keep the weapon in an extremely simple low-poly style, with very few large planes, very little micro detail, minimal surface noise, and broad flat color areas only. One isolated weapon only, transparent background, no backdrop, no frame, no environment, no character, no hand, centered in the canvas, full object visible, diagonal layout like the sample icon. Do not redesign the weapon. Do not invent a new color palette. Do not add realism, painterly brushwork, glow, extra ornaments, text, or watermark."
"Short Sword","Assets/Game/Data/Items/Weapons/Melee Weapons/Short Sword.asset","Assets/Game/Docs/WeaponPreviewExports/Previews/Short Sword.png","LightShield","Shield","shield","Color map: outer edge and one side of the face read as charcoal and charcoal; major face zones read as charcoal and charcoal; center mass or emblem area reads as charcoal.","Create a single game inventory icon PNG of 'Short Sword'. Use the attached prefab preview as a strict reference. Recreate the exact same weapon shape and silhouette as closely as possible. Match the exact silhouette, proportions, wrapping placement, head size, handle length, guard shape, tip shape, and color placement from the prefab reference. Color map: outer edge and one side of the face read as charcoal and charcoal; major face zones read as charcoal and charcoal; center mass or emblem area reads as charcoal. Keep the weapon in an extremely simple low-poly style, with very few large planes, very little micro detail, minimal surface noise, and broad flat color areas only. One isolated weapon only, transparent background, no backdrop, no frame, no environment, no character, no hand, centered in the canvas, full object visible, diagonal layout like the sample icon. Do not redesign the weapon. Do not invent a new color palette. Do not add realism, painterly brushwork, glow, extra ornaments, text, or watermark."
"Straight Sword","Assets/Game/Data/Items/Weapons/Melee Weapons/Straight Sword.asset","Assets/Game/Docs/WeaponPreviewExports/Previews/Straight Sword.png","StraightSword","Weapon","sword","Color map: blade and tip are charcoal; lower blade is charcoal; guard and center block are charcoal; grip and wrapping are charcoal; pommel/end cap is charcoal.","Create a single game inventory icon PNG of 'Straight Sword'. Use the attached prefab preview as a strict reference. Recreate the exact same weapon shape and silhouette as closely as possible. Match the exact silhouette, proportions, wrapping placement, head size, handle length, guard shape, tip shape, and color placement from the prefab reference. Color map: blade and tip are charcoal; lower blade is charcoal; guard and center block are charcoal; grip and wrapping are charcoal; pommel/end cap is charcoal. Keep the weapon in an extremely simple low-poly style, with very few large planes, very little micro detail, minimal surface noise, and broad flat color areas only. One isolated weapon only, transparent background, no backdrop, no frame, no environment, no character, no hand, centered in the canvas, full object visible, diagonal layout like the sample icon. Do not redesign the weapon. Do not invent a new color palette. Do not add realism, painterly brushwork, glow, extra ornaments, text, or watermark."
"Unarmed","Assets/Game/Data/Items/Weapons/Melee Weapons/Unarmed.asset","Assets/Game/Docs/WeaponPreviewExports/Previews/Unarmed.png","Fist","Weapon","weapon","Match the exact color blocking visible in the reference preview.","Create a single game inventory icon PNG of 'Unarmed'. Use the attached prefab preview as a strict reference. Recreate the exact same weapon shape and silhouette as closely as possible. Match the exact silhouette, proportions, wrapping placement, head size, handle length, guard shape, tip shape, and color placement from the prefab reference. Match the exact color blocking visible in the reference preview. Keep the weapon in an extremely simple low-poly style, with very few large planes, very little micro detail, minimal surface noise, and broad flat color areas only. One isolated weapon only, transparent background, no backdrop, no frame, no environment, no character, no hand, centered in the canvas, full object visible, diagonal layout like the sample icon. Do not redesign the weapon. Do not invent a new color palette. Do not add realism, painterly brushwork, glow, extra ornaments, text, or watermark."
"Hunting Bow","Assets/Game/Data/Items/Weapons/Ranged Weapons/Hunting Bow.asset","Assets/Game/Docs/WeaponPreviewExports/Previews/Hunting Bow.png","Bow","Weapon","bow","Color map: one limb end reads as charcoal; upper limb is charcoal; grip area is charcoal; lower limb is charcoal; opposite limb end reads as charcoal.","Create a single game inventory icon PNG of 'Hunting Bow'. Use the attached prefab preview as a strict reference. Recreate the exact same weapon shape and silhouette as closely as possible. Match the exact silhouette, proportions, wrapping placement, head size, handle length, guard shape, tip shape, and color placement from the prefab reference. Color map: one limb end reads as charcoal; upper limb is charcoal; grip area is charcoal; lower limb is charcoal; opposite limb end reads as charcoal. Keep the weapon in an extremely simple low-poly style, with very few large planes, very little micro detail, minimal surface noise, and broad flat color areas only. One isolated weapon only, transparent background, no backdrop, no frame, no environment, no character, no hand, centered in the canvas, full object visible, diagonal layout like the sample icon. Do not redesign the weapon. Do not invent a new color palette. Do not add realism, painterly brushwork, glow, extra ornaments, text, or watermark."
