name,assetPath,previewPath,weaponClass,weaponModelType,promptCategory,prompt
"Mystic Talisman","Assets/Game/Data/Items/Weapons/Caster Weapons/Mystic Talisman.asset","Assets/Game/Docs/WeaponPreviewExports/Previews/Mystic Talisman.png","Fist","Weapon","focus","Create a single game inventory icon PNG of 'Mystic Talisman'. Use the attached prefab preview as a strict reference. Recreate the exact same weapon shape and silhouette as closely as possible. Match the exact compact silhouette, outer contour, and major mass placement from the prefab reference. Keep the weapon in an extremely simple low-poly style, with very few large planes, very little micro detail, and minimal surface noise. Use simplified low-poly magical object materials with broad flat color areas and minimal texture detail. Composition: one isolated weapon only, transparent background, no backdrop, no frame, no environment, no character, no hand, centered in the canvas, full object visible, diagonal layout like the sample icon. Important: preserve the reference proportions exactly. Preserve the same number of major shape masses. Preserve the same wrapping placement, spike placement, head size, handle length, guard shape, and tip shape visible in the prefab preview. Do not redesign the object. Do not add gems, chains, particles, glow effects, floating pieces, or ornate detail unless already visible in the reference. No realism, no painterly brushwork, no ornate reinterpretation, no extra decorative detail, no glow, no text, no watermark."
"Broadsword","Assets/Game/Data/Items/Weapons/Melee Weapons/Broadsword.asset","Assets/Game/Docs/WeaponPreviewExports/Previews/Broadsword.png","StraightSword","Weapon","sword","Create a single game inventory icon PNG of 'Broadsword'. Use the attached prefab preview as a strict reference. Recreate the exact same weapon shape and silhouette as closely as possible. Match the exact blade length, blade width, guard silhouette, grip length, and pommel silhouette from the prefab reference. Keep the weapon in an extremely simple low-poly style, with very few large planes, very little micro detail, and minimal surface noise. Use simplified low-poly metal, wood, or leather with broad flat color areas and minimal texture detail. Composition: one isolated weapon only, transparent background, no backdrop, no frame, no environment, no character, no hand, centered in the canvas, full object visible, diagonal layout like the sample icon. Important: preserve the reference proportions exactly. Preserve the same number of major shape masses. Preserve the same wrapping placement, spike placement, head size, handle length, guard shape, and tip shape visible in the prefab preview. Do not redesign the sword. Do not change proportions, do not add extra ornaments, and do not add painterly texture. No realism, no painterly brushwork, no ornate reinterpretation, no extra decorative detail, no glow, no text, no watermark."
"Knight Shield","Assets/Game/Data/Items/Weapons/Melee Weapons/Knight Shield.asset","Assets/Game/Docs/WeaponPreviewExports/Previews/Knight Shield.png","MediumShield","Shield","shield","Create a single game inventory icon PNG of 'Knight Shield'. Use the attached prefab preview as a strict reference. Recreate the exact same weapon shape and silhouette as closely as possible. Match the exact shield outline, face shape, width, rim thickness, and strap-side mass distribution from the prefab reference. Keep the weapon in an extremely simple low-poly style, with very few large planes, very little micro detail, and minimal surface noise. Use simplified low-poly metal and leather with broad flat color areas and minimal texture detail. Composition: one isolated weapon only, transparent background, no backdrop, no frame, no environment, no character, no hand, centered in the canvas, full object visible, diagonal layout like the sample icon. Important: preserve the reference proportions exactly. Preserve the same number of major shape masses. Preserve the same wrapping placement, spike placement, head size, handle length, guard shape, and tip shape visible in the prefab preview. Do not redesign the shield. Do not add filigree, extra crests, extra spikes, extra dents, cloth, or painterly texture. Do not round the silhouette. No realism, no painterly brushwork, no ornate reinterpretation, no extra decorative detail, no glow, no text, no watermark."
"Axe","Assets/Game/Data/Items/Weapons/Melee Weapons/Polygon Dungeon Generated/Axe.asset","Assets/Game/Docs/WeaponPreviewExports/Previews/Axe.png","StraightSword","Weapon","axe","Create a single game inventory icon PNG of 'Axe'. Use the attached prefab preview as a strict reference. Recreate the exact same weapon shape and silhouette as closely as possible. Match the exact handle length, blade size, blade angle, and head silhouette from the prefab reference. Keep the weapon in an extremely simple low-poly style, with very few large planes, very little micro detail, and minimal surface noise. Use simplified low-poly metal, wood, or leather with broad flat color areas and minimal texture detail. Composition: one isolated weapon only, transparent background, no backdrop, no frame, no environment, no character, no hand, centered in the canvas, full object visible, diagonal layout like the sample icon. Important: preserve the reference proportions exactly. Preserve the same number of major shape masses. Preserve the same wrapping placement, spike placement, head size, handle length, guard shape, and tip shape visible in the prefab preview. Do not redesign the axe. Do not widen the blade, do not curve the handle, do not add extra spikes, engravings, or painterly texture. No realism, no painterly brushwork, no ornate reinterpretation, no extra decorative detail, no glow, no text, no watermark."
"Bladed Mace","Assets/Game/Data/Items/Weapons/Melee Weapons/Polygon Dungeon Generated/Bladed Mace.asset","Assets/Game/Docs/WeaponPreviewExports/Previews/Bladed Mace.png","StraightSword","Weapon","blunt","Create a single game inventory icon PNG of 'Bladed Mace'. Use the attached prefab preview as a strict reference. Recreate the exact same weapon shape and silhouette as closely as possible. Match the exact handle length, handle thickness, head size, head silhouette, and all major spikes or stone masses from the prefab reference. Keep the weapon in an extremely simple low-poly style, with very few large planes, very little micro detail, and minimal surface noise. Use simplified low-poly metal, wood, or leather with broad flat color areas and minimal texture detail. Composition: one isolated weapon only, transparent background, no backdrop, no frame, no environment, no character, no hand, centered in the canvas, full object visible, diagonal layout like the sample icon. Important: preserve the reference proportions exactly. Preserve the same number of major shape masses. Preserve the same wrapping placement, spike placement, head size, handle length, guard shape, and tip shape visible in the prefab preview. Do not redesign the weapon. Do not enlarge the head, do not add more spikes, stones, wraps, pendants, cracks, or painterly details than shown in the prefab reference. No realism, no painterly brushwork, no ornate reinterpretation, no extra decorative detail, no glow, no text, no watermark."
"Bone Club 01","Assets/Game/Data/Items/Weapons/Melee Weapons/Polygon Dungeon Generated/Bone Club 01.asset","Assets/Game/Docs/WeaponPreviewExports/Previews/Bone Club 01.png","Spear","Weapon","polearm","Create a single game inventory icon PNG of 'Bone Club 01'. Use the attached prefab preview as a strict reference. Recreate the exact same weapon shape and silhouette as closely as possible. Match the exact shaft length, shaft thickness, head size, head placement, and tip silhouette from the prefab reference. Keep the weapon in an extremely simple low-poly style, with very few large planes, very little micro detail, and minimal surface noise. Use very simple low-poly bone forms, flat planes, minimal shading, and primitive wrappings. Composition: one isolated weapon only, transparent background, no backdrop, no frame, no environment, no character, no hand, centered in the canvas, full object visible, diagonal layout like the sample icon. Important: preserve the reference proportions exactly. Preserve the same number of major shape masses. Preserve the same wrapping placement, spike placement, head size, handle length, guard shape, and tip shape visible in the prefab preview. Do not redesign the polearm. Do not change shaft length, do not enlarge the head, do not add banners, hooks, tassels, or ornaments unless already visible in the reference. No realism, no painterly brushwork, no ornate reinterpretation, no extra decorative detail, no glow, no text, no watermark."
"Bone Club 02","Assets/Game/Data/Items/Weapons/Melee Weapons/Polygon Dungeon Generated/Bone Club 02.asset","Assets/Game/Docs/WeaponPreviewExports/Previews/Bone Club 02.png","Spear","Weapon","polearm","Create a single game inventory icon PNG of 'Bone Club 02'. Use the attached prefab preview as a strict reference. Recreate the exact same weapon shape and silhouette as closely as possible. Match the exact shaft length, shaft thickness, head size, head placement, and tip silhouette from the prefab reference. Keep the weapon in an extremely simple low-poly style, with very few large planes, very little micro detail, and minimal surface noise. Use very simple low-poly bone forms, flat planes, minimal shading, and primitive wrappings. Composition: one isolated weapon only, transparent background, no backdrop, no frame, no environment, no character, no hand, centered in the canvas, full object visible, diagonal layout like the sample icon. Important: preserve the reference proportions exactly. Preserve the same number of major shape masses. Preserve the same wrapping placement, spike placement, head size, handle length, guard shape, and tip shape visible in the prefab preview. Do not redesign the polearm. Do not change shaft length, do not enlarge the head, do not add banners, hooks, tassels, or ornaments unless already visible in the reference. No realism, no painterly brushwork, no ornate reinterpretation, no extra decorative detail, no glow, no text, no watermark."
"Bone Goblin Axe","Assets/Game/Data/Items/Weapons/Melee Weapons/Polygon Dungeon Generated/Bone Goblin Axe.asset","Assets/Game/Docs/WeaponPreviewExports/Previews/Bone Goblin Axe.png","StraightSword","Weapon","axe","Create a single game inventory icon PNG of 'Bone Goblin Axe'. Use the attached prefab preview as a strict reference. Recreate the exact same weapon shape and silhouette as closely as possible. Match the exact handle length, blade size, blade angle, and head silhouette from the prefab reference. Keep the weapon in an extremely simple low-poly style, with very few large planes, very little micro detail, and minimal surface noise. Use very simple low-poly bone forms, flat planes, minimal shading, and primitive wrappings. Use crude low-poly scavenged shapes with uneven but simple large forms. Composition: one isolated weapon only, transparent background, no backdrop, no frame, no environment, no character, no hand, centered in the canvas, full object visible, diagonal layout like the sample icon. Important: preserve the reference proportions exactly. Preserve the same number of major shape masses. Preserve the same wrapping placement, spike placement, head size, handle length, guard shape, and tip shape visible in the prefab preview. Do not redesign the axe. Do not widen the blade, do not curve the handle, do not add extra spikes, engravings, or painterly texture. No realism, no painterly brushwork, no ornate reinterpretation, no extra decorative detail, no glow, no text, no watermark."
"Bone Goblin Shiv","Assets/Game/Data/Items/Weapons/Melee Weapons/Polygon Dungeon Generated/Bone Goblin Shiv.asset","Assets/Game/Docs/WeaponPreviewExports/Previews/Bone Goblin Shiv.png","StraightSword","Weapon","dagger","Create a single game inventory icon PNG of 'Bone Goblin Shiv'. Use the attached prefab preview as a strict reference. Recreate the exact same weapon shape and silhouette as closely as possible. Match the exact blade length, blade width, guard size, grip length, and pommel silhouette from the prefab reference. Keep the weapon in an extremely simple low-poly style, with very few large planes, very little micro detail, and minimal surface noise. Use very simple low-poly bone forms, flat planes, minimal shading, and primitive wrappings. Use crude low-poly scavenged shapes with uneven but simple large forms. Composition: one isolated weapon only, transparent background, no backdrop, no frame, no environment, no character, no hand, centered in the canvas, full object visible, diagonal layout like the sample icon. Important: preserve the reference proportions exactly. Preserve the same number of major shape masses. Preserve the same wrapping placement, spike placement, head size, handle length, guard shape, and tip shape visible in the prefab preview. Do not redesign the dagger. Do not add extra guard detail, extra serration, gem inlays, or painterly texture. No realism, no painterly brushwork, no ornate reinterpretation, no extra decorative detail, no glow, no text, no watermark."
"Bone Shield","Assets/Game/Data/Items/Weapons/Melee Weapons/Polygon Dungeon Generated/Bone Shield.asset","Assets/Game/Docs/WeaponPreviewExports/Previews/Bone Shield.png","LightShield","Shield","shield","Create a single game inventory icon PNG of 'Bone Shield'. Use the attached prefab preview as a strict reference. Recreate the exact same weapon shape and silhouette as closely as possible. Match the exact shield outline, face shape, width, rim thickness, and strap-side mass distribution from the prefab reference. Keep the weapon in an extremely simple low-poly style, with very few large planes, very little micro detail, and minimal surface noise. Use very simple low-poly bone forms, flat planes, minimal shading, and primitive wrappings. Composition: one isolated weapon only, transparent background, no backdrop, no frame, no environment, no character, no hand, centered in the canvas, full object visible, diagonal layout like the sample icon. Important: preserve the reference proportions exactly. Preserve the same number of major shape masses. Preserve the same wrapping placement, spike placement, head size, handle length, guard shape, and tip shape visible in the prefab preview. Do not redesign the shield. Do not add filigree, extra crests, extra spikes, extra dents, cloth, or painterly texture. Do not round the silhouette. No realism, no painterly brushwork, no ornate reinterpretation, no extra decorative detail, no glow, no text, no watermark."
"Broken Sword","Assets/Game/Data/Items/Weapons/Melee Weapons/Polygon Dungeon Generated/Broken Sword.asset","Assets/Game/Docs/WeaponPreviewExports/Previews/Broken Sword.png","StraightSword","Weapon","sword","Create a single game inventory icon PNG of 'Broken Sword'. Use the attached prefab preview as a strict reference. Recreate the exact same weapon shape and silhouette as closely as possible. Match the exact blade length, blade width, guard silhouette, grip length, and pommel silhouette from the prefab reference. Keep the weapon in an extremely simple low-poly style, with very few large planes, very little micro detail, and minimal surface noise. Wear should be minimal and shape-driven, not texture-heavy. Composition: one isolated weapon only, transparent background, no backdrop, no frame, no environment, no character, no hand, centered in the canvas, full object visible, diagonal layout like the sample icon. Important: preserve the reference proportions exactly. Preserve the same number of major shape masses. Preserve the same wrapping placement, spike placement, head size, handle length, guard shape, and tip shape visible in the prefab preview. Do not redesign the sword. Do not change proportions, do not add extra ornaments, and do not add painterly texture. No realism, no painterly brushwork, no ornate reinterpretation, no extra decorative detail, no glow, no text, no watermark."
"Chitin Shield","Assets/Game/Data/Items/Weapons/Melee Weapons/Polygon Dungeon Generated/Chitin Shield.asset","Assets/Game/Docs/WeaponPreviewExports/Previews/Chitin Shield.png","LightShield","Shield","shield","Create a single game inventory icon PNG of 'Chitin Shield'. Use the attached prefab preview as a strict reference. Recreate the exact same weapon shape and silhouette as closely as possible. Match the exact shield outline, face shape, width, rim thickness, and strap-side mass distribution from the prefab reference. Keep the weapon in an extremely simple low-poly style, with very few large planes, very little micro detail, and minimal surface noise. Use simplified low-poly metal and leather with broad flat color areas and minimal texture detail. Composition: one isolated weapon only, transparent background, no backdrop, no frame, no environment, no character, no hand, centered in the canvas, full object visible, diagonal layout like the sample icon. Important: preserve the reference proportions exactly. Preserve the same number of major shape masses. Preserve the same wrapping placement, spike placement, head size, handle length, guard shape, and tip shape visible in the prefab preview. Do not redesign the shield. Do not add filigree, extra crests, extra spikes, extra dents, cloth, or painterly texture. Do not round the silhouette. No realism, no painterly brushwork, no ornate reinterpretation, no extra decorative detail, no glow, no text, no watermark."
"Crystal Axe","Assets/Game/Data/Items/Weapons/Melee Weapons/Polygon Dungeon Generated/Crystal Axe.asset","Assets/Game/Docs/WeaponPreviewExports/Previews/Crystal Axe.png","StraightSword","Weapon","axe","Create a single game inventory icon PNG of 'Crystal Axe'. Use the attached prefab preview as a strict reference. Recreate the exact same weapon shape and silhouette as closely as possible. Match the exact handle length, blade size, blade angle, and head silhouette from the prefab reference. Keep the weapon in an extremely simple low-poly style, with very few large planes, very little micro detail, and minimal surface noise. Use angular low-poly crystal planes with minimal internal detail. Composition: one isolated weapon only, transparent background, no backdrop, no frame, no environment, no character, no hand, centered in the canvas, full object visible, diagonal layout like the sample icon. Important: preserve the reference proportions exactly. Preserve the same number of major shape masses. Preserve the same wrapping placement, spike placement, head size, handle length, guard shape, and tip shape visible in the prefab preview. Do not redesign the axe. Do not widen the blade, do not curve the handle, do not add extra spikes, engravings, or painterly texture. No realism, no painterly brushwork, no ornate reinterpretation, no extra decorative detail, no glow, no text, no watermark."
"Crystal Great Axe","Assets/Game/Data/Items/Weapons/Melee Weapons/Polygon Dungeon Generated/Crystal Great Axe.asset","Assets/Game/Docs/WeaponPreviewExports/Previews/Crystal Great Axe.png","StraightSword","Weapon","axe","Create a single game inventory icon PNG of 'Crystal Great Axe'. Use the attached prefab preview as a strict reference. Recreate the exact same weapon shape and silhouette as closely as possible. Match the exact handle length, blade size, blade angle, and head silhouette from the prefab reference. Keep the weapon in an extremely simple low-poly style, with very few large planes, very little micro detail, and minimal surface noise. Use angular low-poly crystal planes with minimal internal detail. Composition: one isolated weapon only, transparent background, no backdrop, no frame, no environment, no character, no hand, centered in the canvas, full object visible, diagonal layout like the sample icon. Important: preserve the reference proportions exactly. Preserve the same number of major shape masses. Preserve the same wrapping placement, spike placement, head size, handle length, guard shape, and tip shape visible in the prefab preview. Do not redesign the axe. Do not widen the blade, do not curve the handle, do not add extra spikes, engravings, or painterly texture. No realism, no painterly brushwork, no ornate reinterpretation, no extra decorative detail, no glow, no text, no watermark."
"Crystal Halberd","Assets/Game/Data/Items/Weapons/Melee Weapons/Polygon Dungeon Generated/Crystal Halberd.asset","Assets/Game/Docs/WeaponPreviewExports/Previews/Crystal Halberd.png","Spear","Weapon","polearm","Create a single game inventory icon PNG of 'Crystal Halberd'. Use the attached prefab preview as a strict reference. Recreate the exact same weapon shape and silhouette as closely as possible. Match the exact shaft length, shaft thickness, head size, head placement, and tip silhouette from the prefab reference. Keep the weapon in an extremely simple low-poly style, with very few large planes, very little micro detail, and minimal surface noise. Use angular low-poly crystal planes with minimal internal detail. Composition: one isolated weapon only, transparent background, no backdrop, no frame, no environment, no character, no hand, centered in the canvas, full object visible, diagonal layout like the sample icon. Important: preserve the reference proportions exactly. Preserve the same number of major shape masses. Preserve the same wrapping placement, spike placement, head size, handle length, guard shape, and tip shape visible in the prefab preview. Do not redesign the polearm. Do not change shaft length, do not enlarge the head, do not add banners, hooks, tassels, or ornaments unless already visible in the reference. No realism, no painterly brushwork, no ornate reinterpretation, no extra decorative detail, no glow, no text, no watermark."
"Crystal Ornate Sword","Assets/Game/Data/Items/Weapons/Melee Weapons/Polygon Dungeon Generated/Crystal Ornate Sword.asset","Assets/Game/Docs/WeaponPreviewExports/Previews/Crystal Ornate Sword.png","StraightSword","Weapon","sword","Create a single game inventory icon PNG of 'Crystal Ornate Sword'. Use the attached prefab preview as a strict reference. Recreate the exact same weapon shape and silhouette as closely as possible. Match the exact blade length, blade width, guard silhouette, grip length, and pommel silhouette from the prefab reference. Keep the weapon in an extremely simple low-poly style, with very few large planes, very little micro detail, and minimal surface noise. Use angular low-poly crystal planes with minimal internal detail. Keep heraldic ornament broad and simplified, never intricate. Composition: one isolated weapon only, transparent background, no backdrop, no frame, no environment, no character, no hand, centered in the canvas, full object visible, diagonal layout like the sample icon. Important: preserve the reference proportions exactly. Preserve the same number of major shape masses. Preserve the same wrapping placement, spike placement, head size, handle length, guard shape, and tip shape visible in the prefab preview. Do not redesign the sword. Do not change proportions, do not add extra ornaments, and do not add painterly texture. No realism, no painterly brushwork, no ornate reinterpretation, no extra decorative detail, no glow, no text, no watermark."
"Crystal Twinblade","Assets/Game/Data/Items/Weapons/Melee Weapons/Polygon Dungeon Generated/Crystal Twinblade.asset","Assets/Game/Docs/WeaponPreviewExports/Previews/Crystal Twinblade.png","StraightSword","Weapon","sword","Create a single game inventory icon PNG of 'Crystal Twinblade'. Use the attached prefab preview as a strict reference. Recreate the exact same weapon shape and silhouette as closely as possible. Match the exact blade length, blade width, guard silhouette, grip length, and pommel silhouette from the prefab reference. Keep the weapon in an extremely simple low-poly style, with very few large planes, very little micro detail, and minimal surface noise. Use angular low-poly crystal planes with minimal internal detail. Composition: one isolated weapon only, transparent background, no backdrop, no frame, no environment, no character, no hand, centered in the canvas, full object visible, diagonal layout like the sample icon. Important: preserve the reference proportions exactly. Preserve the same number of major shape masses. Preserve the same wrapping placement, spike placement, head size, handle length, guard shape, and tip shape visible in the prefab preview. Do not redesign the sword. Do not change proportions, do not add extra ornaments, and do not add painterly texture. No realism, no painterly brushwork, no ornate reinterpretation, no extra decorative detail, no glow, no text, no watermark."
"Curved Greatsword","Assets/Game/Data/Items/Weapons/Melee Weapons/Polygon Dungeon Generated/Curved Greatsword.asset","Assets/Game/Docs/WeaponPreviewExports/Previews/Curved Greatsword.png","StraightSword","Weapon","greatsword","Create a single game inventory icon PNG of 'Curved Greatsword'. Use the attached prefab preview as a strict reference. Recreate the exact same weapon shape and silhouette as closely as possible. Match the exact blade length, blade width, guard silhouette, grip length, and pommel silhouette from the prefab reference. Keep the weapon in an extremely simple low-poly style, with very few large planes, very little micro detail, and minimal surface noise. Use simplified low-poly metal, wood, or leather with broad flat color areas and minimal texture detail. Composition: one isolated weapon only, transparent background, no backdrop, no frame, no environment, no character, no hand, centered in the canvas, full object visible, diagonal layout like the sample icon. Important: preserve the reference proportions exactly. Preserve the same number of major shape masses. Preserve the same wrapping placement, spike placement, head size, handle length, guard shape, and tip shape visible in the prefab preview. Do not redesign the greatsword. Do not change proportions, do not add extra ornaments, and do not add painterly texture. No realism, no painterly brushwork, no ornate reinterpretation, no extra decorative detail, no glow, no text, no watermark."
"Cutlass","Assets/Game/Data/Items/Weapons/Melee Weapons/Polygon Dungeon Generated/Cutlass.asset","Assets/Game/Docs/WeaponPreviewExports/Previews/Cutlass.png","StraightSword","Weapon","sword","Create a single game inventory icon PNG of 'Cutlass'. Use the attached prefab preview as a strict reference. Recreate the exact same weapon shape and silhouette as closely as possible. Match the exact blade length, blade width, guard silhouette, grip length, and pommel silhouette from the prefab reference. Keep the weapon in an extremely simple low-poly style, with very few large planes, very little micro detail, and minimal surface noise. Use simplified low-poly metal, wood, or leather with broad flat color areas and minimal texture detail. Composition: one isolated weapon only, transparent background, no backdrop, no frame, no environment, no character, no hand, centered in the canvas, full object visible, diagonal layout like the sample icon. Important: preserve the reference proportions exactly. Preserve the same number of major shape masses. Preserve the same wrapping placement, spike placement, head size, handle length, guard shape, and tip shape visible in the prefab preview. Do not redesign the sword. Do not change proportions, do not add extra ornaments, and do not add painterly texture. No realism, no painterly brushwork, no ornate reinterpretation, no extra decorative detail, no glow, no text, no watermark."
"Double-Bladed Staff","Assets/Game/Data/Items/Weapons/Melee Weapons/Polygon Dungeon Generated/Double-Bladed Staff.asset","Assets/Game/Docs/WeaponPreviewExports/Previews/Double-Bladed Staff.png","Spear","Weapon","focus","Create a single game inventory icon PNG of 'Double-Bladed Staff'. Use the attached prefab preview as a strict reference. Recreate the exact same weapon shape and silhouette as closely as possible. Match the exact compact silhouette, outer contour, and major mass placement from the prefab reference. Keep the weapon in an extremely simple low-poly style, with very few large planes, very little micro detail, and minimal surface noise. Use simplified low-poly magical object materials with broad flat color areas and minimal texture detail. Composition: one isolated weapon only, transparent background, no backdrop, no frame, no environment, no character, no hand, centered in the canvas, full object visible, diagonal layout like the sample icon. Important: preserve the reference proportions exactly. Preserve the same number of major shape masses. Preserve the same wrapping placement, spike placement, head size, handle length, guard shape, and tip shape visible in the prefab preview. Do not redesign the object. Do not add gems, chains, particles, glow effects, floating pieces, or ornate detail unless already visible in the reference. No realism, no painterly brushwork, no ornate reinterpretation, no extra decorative detail, no glow, no text, no watermark."
"Gem Goblin Hammer","Assets/Game/Data/Items/Weapons/Melee Weapons/Polygon Dungeon Generated/Gem Goblin Hammer.asset","Assets/Game/Docs/WeaponPreviewExports/Previews/Gem Goblin Hammer.png","StraightSword","Weapon","blunt","Create a single game inventory icon PNG of 'Gem Goblin Hammer'. Use the attached prefab preview as a strict reference. Recreate the exact same weapon shape and silhouette as closely as possible. Match the exact handle length, handle thickness, head size, head silhouette, and all major spikes or stone masses from the prefab reference. Keep the weapon in an extremely simple low-poly style, with very few large planes, very little micro detail, and minimal surface noise. Use angular low-poly crystal planes with minimal internal detail. Use crude low-poly scavenged shapes with uneven but simple large forms. Composition: one isolated weapon only, transparent background, no backdrop, no frame, no environment, no character, no hand, centered in the canvas, full object visible, diagonal layout like the sample icon. Important: preserve the reference proportions exactly. Preserve the same number of major shape masses. Preserve the same wrapping placement, spike placement, head size, handle length, guard shape, and tip shape visible in the prefab preview. Do not redesign the weapon. Do not enlarge the head, do not add more spikes, stones, wraps, pendants, cracks, or painterly details than shown in the prefab reference. No realism, no painterly brushwork, no ornate reinterpretation, no extra decorative detail, no glow, no text, no watermark."
"Gem Staff","Assets/Game/Data/Items/Weapons/Melee Weapons/Polygon Dungeon Generated/Gem Staff.asset","Assets/Game/Docs/WeaponPreviewExports/Previews/Gem Staff.png","Spear","Weapon","focus","Create a single game inventory icon PNG of 'Gem Staff'. Use the attached prefab preview as a strict reference. Recreate the exact same weapon shape and silhouette as closely as possible. Match the exact compact silhouette, outer contour, and major mass placement from the prefab reference. Keep the weapon in an extremely simple low-poly style, with very few large planes, very little micro detail, and minimal surface noise. Use angular low-poly crystal planes with minimal internal detail. Composition: one isolated weapon only, transparent background, no backdrop, no frame, no environment, no character, no hand, centered in the canvas, full object visible, diagonal layout like the sample icon. Important: preserve the reference proportions exactly. Preserve the same number of major shape masses. Preserve the same wrapping placement, spike placement, head size, handle length, guard shape, and tip shape visible in the prefab preview. Do not redesign the object. Do not add gems, chains, particles, glow effects, floating pieces, or ornate detail unless already visible in the reference. No realism, no painterly brushwork, no ornate reinterpretation, no extra decorative detail, no glow, no text, no watermark."
"Goblin Axe","Assets/Game/Data/Items/Weapons/Melee Weapons/Polygon Dungeon Generated/Goblin Axe.asset","Assets/Game/Docs/WeaponPreviewExports/Previews/Goblin Axe.png","StraightSword","Weapon","axe","Create a single game inventory icon PNG of 'Goblin Axe'. Use the attached prefab preview as a strict reference. Recreate the exact same weapon shape and silhouette as closely as possible. Match the exact handle length, blade size, blade angle, and head silhouette from the prefab reference. Keep the weapon in an extremely simple low-poly style, with very few large planes, very little micro detail, and minimal surface noise. Use crude low-poly scavenged shapes with uneven but simple large forms. Composition: one isolated weapon only, transparent background, no backdrop, no frame, no environment, no character, no hand, centered in the canvas, full object visible, diagonal layout like the sample icon. Important: preserve the reference proportions exactly. Preserve the same number of major shape masses. Preserve the same wrapping placement, spike placement, head size, handle length, guard shape, and tip shape visible in the prefab preview. Do not redesign the axe. Do not widen the blade, do not curve the handle, do not add extra spikes, engravings, or painterly texture. No realism, no painterly brushwork, no ornate reinterpretation, no extra decorative detail, no glow, no text, no watermark."
"Goblin Club","Assets/Game/Data/Items/Weapons/Melee Weapons/Polygon Dungeon Generated/Goblin Club.asset","Assets/Game/Docs/WeaponPreviewExports/Previews/Goblin Club.png","StraightSword","Weapon","blunt","Create a single game inventory icon PNG of 'Goblin Club'. Use the attached prefab preview as a strict reference. Recreate the exact same weapon shape and silhouette as closely as possible. Match the exact handle length, handle thickness, head size, head silhouette, and all major spikes or stone masses from the prefab reference. Keep the weapon in an extremely simple low-poly style, with very few large planes, very little micro detail, and minimal surface noise. Use crude low-poly scavenged shapes with uneven but simple large forms. Composition: one isolated weapon only, transparent background, no backdrop, no frame, no environment, no character, no hand, centered in the canvas, full object visible, diagonal layout like the sample icon. Important: preserve the reference proportions exactly. Preserve the same number of major shape masses. Preserve the same wrapping placement, spike placement, head size, handle length, guard shape, and tip shape visible in the prefab preview. Do not redesign the weapon. Do not enlarge the head, do not add more spikes, stones, wraps, pendants, cracks, or painterly details than shown in the prefab reference. No realism, no painterly brushwork, no ornate reinterpretation, no extra decorative detail, no glow, no text, no watermark."
"Goblin Great Axe","Assets/Game/Data/Items/Weapons/Melee Weapons/Polygon Dungeon Generated/Goblin Great Axe.asset","Assets/Game/Docs/WeaponPreviewExports/Previews/Goblin Great Axe.png","StraightSword","Weapon","axe","Create a single game inventory icon PNG of 'Goblin Great Axe'. Use the attached prefab preview as a strict reference. Recreate the exact same weapon shape and silhouette as closely as possible. Match the exact handle length, blade size, blade angle, and head silhouette from the prefab reference. Keep the weapon in an extremely simple low-poly style, with very few large planes, very little micro detail, and minimal surface noise. Use crude low-poly scavenged shapes with uneven but simple large forms. Composition: one isolated weapon only, transparent background, no backdrop, no frame, no environment, no character, no hand, centered in the canvas, full object visible, diagonal layout like the sample icon. Important: preserve the reference proportions exactly. Preserve the same number of major shape masses. Preserve the same wrapping placement, spike placement, head size, handle length, guard shape, and tip shape visible in the prefab preview. Do not redesign the axe. Do not widen the blade, do not curve the handle, do not add extra spikes, engravings, or painterly texture. No realism, no painterly brushwork, no ornate reinterpretation, no extra decorative detail, no glow, no text, no watermark."
"Goblin Halberd","Assets/Game/Data/Items/Weapons/Melee Weapons/Polygon Dungeon Generated/Goblin Halberd.asset","Assets/Game/Docs/WeaponPreviewExports/Previews/Goblin Halberd.png","Spear","Weapon","polearm","Create a single game inventory icon PNG of 'Goblin Halberd'. Use the attached prefab preview as a strict reference. Recreate the exact same weapon shape and silhouette as closely as possible. Match the exact shaft length, shaft thickness, head size, head placement, and tip silhouette from the prefab reference. Keep the weapon in an extremely simple low-poly style, with very few large planes, very little micro detail, and minimal surface noise. Use crude low-poly scavenged shapes with uneven but simple large forms. Composition: one isolated weapon only, transparent background, no backdrop, no frame, no environment, no character, no hand, centered in the canvas, full object visible, diagonal layout like the sample icon. Important: preserve the reference proportions exactly. Preserve the same number of major shape masses. Preserve the same wrapping placement, spike placement, head size, handle length, guard shape, and tip shape visible in the prefab preview. Do not redesign the polearm. Do not change shaft length, do not enlarge the head, do not add banners, hooks, tassels, or ornaments unless already visible in the reference. No realism, no painterly brushwork, no ornate reinterpretation, no extra decorative detail, no glow, no text, no watermark."
"Goblin Mace","Assets/Game/Data/Items/Weapons/Melee Weapons/Polygon Dungeon Generated/Goblin Mace.asset","Assets/Game/Docs/WeaponPreviewExports/Previews/Goblin Mace.png","StraightSword","Weapon","blunt","Create a single game inventory icon PNG of 'Goblin Mace'. Use the attached prefab preview as a strict reference. Recreate the exact same weapon shape and silhouette as closely as possible. Match the exact handle length, handle thickness, head size, head silhouette, and all major spikes or stone masses from the prefab reference. Keep the weapon in an extremely simple low-poly style, with very few large planes, very little micro detail, and minimal surface noise. Use crude low-poly scavenged shapes with uneven but simple large forms. Composition: one isolated weapon only, transparent background, no backdrop, no frame, no environment, no character, no hand, centered in the canvas, full object visible, diagonal layout like the sample icon. Important: preserve the reference proportions exactly. Preserve the same number of major shape masses. Preserve the same wrapping placement, spike placement, head size, handle length, guard shape, and tip shape visible in the prefab preview. Do not redesign the weapon. Do not enlarge the head, do not add more spikes, stones, wraps, pendants, cracks, or painterly details than shown in the prefab reference. No realism, no painterly brushwork, no ornate reinterpretation, no extra decorative detail, no glow, no text, no watermark."
"Goblin Machete","Assets/Game/Data/Items/Weapons/Melee Weapons/Polygon Dungeon Generated/Goblin Machete.asset","Assets/Game/Docs/WeaponPreviewExports/Previews/Goblin Machete.png","StraightSword","Weapon","sword","Create a single game inventory icon PNG of 'Goblin Machete'. Use the attached prefab preview as a strict reference. Recreate the exact same weapon shape and silhouette as closely as possible. Match the exact blade length, blade width, guard silhouette, grip length, and pommel silhouette from the prefab reference. Keep the weapon in an extremely simple low-poly style, with very few large planes, very little micro detail, and minimal surface noise. Use crude low-poly scavenged shapes with uneven but simple large forms. Composition: one isolated weapon only, transparent background, no backdrop, no frame, no environment, no character, no hand, centered in the canvas, full object visible, diagonal layout like the sample icon. Important: preserve the reference proportions exactly. Preserve the same number of major shape masses. Preserve the same wrapping placement, spike placement, head size, handle length, guard shape, and tip shape visible in the prefab preview. Do not redesign the sword. Do not change proportions, do not add extra ornaments, and do not add painterly texture. No realism, no painterly brushwork, no ornate reinterpretation, no extra decorative detail, no glow, no text, no watermark."
"Goblin Spear","Assets/Game/Data/Items/Weapons/Melee Weapons/Polygon Dungeon Generated/Goblin Spear.asset","Assets/Game/Docs/WeaponPreviewExports/Previews/Goblin Spear.png","Spear","Weapon","polearm","Create a single game inventory icon PNG of 'Goblin Spear'. Use the attached prefab preview as a strict reference. Recreate the exact same weapon shape and silhouette as closely as possible. Match the exact shaft length, shaft thickness, head size, head placement, and tip silhouette from the prefab reference. Keep the weapon in an extremely simple low-poly style, with very few large planes, very little micro detail, and minimal surface noise. Use crude low-poly scavenged shapes with uneven but simple large forms. Composition: one isolated weapon only, transparent background, no backdrop, no frame, no environment, no character, no hand, centered in the canvas, full object visible, diagonal layout like the sample icon. Important: preserve the reference proportions exactly. Preserve the same number of major shape masses. Preserve the same wrapping placement, spike placement, head size, handle length, guard shape, and tip shape visible in the prefab preview. Do not redesign the polearm. Do not change shaft length, do not enlarge the head, do not add banners, hooks, tassels, or ornaments unless already visible in the reference. No realism, no painterly brushwork, no ornate reinterpretation, no extra decorative detail, no glow, no text, no watermark."
"Goblin Staff","Assets/Game/Data/Items/Weapons/Melee Weapons/Polygon Dungeon Generated/Goblin Staff.asset","Assets/Game/Docs/WeaponPreviewExports/Previews/Goblin Staff.png","Spear","Weapon","focus","Create a single game inventory icon PNG of 'Goblin Staff'. Use the attached prefab preview as a strict reference. Recreate the exact same weapon shape and silhouette as closely as possible. Match the exact compact silhouette, outer contour, and major mass placement from the prefab reference. Keep the weapon in an extremely simple low-poly style, with very few large planes, very little micro detail, and minimal surface noise. Use crude low-poly scavenged shapes with uneven but simple large forms. Composition: one isolated weapon only, transparent background, no backdrop, no frame, no environment, no character, no hand, centered in the canvas, full object visible, diagonal layout like the sample icon. Important: preserve the reference proportions exactly. Preserve the same number of major shape masses. Preserve the same wrapping placement, spike placement, head size, handle length, guard shape, and tip shape visible in the prefab preview. Do not redesign the object. Do not add gems, chains, particles, glow effects, floating pieces, or ornate detail unless already visible in the reference. No realism, no painterly brushwork, no ornate reinterpretation, no extra decorative detail, no glow, no text, no watermark."
"Gravestone Shield","Assets/Game/Data/Items/Weapons/Melee Weapons/Polygon Dungeon Generated/Gravestone Shield.asset","Assets/Game/Docs/WeaponPreviewExports/Previews/Gravestone Shield.png","MediumShield","Shield","shield","Create a single game inventory icon PNG of 'Gravestone Shield'. Use the attached prefab preview as a strict reference. Recreate the exact same weapon shape and silhouette as closely as possible. Match the exact shield outline, face shape, width, rim thickness, and strap-side mass distribution from the prefab reference. Keep the weapon in an extremely simple low-poly style, with very few large planes, very little micro detail, and minimal surface noise. Use simplified low-poly metal and leather with broad flat color areas and minimal texture detail. Composition: one isolated weapon only, transparent background, no backdrop, no frame, no environment, no character, no hand, centered in the canvas, full object visible, diagonal layout like the sample icon. Important: preserve the reference proportions exactly. Preserve the same number of major shape masses. Preserve the same wrapping placement, spike placement, head size, handle length, guard shape, and tip shape visible in the prefab preview. Do not redesign the shield. Do not add filigree, extra crests, extra spikes, extra dents, cloth, or painterly texture. Do not round the silhouette. No realism, no painterly brushwork, no ornate reinterpretation, no extra decorative detail, no glow, no text, no watermark."
"Greatsword","Assets/Game/Data/Items/Weapons/Melee Weapons/Polygon Dungeon Generated/Greatsword.asset","Assets/Game/Docs/WeaponPreviewExports/Previews/Greatsword.png","StraightSword","Weapon","greatsword","Create a single game inventory icon PNG of 'Greatsword'. Use the attached prefab preview as a strict reference. Recreate the exact same weapon shape and silhouette as closely as possible. Match the exact blade length, blade width, guard silhouette, grip length, and pommel silhouette from the prefab reference. Keep the weapon in an extremely simple low-poly style, with very few large planes, very little micro detail, and minimal surface noise. Use simplified low-poly metal, wood, or leather with broad flat color areas and minimal texture detail. Composition: one isolated weapon only, transparent background, no backdrop, no frame, no environment, no character, no hand, centered in the canvas, full object visible, diagonal layout like the sample icon. Important: preserve the reference proportions exactly. Preserve the same number of major shape masses. Preserve the same wrapping placement, spike placement, head size, handle length, guard shape, and tip shape visible in the prefab preview. Do not redesign the greatsword. Do not change proportions, do not add extra ornaments, and do not add painterly texture. No realism, no painterly brushwork, no ornate reinterpretation, no extra decorative detail, no glow, no text, no watermark."
"Halberd","Assets/Game/Data/Items/Weapons/Melee Weapons/Polygon Dungeon Generated/Halberd.asset","Assets/Game/Docs/WeaponPreviewExports/Previews/Halberd.png","Spear","Weapon","polearm","Create a single game inventory icon PNG of 'Halberd'. Use the attached prefab preview as a strict reference. Recreate the exact same weapon shape and silhouette as closely as possible. Match the exact shaft length, shaft thickness, head size, head placement, and tip silhouette from the prefab reference. Keep the weapon in an extremely simple low-poly style, with very few large planes, very little micro detail, and minimal surface noise. Use simplified low-poly metal, wood, or leather with broad flat color areas and minimal texture detail. Composition: one isolated weapon only, transparent background, no backdrop, no frame, no environment, no character, no hand, centered in the canvas, full object visible, diagonal layout like the sample icon. Important: preserve the reference proportions exactly. Preserve the same number of major shape masses. Preserve the same wrapping placement, spike placement, head size, handle length, guard shape, and tip shape visible in the prefab preview. Do not redesign the polearm. Do not change shaft length, do not enlarge the head, do not add banners, hooks, tassels, or ornaments unless already visible in the reference. No realism, no painterly brushwork, no ornate reinterpretation, no extra decorative detail, no glow, no text, no watermark."
"Hammer 02","Assets/Game/Data/Items/Weapons/Melee Weapons/Polygon Dungeon Generated/Hammer 02.asset","Assets/Game/Docs/WeaponPreviewExports/Previews/Hammer 02.png","StraightSword","Weapon","blunt","Create a single game inventory icon PNG of 'Hammer 02'. Use the attached prefab preview as a strict reference. Recreate the exact same weapon shape and silhouette as closely as possible. Match the exact handle length, handle thickness, head size, head silhouette, and all major spikes or stone masses from the prefab reference. Keep the weapon in an extremely simple low-poly style, with very few large planes, very little micro detail, and minimal surface noise. Use simplified low-poly metal, wood, or leather with broad flat color areas and minimal texture detail. Composition: one isolated weapon only, transparent background, no backdrop, no frame, no environment, no character, no hand, centered in the canvas, full object visible, diagonal layout like the sample icon. Important: preserve the reference proportions exactly. Preserve the same number of major shape masses. Preserve the same wrapping placement, spike placement, head size, handle length, guard shape, and tip shape visible in the prefab preview. Do not redesign the weapon. Do not enlarge the head, do not add more spikes, stones, wraps, pendants, cracks, or painterly details than shown in the prefab reference. No realism, no painterly brushwork, no ornate reinterpretation, no extra decorative detail, no glow, no text, no watermark."
"Hammer","Assets/Game/Data/Items/Weapons/Melee Weapons/Polygon Dungeon Generated/Hammer.asset","Assets/Game/Docs/WeaponPreviewExports/Previews/Hammer.png","StraightSword","Weapon","blunt","Create a single game inventory icon PNG of 'Hammer'. Use the attached prefab preview as a strict reference. Recreate the exact same weapon shape and silhouette as closely as possible. Match the exact handle length, handle thickness, head size, head silhouette, and all major spikes or stone masses from the prefab reference. Keep the weapon in an extremely simple low-poly style, with very few large planes, very little micro detail, and minimal surface noise. Use simplified low-poly metal, wood, or leather with broad flat color areas and minimal texture detail. Composition: one isolated weapon only, transparent background, no backdrop, no frame, no environment, no character, no hand, centered in the canvas, full object visible, diagonal layout like the sample icon. Important: preserve the reference proportions exactly. Preserve the same number of major shape masses. Preserve the same wrapping placement, spike placement, head size, handle length, guard shape, and tip shape visible in the prefab preview. Do not redesign the weapon. Do not enlarge the head, do not add more spikes, stones, wraps, pendants, cracks, or painterly details than shown in the prefab reference. No realism, no painterly brushwork, no ornate reinterpretation, no extra decorative detail, no glow, no text, no watermark."
"Hand Axe","Assets/Game/Data/Items/Weapons/Melee Weapons/Polygon Dungeon Generated/Hand Axe.asset","Assets/Game/Docs/WeaponPreviewExports/Previews/Hand Axe.png","StraightSword","Weapon","axe","Create a single game inventory icon PNG of 'Hand Axe'. Use the attached prefab preview as a strict reference. Recreate the exact same weapon shape and silhouette as closely as possible. Match the exact handle length, blade size, blade angle, and head silhouette from the prefab reference. Keep the weapon in an extremely simple low-poly style, with very few large planes, very little micro detail, and minimal surface noise. Use simplified low-poly metal, wood, or leather with broad flat color areas and minimal texture detail. Composition: one isolated weapon only, transparent background, no backdrop, no frame, no environment, no character, no hand, centered in the canvas, full object visible, diagonal layout like the sample icon. Important: preserve the reference proportions exactly. Preserve the same number of major shape masses. Preserve the same wrapping placement, spike placement, head size, handle length, guard shape, and tip shape visible in the prefab preview. Do not redesign the axe. Do not widen the blade, do not curve the handle, do not add extra spikes, engravings, or painterly texture. No realism, no painterly brushwork, no ornate reinterpretation, no extra decorative detail, no glow, no text, no watermark."
"Heater Shield 01","Assets/Game/Data/Items/Weapons/Melee Weapons/Polygon Dungeon Generated/Heater Shield 01.asset","Assets/Game/Docs/WeaponPreviewExports/Previews/Heater Shield 01.png","MediumShield","Shield","shield","Create a single game inventory icon PNG of 'Heater Shield 01'. Use the attached prefab preview as a strict reference. Recreate the exact same weapon shape and silhouette as closely as possible. Match the exact shield outline, face shape, width, rim thickness, and strap-side mass distribution from the prefab reference. Keep the weapon in an extremely simple low-poly style, with very few large planes, very little micro detail, and minimal surface noise. Use simplified low-poly metal and leather with broad flat color areas and minimal texture detail. Composition: one isolated weapon only, transparent background, no backdrop, no frame, no environment, no character, no hand, centered in the canvas, full object visible, diagonal layout like the sample icon. Important: preserve the reference proportions exactly. Preserve the same number of major shape masses. Preserve the same wrapping placement, spike placement, head size, handle length, guard shape, and tip shape visible in the prefab preview. Do not redesign the shield. Do not add filigree, extra crests, extra spikes, extra dents, cloth, or painterly texture. Do not round the silhouette. No realism, no painterly brushwork, no ornate reinterpretation, no extra decorative detail, no glow, no text, no watermark."
"Heater Shield 02","Assets/Game/Data/Items/Weapons/Melee Weapons/Polygon Dungeon Generated/Heater Shield 02.asset","Assets/Game/Docs/WeaponPreviewExports/Previews/Heater Shield 02.png","MediumShield","Shield","shield","Create a single game inventory icon PNG of 'Heater Shield 02'. Use the attached prefab preview as a strict reference. Recreate the exact same weapon shape and silhouette as closely as possible. Match the exact shield outline, face shape, width, rim thickness, and strap-side mass distribution from the prefab reference. Keep the weapon in an extremely simple low-poly style, with very few large planes, very little micro detail, and minimal surface noise. Use simplified low-poly metal and leather with broad flat color areas and minimal texture detail. Composition: one isolated weapon only, transparent background, no backdrop, no frame, no environment, no character, no hand, centered in the canvas, full object visible, diagonal layout like the sample icon. Important: preserve the reference proportions exactly. Preserve the same number of major shape masses. Preserve the same wrapping placement, spike placement, head size, handle length, guard shape, and tip shape visible in the prefab preview. Do not redesign the shield. Do not add filigree, extra crests, extra spikes, extra dents, cloth, or painterly texture. Do not round the silhouette. No realism, no painterly brushwork, no ornate reinterpretation, no extra decorative detail, no glow, no text, no watermark."
"Metal Glaive","Assets/Game/Data/Items/Weapons/Melee Weapons/Polygon Dungeon Generated/Metal Glaive.asset","Assets/Game/Docs/WeaponPreviewExports/Previews/Metal Glaive.png","Spear","Weapon","polearm","Create a single game inventory icon PNG of 'Metal Glaive'. Use the attached prefab preview as a strict reference. Recreate the exact same weapon shape and silhouette as closely as possible. Match the exact shaft length, shaft thickness, head size, head placement, and tip silhouette from the prefab reference. Keep the weapon in an extremely simple low-poly style, with very few large planes, very little micro detail, and minimal surface noise. Use simplified low-poly metal, wood, or leather with broad flat color areas and minimal texture detail. Composition: one isolated weapon only, transparent background, no backdrop, no frame, no environment, no character, no hand, centered in the canvas, full object visible, diagonal layout like the sample icon. Important: preserve the reference proportions exactly. Preserve the same number of major shape masses. Preserve the same wrapping placement, spike placement, head size, handle length, guard shape, and tip shape visible in the prefab preview. Do not redesign the polearm. Do not change shaft length, do not enlarge the head, do not add banners, hooks, tassels, or ornaments unless already visible in the reference. No realism, no painterly brushwork, no ornate reinterpretation, no extra decorative detail, no glow, no text, no watermark."
"Metal Great Hammer 02","Assets/Game/Data/Items/Weapons/Melee Weapons/Polygon Dungeon Generated/Metal Great Hammer 02.asset","Assets/Game/Docs/WeaponPreviewExports/Previews/Metal Great Hammer 02.png","StraightSword","Weapon","blunt","Create a single game inventory icon PNG of 'Metal Great Hammer 02'. Use the attached prefab preview as a strict reference. Recreate the exact same weapon shape and silhouette as closely as possible. Match the exact handle length, handle thickness, head size, head silhouette, and all major spikes or stone masses from the prefab reference. Keep the weapon in an extremely simple low-poly style, with very few large planes, very little micro detail, and minimal surface noise. Use simplified low-poly metal, wood, or leather with broad flat color areas and minimal texture detail. Composition: one isolated weapon only, transparent background, no backdrop, no frame, no environment, no character, no hand, centered in the canvas, full object visible, diagonal layout like the sample icon. Important: preserve the reference proportions exactly. Preserve the same number of major shape masses. Preserve the same wrapping placement, spike placement, head size, handle length, guard shape, and tip shape visible in the prefab preview. Do not redesign the weapon. Do not enlarge the head, do not add more spikes, stones, wraps, pendants, cracks, or painterly details than shown in the prefab reference. No realism, no painterly brushwork, no ornate reinterpretation, no extra decorative detail, no glow, no text, no watermark."
"Metal Great Hammer","Assets/Game/Data/Items/Weapons/Melee Weapons/Polygon Dungeon Generated/Metal Great Hammer.asset","Assets/Game/Docs/WeaponPreviewExports/Previews/Metal Great Hammer.png","StraightSword","Weapon","blunt","Create a single game inventory icon PNG of 'Metal Great Hammer'. Use the attached prefab preview as a strict reference. Recreate the exact same weapon shape and silhouette as closely as possible. Match the exact handle length, handle thickness, head size, head silhouette, and all major spikes or stone masses from the prefab reference. Keep the weapon in an extremely simple low-poly style, with very few large planes, very little micro detail, and minimal surface noise. Use simplified low-poly metal, wood, or leather with broad flat color areas and minimal texture detail. Composition: one isolated weapon only, transparent background, no backdrop, no frame, no environment, no character, no hand, centered in the canvas, full object visible, diagonal layout like the sample icon. Important: preserve the reference proportions exactly. Preserve the same number of major shape masses. Preserve the same wrapping placement, spike placement, head size, handle length, guard shape, and tip shape visible in the prefab preview. Do not redesign the weapon. Do not enlarge the head, do not add more spikes, stones, wraps, pendants, cracks, or painterly details than shown in the prefab reference. No realism, no painterly brushwork, no ornate reinterpretation, no extra decorative detail, no glow, no text, no watermark."
"Ornate Axe 01","Assets/Game/Data/Items/Weapons/Melee Weapons/Polygon Dungeon Generated/Ornate Axe 01.asset","Assets/Game/Docs/WeaponPreviewExports/Previews/Ornate Axe 01.png","StraightSword","Weapon","axe","Create a single game inventory icon PNG of 'Ornate Axe 01'. Use the attached prefab preview as a strict reference. Recreate the exact same weapon shape and silhouette as closely as possible. Match the exact handle length, blade size, blade angle, and head silhouette from the prefab reference. Keep the weapon in an extremely simple low-poly style, with very few large planes, very little micro detail, and minimal surface noise. Keep heraldic ornament broad and simplified, never intricate. Composition: one isolated weapon only, transparent background, no backdrop, no frame, no environment, no character, no hand, centered in the canvas, full object visible, diagonal layout like the sample icon. Important: preserve the reference proportions exactly. Preserve the same number of major shape masses. Preserve the same wrapping placement, spike placement, head size, handle length, guard shape, and tip shape visible in the prefab preview. Do not redesign the axe. Do not widen the blade, do not curve the handle, do not add extra spikes, engravings, or painterly texture. No realism, no painterly brushwork, no ornate reinterpretation, no extra decorative detail, no glow, no text, no watermark."
"Ornate Axe 02","Assets/Game/Data/Items/Weapons/Melee Weapons/Polygon Dungeon Generated/Ornate Axe 02.asset","Assets/Game/Docs/WeaponPreviewExports/Previews/Ornate Axe 02.png","StraightSword","Weapon","axe","Create a single game inventory icon PNG of 'Ornate Axe 02'. Use the attached prefab preview as a strict reference. Recreate the exact same weapon shape and silhouette as closely as possible. Match the exact handle length, blade size, blade angle, and head silhouette from the prefab reference. Keep the weapon in an extremely simple low-poly style, with very few large planes, very little micro detail, and minimal surface noise. Keep heraldic ornament broad and simplified, never intricate. Composition: one isolated weapon only, transparent background, no backdrop, no frame, no environment, no character, no hand, centered in the canvas, full object visible, diagonal layout like the sample icon. Important: preserve the reference proportions exactly. Preserve the same number of major shape masses. Preserve the same wrapping placement, spike placement, head size, handle length, guard shape, and tip shape visible in the prefab preview. Do not redesign the axe. Do not widen the blade, do not curve the handle, do not add extra spikes, engravings, or painterly texture. No realism, no painterly brushwork, no ornate reinterpretation, no extra decorative detail, no glow, no text, no watermark."
"Ornate Great Axe","Assets/Game/Data/Items/Weapons/Melee Weapons/Polygon Dungeon Generated/Ornate Great Axe.asset","Assets/Game/Docs/WeaponPreviewExports/Previews/Ornate Great Axe.png","StraightSword","Weapon","axe","Create a single game inventory icon PNG of 'Ornate Great Axe'. Use the attached prefab preview as a strict reference. Recreate the exact same weapon shape and silhouette as closely as possible. Match the exact handle length, blade size, blade angle, and head silhouette from the prefab reference. Keep the weapon in an extremely simple low-poly style, with very few large planes, very little micro detail, and minimal surface noise. Keep heraldic ornament broad and simplified, never intricate. Composition: one isolated weapon only, transparent background, no backdrop, no frame, no environment, no character, no hand, centered in the canvas, full object visible, diagonal layout like the sample icon. Important: preserve the reference proportions exactly. Preserve the same number of major shape masses. Preserve the same wrapping placement, spike placement, head size, handle length, guard shape, and tip shape visible in the prefab preview. Do not redesign the axe. Do not widen the blade, do not curve the handle, do not add extra spikes, engravings, or painterly texture. No realism, no painterly brushwork, no ornate reinterpretation, no extra decorative detail, no glow, no text, no watermark."
"Ornate Long Pike","Assets/Game/Data/Items/Weapons/Melee Weapons/Polygon Dungeon Generated/Ornate Long Pike.asset","Assets/Game/Docs/WeaponPreviewExports/Previews/Ornate Long Pike.png","Spear","Weapon","polearm","Create a single game inventory icon PNG of 'Ornate Long Pike'. Use the attached prefab preview as a strict reference. Recreate the exact same weapon shape and silhouette as closely as possible. Match the exact shaft length, shaft thickness, head size, head placement, and tip silhouette from the prefab reference. Keep the weapon in an extremely simple low-poly style, with very few large planes, very little micro detail, and minimal surface noise. Keep heraldic ornament broad and simplified, never intricate. Composition: one isolated weapon only, transparent background, no backdrop, no frame, no environment, no character, no hand, centered in the canvas, full object visible, diagonal layout like the sample icon. Important: preserve the reference proportions exactly. Preserve the same number of major shape masses. Preserve the same wrapping placement, spike placement, head size, handle length, guard shape, and tip shape visible in the prefab preview. Do not redesign the polearm. Do not change shaft length, do not enlarge the head, do not add banners, hooks, tassels, or ornaments unless already visible in the reference. No realism, no painterly brushwork, no ornate reinterpretation, no extra decorative detail, no glow, no text, no watermark."
"Ornate Pike","Assets/Game/Data/Items/Weapons/Melee Weapons/Polygon Dungeon Generated/Ornate Pike.asset","Assets/Game/Docs/WeaponPreviewExports/Previews/Ornate Pike.png","Spear","Weapon","polearm","Create a single game inventory icon PNG of 'Ornate Pike'. Use the attached prefab preview as a strict reference. Recreate the exact same weapon shape and silhouette as closely as possible. Match the exact shaft length, shaft thickness, head size, head placement, and tip silhouette from the prefab reference. Keep the weapon in an extremely simple low-poly style, with very few large planes, very little micro detail, and minimal surface noise. Keep heraldic ornament broad and simplified, never intricate. Composition: one isolated weapon only, transparent background, no backdrop, no frame, no environment, no character, no hand, centered in the canvas, full object visible, diagonal layout like the sample icon. Important: preserve the reference proportions exactly. Preserve the same number of major shape masses. Preserve the same wrapping placement, spike placement, head size, handle length, guard shape, and tip shape visible in the prefab preview. Do not redesign the polearm. Do not change shaft length, do not enlarge the head, do not add banners, hooks, tassels, or ornaments unless already visible in the reference. No realism, no painterly brushwork, no ornate reinterpretation, no extra decorative detail, no glow, no text, no watermark."
"Ornate Shield 01","Assets/Game/Data/Items/Weapons/Melee Weapons/Polygon Dungeon Generated/Ornate Shield 01.asset","Assets/Game/Docs/WeaponPreviewExports/Previews/Ornate Shield 01.png","MediumShield","Shield","shield","Create a single game inventory icon PNG of 'Ornate Shield 01'. Use the attached prefab preview as a strict reference. Recreate the exact same weapon shape and silhouette as closely as possible. Match the exact shield outline, face shape, width, rim thickness, and strap-side mass distribution from the prefab reference. Keep the weapon in an extremely simple low-poly style, with very few large planes, very little micro detail, and minimal surface noise. Keep heraldic ornament broad and simplified, never intricate. Composition: one isolated weapon only, transparent background, no backdrop, no frame, no environment, no character, no hand, centered in the canvas, full object visible, diagonal layout like the sample icon. Important: preserve the reference proportions exactly. Preserve the same number of major shape masses. Preserve the same wrapping placement, spike placement, head size, handle length, guard shape, and tip shape visible in the prefab preview. Do not redesign the shield. Do not add filigree, extra crests, extra spikes, extra dents, cloth, or painterly texture. Do not round the silhouette. No realism, no painterly brushwork, no ornate reinterpretation, no extra decorative detail, no glow, no text, no watermark."
"Ornate Shield 02","Assets/Game/Data/Items/Weapons/Melee Weapons/Polygon Dungeon Generated/Ornate Shield 02.asset","Assets/Game/Docs/WeaponPreviewExports/Previews/Ornate Shield 02.png","MediumShield","Shield","shield","Create a single game inventory icon PNG of 'Ornate Shield 02'. Use the attached prefab preview as a strict reference. Recreate the exact same weapon shape and silhouette as closely as possible. Match the exact shield outline, face shape, width, rim thickness, and strap-side mass distribution from the prefab reference. Keep the weapon in an extremely simple low-poly style, with very few large planes, very little micro detail, and minimal surface noise. Keep heraldic ornament broad and simplified, never intricate. Composition: one isolated weapon only, transparent background, no backdrop, no frame, no environment, no character, no hand, centered in the canvas, full object visible, diagonal layout like the sample icon. Important: preserve the reference proportions exactly. Preserve the same number of major shape masses. Preserve the same wrapping placement, spike placement, head size, handle length, guard shape, and tip shape visible in the prefab preview. Do not redesign the shield. Do not add filigree, extra crests, extra spikes, extra dents, cloth, or painterly texture. Do not round the silhouette. No realism, no painterly brushwork, no ornate reinterpretation, no extra decorative detail, no glow, no text, no watermark."
"Ornate Spear","Assets/Game/Data/Items/Weapons/Melee Weapons/Polygon Dungeon Generated/Ornate Spear.asset","Assets/Game/Docs/WeaponPreviewExports/Previews/Ornate Spear.png","Spear","Weapon","polearm","Create a single game inventory icon PNG of 'Ornate Spear'. Use the attached prefab preview as a strict reference. Recreate the exact same weapon shape and silhouette as closely as possible. Match the exact shaft length, shaft thickness, head size, head placement, and tip silhouette from the prefab reference. Keep the weapon in an extremely simple low-poly style, with very few large planes, very little micro detail, and minimal surface noise. Keep heraldic ornament broad and simplified, never intricate. Composition: one isolated weapon only, transparent background, no backdrop, no frame, no environment, no character, no hand, centered in the canvas, full object visible, diagonal layout like the sample icon. Important: preserve the reference proportions exactly. Preserve the same number of major shape masses. Preserve the same wrapping placement, spike placement, head size, handle length, guard shape, and tip shape visible in the prefab preview. Do not redesign the polearm. Do not change shaft length, do not enlarge the head, do not add banners, hooks, tassels, or ornaments unless already visible in the reference. No realism, no painterly brushwork, no ornate reinterpretation, no extra decorative detail, no glow, no text, no watermark."
"Ornate Sword 01","Assets/Game/Data/Items/Weapons/Melee Weapons/Polygon Dungeon Generated/Ornate Sword 01.asset","Assets/Game/Docs/WeaponPreviewExports/Previews/Ornate Sword 01.png","StraightSword","Weapon","sword","Create a single game inventory icon PNG of 'Ornate Sword 01'. Use the attached prefab preview as a strict reference. Recreate the exact same weapon shape and silhouette as closely as possible. Match the exact blade length, blade width, guard silhouette, grip length, and pommel silhouette from the prefab reference. Keep the weapon in an extremely simple low-poly style, with very few large planes, very little micro detail, and minimal surface noise. Keep heraldic ornament broad and simplified, never intricate. Composition: one isolated weapon only, transparent background, no backdrop, no frame, no environment, no character, no hand, centered in the canvas, full object visible, diagonal layout like the sample icon. Important: preserve the reference proportions exactly. Preserve the same number of major shape masses. Preserve the same wrapping placement, spike placement, head size, handle length, guard shape, and tip shape visible in the prefab preview. Do not redesign the sword. Do not change proportions, do not add extra ornaments, and do not add painterly texture. No realism, no painterly brushwork, no ornate reinterpretation, no extra decorative detail, no glow, no text, no watermark."
"Ornate Sword 02","Assets/Game/Data/Items/Weapons/Melee Weapons/Polygon Dungeon Generated/Ornate Sword 02.asset","Assets/Game/Docs/WeaponPreviewExports/Previews/Ornate Sword 02.png","StraightSword","Weapon","sword","Create a single game inventory icon PNG of 'Ornate Sword 02'. Use the attached prefab preview as a strict reference. Recreate the exact same weapon shape and silhouette as closely as possible. Match the exact blade length, blade width, guard silhouette, grip length, and pommel silhouette from the prefab reference. Keep the weapon in an extremely simple low-poly style, with very few large planes, very little micro detail, and minimal surface noise. Keep heraldic ornament broad and simplified, never intricate. Composition: one isolated weapon only, transparent background, no backdrop, no frame, no environment, no character, no hand, centered in the canvas, full object visible, diagonal layout like the sample icon. Important: preserve the reference proportions exactly. Preserve the same number of major shape masses. Preserve the same wrapping placement, spike placement, head size, handle length, guard shape, and tip shape visible in the prefab preview. Do not redesign the sword. Do not change proportions, do not add extra ornaments, and do not add painterly texture. No realism, no painterly brushwork, no ornate reinterpretation, no extra decorative detail, no glow, no text, no watermark."
"Plank Shield","Assets/Game/Data/Items/Weapons/Melee Weapons/Polygon Dungeon Generated/Plank Shield.asset","Assets/Game/Docs/WeaponPreviewExports/Previews/Plank Shield.png","LightShield","Shield","shield","Create a single game inventory icon PNG of 'Plank Shield'. Use the attached prefab preview as a strict reference. Recreate the exact same weapon shape and silhouette as closely as possible. Match the exact shield outline, face shape, width, rim thickness, and strap-side mass distribution from the prefab reference. Keep the weapon in an extremely simple low-poly style, with very few large planes, very little micro detail, and minimal surface noise. Use broad simple wood planes, no detailed grain illustration. Composition: one isolated weapon only, transparent background, no backdrop, no frame, no environment, no character, no hand, centered in the canvas, full object visible, diagonal layout like the sample icon. Important: preserve the reference proportions exactly. Preserve the same number of major shape masses. Preserve the same wrapping placement, spike placement, head size, handle length, guard shape, and tip shape visible in the prefab preview. Do not redesign the shield. Do not add filigree, extra crests, extra spikes, extra dents, cloth, or painterly texture. Do not round the silhouette. No realism, no painterly brushwork, no ornate reinterpretation, no extra decorative detail, no glow, no text, no watermark."
"Round Greatsword","Assets/Game/Data/Items/Weapons/Melee Weapons/Polygon Dungeon Generated/Round Greatsword.asset","Assets/Game/Docs/WeaponPreviewExports/Previews/Round Greatsword.png","StraightSword","Weapon","greatsword","Create a single game inventory icon PNG of 'Round Greatsword'. Use the attached prefab preview as a strict reference. Recreate the exact same weapon shape and silhouette as closely as possible. Match the exact blade length, blade width, guard silhouette, grip length, and pommel silhouette from the prefab reference. Keep the weapon in an extremely simple low-poly style, with very few large planes, very little micro detail, and minimal surface noise. Use simplified low-poly metal, wood, or leather with broad flat color areas and minimal texture detail. Composition: one isolated weapon only, transparent background, no backdrop, no frame, no environment, no character, no hand, centered in the canvas, full object visible, diagonal layout like the sample icon. Important: preserve the reference proportions exactly. Preserve the same number of major shape masses. Preserve the same wrapping placement, spike placement, head size, handle length, guard shape, and tip shape visible in the prefab preview. Do not redesign the greatsword. Do not change proportions, do not add extra ornaments, and do not add painterly texture. No realism, no painterly brushwork, no ornate reinterpretation, no extra decorative detail, no glow, no text, no watermark."
"Round Shield","Assets/Game/Data/Items/Weapons/Melee Weapons/Polygon Dungeon Generated/Round Shield.asset","Assets/Game/Docs/WeaponPreviewExports/Previews/Round Shield.png","MediumShield","Shield","shield","Create a single game inventory icon PNG of 'Round Shield'. Use the attached prefab preview as a strict reference. Recreate the exact same weapon shape and silhouette as closely as possible. Match the exact shield outline, face shape, width, rim thickness, and strap-side mass distribution from the prefab reference. Keep the weapon in an extremely simple low-poly style, with very few large planes, very little micro detail, and minimal surface noise. Use simplified low-poly metal and leather with broad flat color areas and minimal texture detail. Composition: one isolated weapon only, transparent background, no backdrop, no frame, no environment, no character, no hand, centered in the canvas, full object visible, diagonal layout like the sample icon. Important: preserve the reference proportions exactly. Preserve the same number of major shape masses. Preserve the same wrapping placement, spike placement, head size, handle length, guard shape, and tip shape visible in the prefab preview. Do not redesign the shield. Do not add filigree, extra crests, extra spikes, extra dents, cloth, or painterly texture. Do not round the silhouette. No realism, no painterly brushwork, no ornate reinterpretation, no extra decorative detail, no glow, no text, no watermark."
"Runed Axe","Assets/Game/Data/Items/Weapons/Melee Weapons/Polygon Dungeon Generated/Runed Axe.asset","Assets/Game/Docs/WeaponPreviewExports/Previews/Runed Axe.png","StraightSword","Weapon","axe","Create a single game inventory icon PNG of 'Runed Axe'. Use the attached prefab preview as a strict reference. Recreate the exact same weapon shape and silhouette as closely as possible. Match the exact handle length, blade size, blade angle, and head silhouette from the prefab reference. Keep the weapon in an extremely simple low-poly style, with very few large planes, very little micro detail, and minimal surface noise. Keep rune markings very sparse and geometric. Composition: one isolated weapon only, transparent background, no backdrop, no frame, no environment, no character, no hand, centered in the canvas, full object visible, diagonal layout like the sample icon. Important: preserve the reference proportions exactly. Preserve the same number of major shape masses. Preserve the same wrapping placement, spike placement, head size, handle length, guard shape, and tip shape visible in the prefab preview. Do not redesign the axe. Do not widen the blade, do not curve the handle, do not add extra spikes, engravings, or painterly texture. No realism, no painterly brushwork, no ornate reinterpretation, no extra decorative detail, no glow, no text, no watermark."
"Skull Shield","Assets/Game/Data/Items/Weapons/Melee Weapons/Polygon Dungeon Generated/Skull Shield.asset","Assets/Game/Docs/WeaponPreviewExports/Previews/Skull Shield.png","LightShield","Shield","shield","Create a single game inventory icon PNG of 'Skull Shield'. Use the attached prefab preview as a strict reference. Recreate the exact same weapon shape and silhouette as closely as possible. Match the exact shield outline, face shape, width, rim thickness, and strap-side mass distribution from the prefab reference. Keep the weapon in an extremely simple low-poly style, with very few large planes, very little micro detail, and minimal surface noise. Use very simple low-poly bone forms, flat planes, minimal shading, and primitive wrappings. Composition: one isolated weapon only, transparent background, no backdrop, no frame, no environment, no character, no hand, centered in the canvas, full object visible, diagonal layout like the sample icon. Important: preserve the reference proportions exactly. Preserve the same number of major shape masses. Preserve the same wrapping placement, spike placement, head size, handle length, guard shape, and tip shape visible in the prefab preview. Do not redesign the shield. Do not add filigree, extra crests, extra spikes, extra dents, cloth, or painterly texture. Do not round the silhouette. No realism, no painterly brushwork, no ornate reinterpretation, no extra decorative detail, no glow, no text, no watermark."
"Spear 02","Assets/Game/Data/Items/Weapons/Melee Weapons/Polygon Dungeon Generated/Spear 02.asset","Assets/Game/Docs/WeaponPreviewExports/Previews/Spear 02.png","Spear","Weapon","polearm","Create a single game inventory icon PNG of 'Spear 02'. Use the attached prefab preview as a strict reference. Recreate the exact same weapon shape and silhouette as closely as possible. Match the exact shaft length, shaft thickness, head size, head placement, and tip silhouette from the prefab reference. Keep the weapon in an extremely simple low-poly style, with very few large planes, very little micro detail, and minimal surface noise. Use simplified low-poly metal, wood, or leather with broad flat color areas and minimal texture detail. Composition: one isolated weapon only, transparent background, no backdrop, no frame, no environment, no character, no hand, centered in the canvas, full object visible, diagonal layout like the sample icon. Important: preserve the reference proportions exactly. Preserve the same number of major shape masses. Preserve the same wrapping placement, spike placement, head size, handle length, guard shape, and tip shape visible in the prefab preview. Do not redesign the polearm. Do not change shaft length, do not enlarge the head, do not add banners, hooks, tassels, or ornaments unless already visible in the reference. No realism, no painterly brushwork, no ornate reinterpretation, no extra decorative detail, no glow, no text, no watermark."
"Spear","Assets/Game/Data/Items/Weapons/Melee Weapons/Polygon Dungeon Generated/Spear.asset","Assets/Game/Docs/WeaponPreviewExports/Previews/Spear.png","Spear","Weapon","polearm","Create a single game inventory icon PNG of 'Spear'. Use the attached prefab preview as a strict reference. Recreate the exact same weapon shape and silhouette as closely as possible. Match the exact shaft length, shaft thickness, head size, head placement, and tip silhouette from the prefab reference. Keep the weapon in an extremely simple low-poly style, with very few large planes, very little micro detail, and minimal surface noise. Use simplified low-poly metal, wood, or leather with broad flat color areas and minimal texture detail. Composition: one isolated weapon only, transparent background, no backdrop, no frame, no environment, no character, no hand, centered in the canvas, full object visible, diagonal layout like the sample icon. Important: preserve the reference proportions exactly. Preserve the same number of major shape masses. Preserve the same wrapping placement, spike placement, head size, handle length, guard shape, and tip shape visible in the prefab preview. Do not redesign the polearm. Do not change shaft length, do not enlarge the head, do not add banners, hooks, tassels, or ornaments unless already visible in the reference. No realism, no painterly brushwork, no ornate reinterpretation, no extra decorative detail, no glow, no text, no watermark."
"Sphere Mace","Assets/Game/Data/Items/Weapons/Melee Weapons/Polygon Dungeon Generated/Sphere Mace.asset","Assets/Game/Docs/WeaponPreviewExports/Previews/Sphere Mace.png","StraightSword","Weapon","blunt","Create a single game inventory icon PNG of 'Sphere Mace'. Use the attached prefab preview as a strict reference. Recreate the exact same weapon shape and silhouette as closely as possible. Match the exact handle length, handle thickness, head size, head silhouette, and all major spikes or stone masses from the prefab reference. Keep the weapon in an extremely simple low-poly style, with very few large planes, very little micro detail, and minimal surface noise. Use simplified low-poly metal, wood, or leather with broad flat color areas and minimal texture detail. Composition: one isolated weapon only, transparent background, no backdrop, no frame, no environment, no character, no hand, centered in the canvas, full object visible, diagonal layout like the sample icon. Important: preserve the reference proportions exactly. Preserve the same number of major shape masses. Preserve the same wrapping placement, spike placement, head size, handle length, guard shape, and tip shape visible in the prefab preview. Do not redesign the weapon. Do not enlarge the head, do not add more spikes, stones, wraps, pendants, cracks, or painterly details than shown in the prefab reference. No realism, no painterly brushwork, no ornate reinterpretation, no extra decorative detail, no glow, no text, no watermark."
"Spiked Goblin Axe","Assets/Game/Data/Items/Weapons/Melee Weapons/Polygon Dungeon Generated/Spiked Goblin Axe.asset","Assets/Game/Docs/WeaponPreviewExports/Previews/Spiked Goblin Axe.png","StraightSword","Weapon","polearm","Create a single game inventory icon PNG of 'Spiked Goblin Axe'. Use the attached prefab preview as a strict reference. Recreate the exact same weapon shape and silhouette as closely as possible. Match the exact shaft length, shaft thickness, head size, head placement, and tip silhouette from the prefab reference. Keep the weapon in an extremely simple low-poly style, with very few large planes, very little micro detail, and minimal surface noise. Use crude low-poly scavenged shapes with uneven but simple large forms. Keep spikes few, large, and exactly positioned like the prefab silhouette. Composition: one isolated weapon only, transparent background, no backdrop, no frame, no environment, no character, no hand, centered in the canvas, full object visible, diagonal layout like the sample icon. Important: preserve the reference proportions exactly. Preserve the same number of major shape masses. Preserve the same wrapping placement, spike placement, head size, handle length, guard shape, and tip shape visible in the prefab preview. Do not redesign the polearm. Do not change shaft length, do not enlarge the head, do not add banners, hooks, tassels, or ornaments unless already visible in the reference. No realism, no painterly brushwork, no ornate reinterpretation, no extra decorative detail, no glow, no text, no watermark."
"Spiked Goblin Machete","Assets/Game/Data/Items/Weapons/Melee Weapons/Polygon Dungeon Generated/Spiked Goblin Machete.asset","Assets/Game/Docs/WeaponPreviewExports/Previews/Spiked Goblin Machete.png","Spear","Weapon","polearm","Create a single game inventory icon PNG of 'Spiked Goblin Machete'. Use the attached prefab preview as a strict reference. Recreate the exact same weapon shape and silhouette as closely as possible. Match the exact shaft length, shaft thickness, head size, head placement, and tip silhouette from the prefab reference. Keep the weapon in an extremely simple low-poly style, with very few large planes, very little micro detail, and minimal surface noise. Use crude low-poly scavenged shapes with uneven but simple large forms. Keep spikes few, large, and exactly positioned like the prefab silhouette. Composition: one isolated weapon only, transparent background, no backdrop, no frame, no environment, no character, no hand, centered in the canvas, full object visible, diagonal layout like the sample icon. Important: preserve the reference proportions exactly. Preserve the same number of major shape masses. Preserve the same wrapping placement, spike placement, head size, handle length, guard shape, and tip shape visible in the prefab preview. Do not redesign the polearm. Do not change shaft length, do not enlarge the head, do not add banners, hooks, tassels, or ornaments unless already visible in the reference. No realism, no painterly brushwork, no ornate reinterpretation, no extra decorative detail, no glow, no text, no watermark."
"Spiked Mace","Assets/Game/Data/Items/Weapons/Melee Weapons/Polygon Dungeon Generated/Spiked Mace.asset","Assets/Game/Docs/WeaponPreviewExports/Previews/Spiked Mace.png","StraightSword","Weapon","polearm","Create a single game inventory icon PNG of 'Spiked Mace'. Use the attached prefab preview as a strict reference. Recreate the exact same weapon shape and silhouette as closely as possible. Match the exact shaft length, shaft thickness, head size, head placement, and tip silhouette from the prefab reference. Keep the weapon in an extremely simple low-poly style, with very few large planes, very little micro detail, and minimal surface noise. Keep spikes few, large, and exactly positioned like the prefab silhouette. Composition: one isolated weapon only, transparent background, no backdrop, no frame, no environment, no character, no hand, centered in the canvas, full object visible, diagonal layout like the sample icon. Important: preserve the reference proportions exactly. Preserve the same number of major shape masses. Preserve the same wrapping placement, spike placement, head size, handle length, guard shape, and tip shape visible in the prefab preview. Do not redesign the polearm. Do not change shaft length, do not enlarge the head, do not add banners, hooks, tassels, or ornaments unless already visible in the reference. No realism, no painterly brushwork, no ornate reinterpretation, no extra decorative detail, no glow, no text, no watermark."
"Spiked Shield","Assets/Game/Data/Items/Weapons/Melee Weapons/Polygon Dungeon Generated/Spiked Shield.asset","Assets/Game/Docs/WeaponPreviewExports/Previews/Spiked Shield.png","LightShield","Shield","shield","Create a single game inventory icon PNG of 'Spiked Shield'. Use the attached prefab preview as a strict reference. Recreate the exact same weapon shape and silhouette as closely as possible. Match the exact shield outline, face shape, width, rim thickness, and strap-side mass distribution from the prefab reference. Keep the weapon in an extremely simple low-poly style, with very few large planes, very little micro detail, and minimal surface noise. Keep spikes few, large, and exactly positioned like the prefab silhouette. Composition: one isolated weapon only, transparent background, no backdrop, no frame, no environment, no character, no hand, centered in the canvas, full object visible, diagonal layout like the sample icon. Important: preserve the reference proportions exactly. Preserve the same number of major shape masses. Preserve the same wrapping placement, spike placement, head size, handle length, guard shape, and tip shape visible in the prefab preview. Do not redesign the shield. Do not add filigree, extra crests, extra spikes, extra dents, cloth, or painterly texture. Do not round the silhouette. No realism, no painterly brushwork, no ornate reinterpretation, no extra decorative detail, no glow, no text, no watermark."
"Stone Goblin Shiv","Assets/Game/Data/Items/Weapons/Melee Weapons/Polygon Dungeon Generated/Stone Goblin Shiv.asset","Assets/Game/Docs/WeaponPreviewExports/Previews/Stone Goblin Shiv.png","StraightSword","Weapon","dagger","Create a single game inventory icon PNG of 'Stone Goblin Shiv'. Use the attached prefab preview as a strict reference. Recreate the exact same weapon shape and silhouette as closely as possible. Match the exact blade length, blade width, guard size, grip length, and pommel silhouette from the prefab reference. Keep the weapon in an extremely simple low-poly style, with very few large planes, very little micro detail, and minimal surface noise. Use crude low-poly scavenged shapes with uneven but simple large forms. Composition: one isolated weapon only, transparent background, no backdrop, no frame, no environment, no character, no hand, centered in the canvas, full object visible, diagonal layout like the sample icon. Important: preserve the reference proportions exactly. Preserve the same number of major shape masses. Preserve the same wrapping placement, spike placement, head size, handle length, guard shape, and tip shape visible in the prefab preview. Do not redesign the dagger. Do not add extra guard detail, extra serration, gem inlays, or painterly texture. No realism, no painterly brushwork, no ornate reinterpretation, no extra decorative detail, no glow, no text, no watermark."
"Stone Great Hammer","Assets/Game/Data/Items/Weapons/Melee Weapons/Polygon Dungeon Generated/Stone Great Hammer.asset","Assets/Game/Docs/WeaponPreviewExports/Previews/Stone Great Hammer.png","StraightSword","Weapon","blunt","Create a single game inventory icon PNG of 'Stone Great Hammer'. Use the attached prefab preview as a strict reference. Recreate the exact same weapon shape and silhouette as closely as possible. Match the exact handle length, handle thickness, head size, head silhouette, and all major spikes or stone masses from the prefab reference. Keep the weapon in an extremely simple low-poly style, with very few large planes, very little micro detail, and minimal surface noise. Use simplified low-poly metal, wood, or leather with broad flat color areas and minimal texture detail. Composition: one isolated weapon only, transparent background, no backdrop, no frame, no environment, no character, no hand, centered in the canvas, full object visible, diagonal layout like the sample icon. Important: preserve the reference proportions exactly. Preserve the same number of major shape masses. Preserve the same wrapping placement, spike placement, head size, handle length, guard shape, and tip shape visible in the prefab preview. Do not redesign the weapon. Do not enlarge the head, do not add more spikes, stones, wraps, pendants, cracks, or painterly details than shown in the prefab reference. No realism, no painterly brushwork, no ornate reinterpretation, no extra decorative detail, no glow, no text, no watermark."
"Stone Mace","Assets/Game/Data/Items/Weapons/Melee Weapons/Polygon Dungeon Generated/Stone Mace.asset","Assets/Game/Docs/WeaponPreviewExports/Previews/Stone Mace.png","StraightSword","Weapon","blunt","Create a single game inventory icon PNG of 'Stone Mace'. Use the attached prefab preview as a strict reference. Recreate the exact same weapon shape and silhouette as closely as possible. Match the exact handle length, handle thickness, head size, head silhouette, and all major spikes or stone masses from the prefab reference. Keep the weapon in an extremely simple low-poly style, with very few large planes, very little micro detail, and minimal surface noise. Use simplified low-poly metal, wood, or leather with broad flat color areas and minimal texture detail. Composition: one isolated weapon only, transparent background, no backdrop, no frame, no environment, no character, no hand, centered in the canvas, full object visible, diagonal layout like the sample icon. Important: preserve the reference proportions exactly. Preserve the same number of major shape masses. Preserve the same wrapping placement, spike placement, head size, handle length, guard shape, and tip shape visible in the prefab preview. Do not redesign the weapon. Do not enlarge the head, do not add more spikes, stones, wraps, pendants, cracks, or painterly details than shown in the prefab reference. No realism, no painterly brushwork, no ornate reinterpretation, no extra decorative detail, no glow, no text, no watermark."
"Straight Greatsword","Assets/Game/Data/Items/Weapons/Melee Weapons/Polygon Dungeon Generated/Straight Greatsword.asset","Assets/Game/Docs/WeaponPreviewExports/Previews/Straight Greatsword.png","StraightSword","Weapon","greatsword","Create a single game inventory icon PNG of 'Straight Greatsword'. Use the attached prefab preview as a strict reference. Recreate the exact same weapon shape and silhouette as closely as possible. Match the exact blade length, blade width, guard silhouette, grip length, and pommel silhouette from the prefab reference. Keep the weapon in an extremely simple low-poly style, with very few large planes, very little micro detail, and minimal surface noise. Use simplified low-poly metal, wood, or leather with broad flat color areas and minimal texture detail. Composition: one isolated weapon only, transparent background, no backdrop, no frame, no environment, no character, no hand, centered in the canvas, full object visible, diagonal layout like the sample icon. Important: preserve the reference proportions exactly. Preserve the same number of major shape masses. Preserve the same wrapping placement, spike placement, head size, handle length, guard shape, and tip shape visible in the prefab preview. Do not redesign the greatsword. Do not change proportions, do not add extra ornaments, and do not add painterly texture. No realism, no painterly brushwork, no ornate reinterpretation, no extra decorative detail, no glow, no text, no watermark."
"Straight Sword","Assets/Game/Data/Items/Weapons/Melee Weapons/Polygon Dungeon Generated/Straight Sword.asset","Assets/Game/Docs/WeaponPreviewExports/Previews/Straight Sword.png","StraightSword","Weapon","sword","Create a single game inventory icon PNG of 'Straight Sword'. Use the attached prefab preview as a strict reference. Recreate the exact same weapon shape and silhouette as closely as possible. Match the exact blade length, blade width, guard silhouette, grip length, and pommel silhouette from the prefab reference. Keep the weapon in an extremely simple low-poly style, with very few large planes, very little micro detail, and minimal surface noise. Use simplified low-poly metal, wood, or leather with broad flat color areas and minimal texture detail. Composition: one isolated weapon only, transparent background, no backdrop, no frame, no environment, no character, no hand, centered in the canvas, full object visible, diagonal layout like the sample icon. Important: preserve the reference proportions exactly. Preserve the same number of major shape masses. Preserve the same wrapping placement, spike placement, head size, handle length, guard shape, and tip shape visible in the prefab preview. Do not redesign the sword. Do not change proportions, do not add extra ornaments, and do not add painterly texture. No realism, no painterly brushwork, no ornate reinterpretation, no extra decorative detail, no glow, no text, no watermark."
"Verdant Axe","Assets/Game/Data/Items/Weapons/Melee Weapons/Polygon Dungeon Generated/Verdant Axe.asset","Assets/Game/Docs/WeaponPreviewExports/Previews/Verdant Axe.png","StraightSword","Weapon","axe","Create a single game inventory icon PNG of 'Verdant Axe'. Use the attached prefab preview as a strict reference. Recreate the exact same weapon shape and silhouette as closely as possible. Match the exact handle length, blade size, blade angle, and head silhouette from the prefab reference. Keep the weapon in an extremely simple low-poly style, with very few large planes, very little micro detail, and minimal surface noise. Use simple wood and natural accents with minimal surface noise. Composition: one isolated weapon only, transparent background, no backdrop, no frame, no environment, no character, no hand, centered in the canvas, full object visible, diagonal layout like the sample icon. Important: preserve the reference proportions exactly. Preserve the same number of major shape masses. Preserve the same wrapping placement, spike placement, head size, handle length, guard shape, and tip shape visible in the prefab preview. Do not redesign the axe. Do not widen the blade, do not curve the handle, do not add extra spikes, engravings, or painterly texture. No realism, no painterly brushwork, no ornate reinterpretation, no extra decorative detail, no glow, no text, no watermark."
"War Banner 01","Assets/Game/Data/Items/Weapons/Melee Weapons/Polygon Dungeon Generated/War Banner 01.asset","Assets/Game/Docs/WeaponPreviewExports/Previews/War Banner 01.png","Spear","Weapon","polearm","Create a single game inventory icon PNG of 'War Banner 01'. Use the attached prefab preview as a strict reference. Recreate the exact same weapon shape and silhouette as closely as possible. Match the exact shaft length, shaft thickness, head size, head placement, and tip silhouette from the prefab reference. Keep the weapon in an extremely simple low-poly style, with very few large planes, very little micro detail, and minimal surface noise. Use simplified low-poly metal, wood, or leather with broad flat color areas and minimal texture detail. Composition: one isolated weapon only, transparent background, no backdrop, no frame, no environment, no character, no hand, centered in the canvas, full object visible, diagonal layout like the sample icon. Important: preserve the reference proportions exactly. Preserve the same number of major shape masses. Preserve the same wrapping placement, spike placement, head size, handle length, guard shape, and tip shape visible in the prefab preview. Do not redesign the polearm. Do not change shaft length, do not enlarge the head, do not add banners, hooks, tassels, or ornaments unless already visible in the reference. No realism, no painterly brushwork, no ornate reinterpretation, no extra decorative detail, no glow, no text, no watermark."
"War Banner 02","Assets/Game/Data/Items/Weapons/Melee Weapons/Polygon Dungeon Generated/War Banner 02.asset","Assets/Game/Docs/WeaponPreviewExports/Previews/War Banner 02.png","Spear","Weapon","polearm","Create a single game inventory icon PNG of 'War Banner 02'. Use the attached prefab preview as a strict reference. Recreate the exact same weapon shape and silhouette as closely as possible. Match the exact shaft length, shaft thickness, head size, head placement, and tip silhouette from the prefab reference. Keep the weapon in an extremely simple low-poly style, with very few large planes, very little micro detail, and minimal surface noise. Use simplified low-poly metal, wood, or leather with broad flat color areas and minimal texture detail. Composition: one isolated weapon only, transparent background, no backdrop, no frame, no environment, no character, no hand, centered in the canvas, full object visible, diagonal layout like the sample icon. Important: preserve the reference proportions exactly. Preserve the same number of major shape masses. Preserve the same wrapping placement, spike placement, head size, handle length, guard shape, and tip shape visible in the prefab preview. Do not redesign the polearm. Do not change shaft length, do not enlarge the head, do not add banners, hooks, tassels, or ornaments unless already visible in the reference. No realism, no painterly brushwork, no ornate reinterpretation, no extra decorative detail, no glow, no text, no watermark."
"War Banner 03","Assets/Game/Data/Items/Weapons/Melee Weapons/Polygon Dungeon Generated/War Banner 03.asset","Assets/Game/Docs/WeaponPreviewExports/Previews/War Banner 03.png","Spear","Weapon","polearm","Create a single game inventory icon PNG of 'War Banner 03'. Use the attached prefab preview as a strict reference. Recreate the exact same weapon shape and silhouette as closely as possible. Match the exact shaft length, shaft thickness, head size, head placement, and tip silhouette from the prefab reference. Keep the weapon in an extremely simple low-poly style, with very few large planes, very little micro detail, and minimal surface noise. Use simplified low-poly metal, wood, or leather with broad flat color areas and minimal texture detail. Composition: one isolated weapon only, transparent background, no backdrop, no frame, no environment, no character, no hand, centered in the canvas, full object visible, diagonal layout like the sample icon. Important: preserve the reference proportions exactly. Preserve the same number of major shape masses. Preserve the same wrapping placement, spike placement, head size, handle length, guard shape, and tip shape visible in the prefab preview. Do not redesign the polearm. Do not change shaft length, do not enlarge the head, do not add banners, hooks, tassels, or ornaments unless already visible in the reference. No realism, no painterly brushwork, no ornate reinterpretation, no extra decorative detail, no glow, no text, no watermark."
"War Banner 04","Assets/Game/Data/Items/Weapons/Melee Weapons/Polygon Dungeon Generated/War Banner 04.asset","Assets/Game/Docs/WeaponPreviewExports/Previews/War Banner 04.png","Spear","Weapon","polearm","Create a single game inventory icon PNG of 'War Banner 04'. Use the attached prefab preview as a strict reference. Recreate the exact same weapon shape and silhouette as closely as possible. Match the exact shaft length, shaft thickness, head size, head placement, and tip silhouette from the prefab reference. Keep the weapon in an extremely simple low-poly style, with very few large planes, very little micro detail, and minimal surface noise. Use simplified low-poly metal, wood, or leather with broad flat color areas and minimal texture detail. Composition: one isolated weapon only, transparent background, no backdrop, no frame, no environment, no character, no hand, centered in the canvas, full object visible, diagonal layout like the sample icon. Important: preserve the reference proportions exactly. Preserve the same number of major shape masses. Preserve the same wrapping placement, spike placement, head size, handle length, guard shape, and tip shape visible in the prefab preview. Do not redesign the polearm. Do not change shaft length, do not enlarge the head, do not add banners, hooks, tassels, or ornaments unless already visible in the reference. No realism, no painterly brushwork, no ornate reinterpretation, no extra decorative detail, no glow, no text, no watermark."
"War Banner 05","Assets/Game/Data/Items/Weapons/Melee Weapons/Polygon Dungeon Generated/War Banner 05.asset","Assets/Game/Docs/WeaponPreviewExports/Previews/War Banner 05.png","Spear","Weapon","polearm","Create a single game inventory icon PNG of 'War Banner 05'. Use the attached prefab preview as a strict reference. Recreate the exact same weapon shape and silhouette as closely as possible. Match the exact shaft length, shaft thickness, head size, head placement, and tip silhouette from the prefab reference. Keep the weapon in an extremely simple low-poly style, with very few large planes, very little micro detail, and minimal surface noise. Use simplified low-poly metal, wood, or leather with broad flat color areas and minimal texture detail. Composition: one isolated weapon only, transparent background, no backdrop, no frame, no environment, no character, no hand, centered in the canvas, full object visible, diagonal layout like the sample icon. Important: preserve the reference proportions exactly. Preserve the same number of major shape masses. Preserve the same wrapping placement, spike placement, head size, handle length, guard shape, and tip shape visible in the prefab preview. Do not redesign the polearm. Do not change shaft length, do not enlarge the head, do not add banners, hooks, tassels, or ornaments unless already visible in the reference. No realism, no painterly brushwork, no ornate reinterpretation, no extra decorative detail, no glow, no text, no watermark."
"Wooden Glaive","Assets/Game/Data/Items/Weapons/Melee Weapons/Polygon Dungeon Generated/Wooden Glaive.asset","Assets/Game/Docs/WeaponPreviewExports/Previews/Wooden Glaive.png","Spear","Weapon","polearm","Create a single game inventory icon PNG of 'Wooden Glaive'. Use the attached prefab preview as a strict reference. Recreate the exact same weapon shape and silhouette as closely as possible. Match the exact shaft length, shaft thickness, head size, head placement, and tip silhouette from the prefab reference. Keep the weapon in an extremely simple low-poly style, with very few large planes, very little micro detail, and minimal surface noise. Use broad simple wood planes, no detailed grain illustration. Composition: one isolated weapon only, transparent background, no backdrop, no frame, no environment, no character, no hand, centered in the canvas, full object visible, diagonal layout like the sample icon. Important: preserve the reference proportions exactly. Preserve the same number of major shape masses. Preserve the same wrapping placement, spike placement, head size, handle length, guard shape, and tip shape visible in the prefab preview. Do not redesign the polearm. Do not change shaft length, do not enlarge the head, do not add banners, hooks, tassels, or ornaments unless already visible in the reference. No realism, no painterly brushwork, no ornate reinterpretation, no extra decorative detail, no glow, no text, no watermark."
"Wooden Great Hammer","Assets/Game/Data/Items/Weapons/Melee Weapons/Polygon Dungeon Generated/Wooden Great Hammer.asset","Assets/Game/Docs/WeaponPreviewExports/Previews/Wooden Great Hammer.png","StraightSword","Weapon","blunt","Create a single game inventory icon PNG of 'Wooden Great Hammer'. Use the attached prefab preview as a strict reference. Recreate the exact same weapon shape and silhouette as closely as possible. Match the exact handle length, handle thickness, head size, head silhouette, and all major spikes or stone masses from the prefab reference. Keep the weapon in an extremely simple low-poly style, with very few large planes, very little micro detail, and minimal surface noise. Use broad simple wood planes, no detailed grain illustration. Composition: one isolated weapon only, transparent background, no backdrop, no frame, no environment, no character, no hand, centered in the canvas, full object visible, diagonal layout like the sample icon. Important: preserve the reference proportions exactly. Preserve the same number of major shape masses. Preserve the same wrapping placement, spike placement, head size, handle length, guard shape, and tip shape visible in the prefab preview. Do not redesign the weapon. Do not enlarge the head, do not add more spikes, stones, wraps, pendants, cracks, or painterly details than shown in the prefab reference. No realism, no painterly brushwork, no ornate reinterpretation, no extra decorative detail, no glow, no text, no watermark."
"Archer Shield","Assets/Game/Data/Items/Weapons/Melee Weapons/Polygon Fantasy Hero Generated/Archer Shield.asset","Assets/Game/Docs/WeaponPreviewExports/Previews/Archer Shield.png","MediumShield","Shield","shield","Create a single game inventory icon PNG of 'Archer Shield'. Use the attached prefab preview as a strict reference. Recreate the exact same weapon shape and silhouette as closely as possible. Match the exact shield outline, face shape, width, rim thickness, and strap-side mass distribution from the prefab reference. Keep the weapon in an extremely simple low-poly style, with very few large planes, very little micro detail, and minimal surface noise. Use simplified low-poly metal and leather with broad flat color areas and minimal texture detail. Composition: one isolated weapon only, transparent background, no backdrop, no frame, no environment, no character, no hand, centered in the canvas, full object visible, diagonal layout like the sample icon. Important: preserve the reference proportions exactly. Preserve the same number of major shape masses. Preserve the same wrapping placement, spike placement, head size, handle length, guard shape, and tip shape visible in the prefab preview. Do not redesign the shield. Do not add filigree, extra crests, extra spikes, extra dents, cloth, or painterly texture. Do not round the silhouette. No realism, no painterly brushwork, no ornate reinterpretation, no extra decorative detail, no glow, no text, no watermark."
"Banded Shield","Assets/Game/Data/Items/Weapons/Melee Weapons/Polygon Fantasy Hero Generated/Banded Shield.asset","Assets/Game/Docs/WeaponPreviewExports/Previews/Banded Shield.png","LightShield","Shield","shield","Create a single game inventory icon PNG of 'Banded Shield'. Use the attached prefab preview as a strict reference. Recreate the exact same weapon shape and silhouette as closely as possible. Match the exact shield outline, face shape, width, rim thickness, and strap-side mass distribution from the prefab reference. Keep the weapon in an extremely simple low-poly style, with very few large planes, very little micro detail, and minimal surface noise. Use simplified low-poly metal and leather with broad flat color areas and minimal texture detail. Composition: one isolated weapon only, transparent background, no backdrop, no frame, no environment, no character, no hand, centered in the canvas, full object visible, diagonal layout like the sample icon. Important: preserve the reference proportions exactly. Preserve the same number of major shape masses. Preserve the same wrapping placement, spike placement, head size, handle length, guard shape, and tip shape visible in the prefab preview. Do not redesign the shield. Do not add filigree, extra crests, extra spikes, extra dents, cloth, or painterly texture. Do not round the silhouette. No realism, no painterly brushwork, no ornate reinterpretation, no extra decorative detail, no glow, no text, no watermark."
"Banded Tower Shield","Assets/Game/Data/Items/Weapons/Melee Weapons/Polygon Fantasy Hero Generated/Banded Tower Shield.asset","Assets/Game/Docs/WeaponPreviewExports/Previews/Banded Tower Shield.png","MediumShield","Shield","shield","Create a single game inventory icon PNG of 'Banded Tower Shield'. Use the attached prefab preview as a strict reference. Recreate the exact same weapon shape and silhouette as closely as possible. Match the exact shield outline, face shape, width, rim thickness, and strap-side mass distribution from the prefab reference. Keep the weapon in an extremely simple low-poly style, with very few large planes, very little micro detail, and minimal surface noise. Use simplified low-poly metal and leather with broad flat color areas and minimal texture detail. Composition: one isolated weapon only, transparent background, no backdrop, no frame, no environment, no character, no hand, centered in the canvas, full object visible, diagonal layout like the sample icon. Important: preserve the reference proportions exactly. Preserve the same number of major shape masses. Preserve the same wrapping placement, spike placement, head size, handle length, guard shape, and tip shape visible in the prefab preview. Do not redesign the shield. Do not add filigree, extra crests, extra spikes, extra dents, cloth, or painterly texture. Do not round the silhouette. No realism, no painterly brushwork, no ornate reinterpretation, no extra decorative detail, no glow, no text, no watermark."
"Beast Crest Shield","Assets/Game/Data/Items/Weapons/Melee Weapons/Polygon Fantasy Hero Generated/Beast Crest Shield.asset","Assets/Game/Docs/WeaponPreviewExports/Previews/Beast Crest Shield.png","LightShield","Shield","shield","Create a single game inventory icon PNG of 'Beast Crest Shield'. Use the attached prefab preview as a strict reference. Recreate the exact same weapon shape and silhouette as closely as possible. Match the exact shield outline, face shape, width, rim thickness, and strap-side mass distribution from the prefab reference. Keep the weapon in an extremely simple low-poly style, with very few large planes, very little micro detail, and minimal surface noise. Keep heraldic ornament broad and simplified, never intricate. Composition: one isolated weapon only, transparent background, no backdrop, no frame, no environment, no character, no hand, centered in the canvas, full object visible, diagonal layout like the sample icon. Important: preserve the reference proportions exactly. Preserve the same number of major shape masses. Preserve the same wrapping placement, spike placement, head size, handle length, guard shape, and tip shape visible in the prefab preview. Do not redesign the shield. Do not add filigree, extra crests, extra spikes, extra dents, cloth, or painterly texture. Do not round the silhouette. No realism, no painterly brushwork, no ornate reinterpretation, no extra decorative detail, no glow, no text, no watermark."
"Beast Tower Shield","Assets/Game/Data/Items/Weapons/Melee Weapons/Polygon Fantasy Hero Generated/Beast Tower Shield.asset","Assets/Game/Docs/WeaponPreviewExports/Previews/Beast Tower Shield.png","MediumShield","Shield","shield","Create a single game inventory icon PNG of 'Beast Tower Shield'. Use the attached prefab preview as a strict reference. Recreate the exact same weapon shape and silhouette as closely as possible. Match the exact shield outline, face shape, width, rim thickness, and strap-side mass distribution from the prefab reference. Keep the weapon in an extremely simple low-poly style, with very few large planes, very little micro detail, and minimal surface noise. Use simplified low-poly metal and leather with broad flat color areas and minimal texture detail. Composition: one isolated weapon only, transparent background, no backdrop, no frame, no environment, no character, no hand, centered in the canvas, full object visible, diagonal layout like the sample icon. Important: preserve the reference proportions exactly. Preserve the same number of major shape masses. Preserve the same wrapping placement, spike placement, head size, handle length, guard shape, and tip shape visible in the prefab preview. Do not redesign the shield. Do not add filigree, extra crests, extra spikes, extra dents, cloth, or painterly texture. Do not round the silhouette. No realism, no painterly brushwork, no ornate reinterpretation, no extra decorative detail, no glow, no text, no watermark."
"Chevron Tower Shield","Assets/Game/Data/Items/Weapons/Melee Weapons/Polygon Fantasy Hero Generated/Chevron Tower Shield.asset","Assets/Game/Docs/WeaponPreviewExports/Previews/Chevron Tower Shield.png","MediumShield","Shield","shield","Create a single game inventory icon PNG of 'Chevron Tower Shield'. Use the attached prefab preview as a strict reference. Recreate the exact same weapon shape and silhouette as closely as possible. Match the exact shield outline, face shape, width, rim thickness, and strap-side mass distribution from the prefab reference. Keep the weapon in an extremely simple low-poly style, with very few large planes, very little micro detail, and minimal surface noise. Use simplified low-poly metal and leather with broad flat color areas and minimal texture detail. Composition: one isolated weapon only, transparent background, no backdrop, no frame, no environment, no character, no hand, centered in the canvas, full object visible, diagonal layout like the sample icon. Important: preserve the reference proportions exactly. Preserve the same number of major shape masses. Preserve the same wrapping placement, spike placement, head size, handle length, guard shape, and tip shape visible in the prefab preview. Do not redesign the shield. Do not add filigree, extra crests, extra spikes, extra dents, cloth, or painterly texture. Do not round the silhouette. No realism, no painterly brushwork, no ornate reinterpretation, no extra decorative detail, no glow, no text, no watermark."
"Cross Shield 02","Assets/Game/Data/Items/Weapons/Melee Weapons/Polygon Fantasy Hero Generated/Cross Shield 02.asset","Assets/Game/Docs/WeaponPreviewExports/Previews/Cross Shield 02.png","MediumShield","Shield","shield","Create a single game inventory icon PNG of 'Cross Shield 02'. Use the attached prefab preview as a strict reference. Recreate the exact same weapon shape and silhouette as closely as possible. Match the exact shield outline, face shape, width, rim thickness, and strap-side mass distribution from the prefab reference. Keep the weapon in an extremely simple low-poly style, with very few large planes, very little micro detail, and minimal surface noise. Use simplified low-poly metal and leather with broad flat color areas and minimal texture detail. Composition: one isolated weapon only, transparent background, no backdrop, no frame, no environment, no character, no hand, centered in the canvas, full object visible, diagonal layout like the sample icon. Important: preserve the reference proportions exactly. Preserve the same number of major shape masses. Preserve the same wrapping placement, spike placement, head size, handle length, guard shape, and tip shape visible in the prefab preview. Do not redesign the shield. Do not add filigree, extra crests, extra spikes, extra dents, cloth, or painterly texture. Do not round the silhouette. No realism, no painterly brushwork, no ornate reinterpretation, no extra decorative detail, no glow, no text, no watermark."
"Cross Shield","Assets/Game/Data/Items/Weapons/Melee Weapons/Polygon Fantasy Hero Generated/Cross Shield.asset","Assets/Game/Docs/WeaponPreviewExports/Previews/Cross Shield.png","LightShield","Shield","shield","Create a single game inventory icon PNG of 'Cross Shield'. Use the attached prefab preview as a strict reference. Recreate the exact same weapon shape and silhouette as closely as possible. Match the exact shield outline, face shape, width, rim thickness, and strap-side mass distribution from the prefab reference. Keep the weapon in an extremely simple low-poly style, with very few large planes, very little micro detail, and minimal surface noise. Use simplified low-poly metal and leather with broad flat color areas and minimal texture detail. Composition: one isolated weapon only, transparent background, no backdrop, no frame, no environment, no character, no hand, centered in the canvas, full object visible, diagonal layout like the sample icon. Important: preserve the reference proportions exactly. Preserve the same number of major shape masses. Preserve the same wrapping placement, spike placement, head size, handle length, guard shape, and tip shape visible in the prefab preview. Do not redesign the shield. Do not add filigree, extra crests, extra spikes, extra dents, cloth, or painterly texture. Do not round the silhouette. No realism, no painterly brushwork, no ornate reinterpretation, no extra decorative detail, no glow, no text, no watermark."
"Cross Tower Shield","Assets/Game/Data/Items/Weapons/Melee Weapons/Polygon Fantasy Hero Generated/Cross Tower Shield.asset","Assets/Game/Docs/WeaponPreviewExports/Previews/Cross Tower Shield.png","MediumShield","Shield","shield","Create a single game inventory icon PNG of 'Cross Tower Shield'. Use the attached prefab preview as a strict reference. Recreate the exact same weapon shape and silhouette as closely as possible. Match the exact shield outline, face shape, width, rim thickness, and strap-side mass distribution from the prefab reference. Keep the weapon in an extremely simple low-poly style, with very few large planes, very little micro detail, and minimal surface noise. Use simplified low-poly metal and leather with broad flat color areas and minimal texture detail. Composition: one isolated weapon only, transparent background, no backdrop, no frame, no environment, no character, no hand, centered in the canvas, full object visible, diagonal layout like the sample icon. Important: preserve the reference proportions exactly. Preserve the same number of major shape masses. Preserve the same wrapping placement, spike placement, head size, handle length, guard shape, and tip shape visible in the prefab preview. Do not redesign the shield. Do not add filigree, extra crests, extra spikes, extra dents, cloth, or painterly texture. Do not round the silhouette. No realism, no painterly brushwork, no ornate reinterpretation, no extra decorative detail, no glow, no text, no watermark."
"Crown Shield 02","Assets/Game/Data/Items/Weapons/Melee Weapons/Polygon Fantasy Hero Generated/Crown Shield 02.asset","Assets/Game/Docs/WeaponPreviewExports/Previews/Crown Shield 02.png","MediumShield","Shield","shield","Create a single game inventory icon PNG of 'Crown Shield 02'. Use the attached prefab preview as a strict reference. Recreate the exact same weapon shape and silhouette as closely as possible. Match the exact shield outline, face shape, width, rim thickness, and strap-side mass distribution from the prefab reference. Keep the weapon in an extremely simple low-poly style, with very few large planes, very little micro detail, and minimal surface noise. Keep heraldic ornament broad and simplified, never intricate. Composition: one isolated weapon only, transparent background, no backdrop, no frame, no environment, no character, no hand, centered in the canvas, full object visible, diagonal layout like the sample icon. Important: preserve the reference proportions exactly. Preserve the same number of major shape masses. Preserve the same wrapping placement, spike placement, head size, handle length, guard shape, and tip shape visible in the prefab preview. Do not redesign the shield. Do not add filigree, extra crests, extra spikes, extra dents, cloth, or painterly texture. Do not round the silhouette. No realism, no painterly brushwork, no ornate reinterpretation, no extra decorative detail, no glow, no text, no watermark."
"Crown Shield","Assets/Game/Data/Items/Weapons/Melee Weapons/Polygon Fantasy Hero Generated/Crown Shield.asset","Assets/Game/Docs/WeaponPreviewExports/Previews/Crown Shield.png","LightShield","Shield","shield","Create a single game inventory icon PNG of 'Crown Shield'. Use the attached prefab preview as a strict reference. Recreate the exact same weapon shape and silhouette as closely as possible. Match the exact shield outline, face shape, width, rim thickness, and strap-side mass distribution from the prefab reference. Keep the weapon in an extremely simple low-poly style, with very few large planes, very little micro detail, and minimal surface noise. Keep heraldic ornament broad and simplified, never intricate. Composition: one isolated weapon only, transparent background, no backdrop, no frame, no environment, no character, no hand, centered in the canvas, full object visible, diagonal layout like the sample icon. Important: preserve the reference proportions exactly. Preserve the same number of major shape masses. Preserve the same wrapping placement, spike placement, head size, handle length, guard shape, and tip shape visible in the prefab preview. Do not redesign the shield. Do not add filigree, extra crests, extra spikes, extra dents, cloth, or painterly texture. Do not round the silhouette. No realism, no painterly brushwork, no ornate reinterpretation, no extra decorative detail, no glow, no text, no watermark."
"Crown Tower Shield","Assets/Game/Data/Items/Weapons/Melee Weapons/Polygon Fantasy Hero Generated/Crown Tower Shield.asset","Assets/Game/Docs/WeaponPreviewExports/Previews/Crown Tower Shield.png","MediumShield","Shield","shield","Create a single game inventory icon PNG of 'Crown Tower Shield'. Use the attached prefab preview as a strict reference. Recreate the exact same weapon shape and silhouette as closely as possible. Match the exact shield outline, face shape, width, rim thickness, and strap-side mass distribution from the prefab reference. Keep the weapon in an extremely simple low-poly style, with very few large planes, very little micro detail, and minimal surface noise. Keep heraldic ornament broad and simplified, never intricate. Composition: one isolated weapon only, transparent background, no backdrop, no frame, no environment, no character, no hand, centered in the canvas, full object visible, diagonal layout like the sample icon. Important: preserve the reference proportions exactly. Preserve the same number of major shape masses. Preserve the same wrapping placement, spike placement, head size, handle length, guard shape, and tip shape visible in the prefab preview. Do not redesign the shield. Do not add filigree, extra crests, extra spikes, extra dents, cloth, or painterly texture. Do not round the silhouette. No realism, no painterly brushwork, no ornate reinterpretation, no extra decorative detail, no glow, no text, no watermark."
"Crusader Shield","Assets/Game/Data/Items/Weapons/Melee Weapons/Polygon Fantasy Hero Generated/Crusader Shield.asset","Assets/Game/Docs/WeaponPreviewExports/Previews/Crusader Shield.png","LightShield","Shield","shield","Create a single game inventory icon PNG of 'Crusader Shield'. Use the attached prefab preview as a strict reference. Recreate the exact same weapon shape and silhouette as closely as possible. Match the exact shield outline, face shape, width, rim thickness, and strap-side mass distribution from the prefab reference. Keep the weapon in an extremely simple low-poly style, with very few large planes, very little micro detail, and minimal surface noise. Use simplified low-poly metal and leather with broad flat color areas and minimal texture detail. Composition: one isolated weapon only, transparent background, no backdrop, no frame, no environment, no character, no hand, centered in the canvas, full object visible, diagonal layout like the sample icon. Important: preserve the reference proportions exactly. Preserve the same number of major shape masses. Preserve the same wrapping placement, spike placement, head size, handle length, guard shape, and tip shape visible in the prefab preview. Do not redesign the shield. Do not add filigree, extra crests, extra spikes, extra dents, cloth, or painterly texture. Do not round the silhouette. No realism, no painterly brushwork, no ornate reinterpretation, no extra decorative detail, no glow, no text, no watermark."
"Dagger","Assets/Game/Data/Items/Weapons/Melee Weapons/Polygon Fantasy Hero Generated/Dagger.asset","Assets/Game/Docs/WeaponPreviewExports/Previews/Dagger.png","StraightSword","Weapon","dagger","Create a single game inventory icon PNG of 'Dagger'. Use the attached prefab preview as a strict reference. Recreate the exact same weapon shape and silhouette as closely as possible. Match the exact blade length, blade width, guard size, grip length, and pommel silhouette from the prefab reference. Keep the weapon in an extremely simple low-poly style, with very few large planes, very little micro detail, and minimal surface noise. Use simplified low-poly metal, wood, or leather with broad flat color areas and minimal texture detail. Composition: one isolated weapon only, transparent background, no backdrop, no frame, no environment, no character, no hand, centered in the canvas, full object visible, diagonal layout like the sample icon. Important: preserve the reference proportions exactly. Preserve the same number of major shape masses. Preserve the same wrapping placement, spike placement, head size, handle length, guard shape, and tip shape visible in the prefab preview. Do not redesign the dagger. Do not add extra guard detail, extra serration, gem inlays, or painterly texture. No realism, no painterly brushwork, no ornate reinterpretation, no extra decorative detail, no glow, no text, no watermark."
"Fleur Shield 02","Assets/Game/Data/Items/Weapons/Melee Weapons/Polygon Fantasy Hero Generated/Fleur Shield 02.asset","Assets/Game/Docs/WeaponPreviewExports/Previews/Fleur Shield 02.png","MediumShield","Shield","shield","Create a single game inventory icon PNG of 'Fleur Shield 02'. Use the attached prefab preview as a strict reference. Recreate the exact same weapon shape and silhouette as closely as possible. Match the exact shield outline, face shape, width, rim thickness, and strap-side mass distribution from the prefab reference. Keep the weapon in an extremely simple low-poly style, with very few large planes, very little micro detail, and minimal surface noise. Keep heraldic ornament broad and simplified, never intricate. Composition: one isolated weapon only, transparent background, no backdrop, no frame, no environment, no character, no hand, centered in the canvas, full object visible, diagonal layout like the sample icon. Important: preserve the reference proportions exactly. Preserve the same number of major shape masses. Preserve the same wrapping placement, spike placement, head size, handle length, guard shape, and tip shape visible in the prefab preview. Do not redesign the shield. Do not add filigree, extra crests, extra spikes, extra dents, cloth, or painterly texture. Do not round the silhouette. No realism, no painterly brushwork, no ornate reinterpretation, no extra decorative detail, no glow, no text, no watermark."
"Fleur Shield","Assets/Game/Data/Items/Weapons/Melee Weapons/Polygon Fantasy Hero Generated/Fleur Shield.asset","Assets/Game/Docs/WeaponPreviewExports/Previews/Fleur Shield.png","LightShield","Shield","shield","Create a single game inventory icon PNG of 'Fleur Shield'. Use the attached prefab preview as a strict reference. Recreate the exact same weapon shape and silhouette as closely as possible. Match the exact shield outline, face shape, width, rim thickness, and strap-side mass distribution from the prefab reference. Keep the weapon in an extremely simple low-poly style, with very few large planes, very little micro detail, and minimal surface noise. Keep heraldic ornament broad and simplified, never intricate. Composition: one isolated weapon only, transparent background, no backdrop, no frame, no environment, no character, no hand, centered in the canvas, full object visible, diagonal layout like the sample icon. Important: preserve the reference proportions exactly. Preserve the same number of major shape masses. Preserve the same wrapping placement, spike placement, head size, handle length, guard shape, and tip shape visible in the prefab preview. Do not redesign the shield. Do not add filigree, extra crests, extra spikes, extra dents, cloth, or painterly texture. Do not round the silhouette. No realism, no painterly brushwork, no ornate reinterpretation, no extra decorative detail, no glow, no text, no watermark."
"Fleur Tower Shield","Assets/Game/Data/Items/Weapons/Melee Weapons/Polygon Fantasy Hero Generated/Fleur Tower Shield.asset","Assets/Game/Docs/WeaponPreviewExports/Previews/Fleur Tower Shield.png","MediumShield","Shield","shield","Create a single game inventory icon PNG of 'Fleur Tower Shield'. Use the attached prefab preview as a strict reference. Recreate the exact same weapon shape and silhouette as closely as possible. Match the exact shield outline, face shape, width, rim thickness, and strap-side mass distribution from the prefab reference. Keep the weapon in an extremely simple low-poly style, with very few large planes, very little micro detail, and minimal surface noise. Keep heraldic ornament broad and simplified, never intricate. Composition: one isolated weapon only, transparent background, no backdrop, no frame, no environment, no character, no hand, centered in the canvas, full object visible, diagonal layout like the sample icon. Important: preserve the reference proportions exactly. Preserve the same number of major shape masses. Preserve the same wrapping placement, spike placement, head size, handle length, guard shape, and tip shape visible in the prefab preview. Do not redesign the shield. Do not add filigree, extra crests, extra spikes, extra dents, cloth, or painterly texture. Do not round the silhouette. No realism, no painterly brushwork, no ornate reinterpretation, no extra decorative detail, no glow, no text, no watermark."
"Greatsword","Assets/Game/Data/Items/Weapons/Melee Weapons/Polygon Fantasy Hero Generated/Greatsword.asset","Assets/Game/Docs/WeaponPreviewExports/Previews/Greatsword.png","StraightSword","Weapon","greatsword","Create a single game inventory icon PNG of 'Greatsword'. Use the attached prefab preview as a strict reference. Recreate the exact same weapon shape and silhouette as closely as possible. Match the exact blade length, blade width, guard silhouette, grip length, and pommel silhouette from the prefab reference. Keep the weapon in an extremely simple low-poly style, with very few large planes, very little micro detail, and minimal surface noise. Use simplified low-poly metal, wood, or leather with broad flat color areas and minimal texture detail. Composition: one isolated weapon only, transparent background, no backdrop, no frame, no environment, no character, no hand, centered in the canvas, full object visible, diagonal layout like the sample icon. Important: preserve the reference proportions exactly. Preserve the same number of major shape masses. Preserve the same wrapping placement, spike placement, head size, handle length, guard shape, and tip shape visible in the prefab preview. Do not redesign the greatsword. Do not change proportions, do not add extra ornaments, and do not add painterly texture. No realism, no painterly brushwork, no ornate reinterpretation, no extra decorative detail, no glow, no text, no watermark."
"Halfcoat Shield","Assets/Game/Data/Items/Weapons/Melee Weapons/Polygon Fantasy Hero Generated/Halfcoat Shield.asset","Assets/Game/Docs/WeaponPreviewExports/Previews/Halfcoat Shield.png","LightShield","Shield","shield","Create a single game inventory icon PNG of 'Halfcoat Shield'. Use the attached prefab preview as a strict reference. Recreate the exact same weapon shape and silhouette as closely as possible. Match the exact shield outline, face shape, width, rim thickness, and strap-side mass distribution from the prefab reference. Keep the weapon in an extremely simple low-poly style, with very few large planes, very little micro detail, and minimal surface noise. Use simplified low-poly metal and leather with broad flat color areas and minimal texture detail. Composition: one isolated weapon only, transparent background, no backdrop, no frame, no environment, no character, no hand, centered in the canvas, full object visible, diagonal layout like the sample icon. Important: preserve the reference proportions exactly. Preserve the same number of major shape masses. Preserve the same wrapping placement, spike placement, head size, handle length, guard shape, and tip shape visible in the prefab preview. Do not redesign the shield. Do not add filigree, extra crests, extra spikes, extra dents, cloth, or painterly texture. Do not round the silhouette. No realism, no painterly brushwork, no ornate reinterpretation, no extra decorative detail, no glow, no text, no watermark."
"Hand Axe","Assets/Game/Data/Items/Weapons/Melee Weapons/Polygon Fantasy Hero Generated/Hand Axe.asset","Assets/Game/Docs/WeaponPreviewExports/Previews/Hand Axe.png","StraightSword","Weapon","axe","Create a single game inventory icon PNG of 'Hand Axe'. Use the attached prefab preview as a strict reference. Recreate the exact same weapon shape and silhouette as closely as possible. Match the exact handle length, blade size, blade angle, and head silhouette from the prefab reference. Keep the weapon in an extremely simple low-poly style, with very few large planes, very little micro detail, and minimal surface noise. Use simplified low-poly metal, wood, or leather with broad flat color areas and minimal texture detail. Composition: one isolated weapon only, transparent background, no backdrop, no frame, no environment, no character, no hand, centered in the canvas, full object visible, diagonal layout like the sample icon. Important: preserve the reference proportions exactly. Preserve the same number of major shape masses. Preserve the same wrapping placement, spike placement, head size, handle length, guard shape, and tip shape visible in the prefab preview. Do not redesign the axe. Do not widen the blade, do not curve the handle, do not add extra spikes, engravings, or painterly texture. No realism, no painterly brushwork, no ornate reinterpretation, no extra decorative detail, no glow, no text, no watermark."
"Herald Tower Shield","Assets/Game/Data/Items/Weapons/Melee Weapons/Polygon Fantasy Hero Generated/Herald Tower Shield.asset","Assets/Game/Docs/WeaponPreviewExports/Previews/Herald Tower Shield.png","MediumShield","Shield","shield","Create a single game inventory icon PNG of 'Herald Tower Shield'. Use the attached prefab preview as a strict reference. Recreate the exact same weapon shape and silhouette as closely as possible. Match the exact shield outline, face shape, width, rim thickness, and strap-side mass distribution from the prefab reference. Keep the weapon in an extremely simple low-poly style, with very few large planes, very little micro detail, and minimal surface noise. Keep heraldic ornament broad and simplified, never intricate. Composition: one isolated weapon only, transparent background, no backdrop, no frame, no environment, no character, no hand, centered in the canvas, full object visible, diagonal layout like the sample icon. Important: preserve the reference proportions exactly. Preserve the same number of major shape masses. Preserve the same wrapping placement, spike placement, head size, handle length, guard shape, and tip shape visible in the prefab preview. Do not redesign the shield. Do not add filigree, extra crests, extra spikes, extra dents, cloth, or painterly texture. Do not round the silhouette. No realism, no painterly brushwork, no ornate reinterpretation, no extra decorative detail, no glow, no text, no watermark."
"Jousting Lance 01","Assets/Game/Data/Items/Weapons/Melee Weapons/Polygon Fantasy Hero Generated/Jousting Lance 01.asset","Assets/Game/Docs/WeaponPreviewExports/Previews/Jousting Lance 01.png","Spear","Weapon","polearm","Create a single game inventory icon PNG of 'Jousting Lance 01'. Use the attached prefab preview as a strict reference. Recreate the exact same weapon shape and silhouette as closely as possible. Match the exact shaft length, shaft thickness, head size, head placement, and tip silhouette from the prefab reference. Keep the weapon in an extremely simple low-poly style, with very few large planes, very little micro detail, and minimal surface noise. Use simplified low-poly metal, wood, or leather with broad flat color areas and minimal texture detail. Composition: one isolated weapon only, transparent background, no backdrop, no frame, no environment, no character, no hand, centered in the canvas, full object visible, diagonal layout like the sample icon. Important: preserve the reference proportions exactly. Preserve the same number of major shape masses. Preserve the same wrapping placement, spike placement, head size, handle length, guard shape, and tip shape visible in the prefab preview. Do not redesign the polearm. Do not change shaft length, do not enlarge the head, do not add banners, hooks, tassels, or ornaments unless already visible in the reference. No realism, no painterly brushwork, no ornate reinterpretation, no extra decorative detail, no glow, no text, no watermark."
"Jousting Lance 02","Assets/Game/Data/Items/Weapons/Melee Weapons/Polygon Fantasy Hero Generated/Jousting Lance 02.asset","Assets/Game/Docs/WeaponPreviewExports/Previews/Jousting Lance 02.png","Spear","Weapon","polearm","Create a single game inventory icon PNG of 'Jousting Lance 02'. Use the attached prefab preview as a strict reference. Recreate the exact same weapon shape and silhouette as closely as possible. Match the exact shaft length, shaft thickness, head size, head placement, and tip silhouette from the prefab reference. Keep the weapon in an extremely simple low-poly style, with very few large planes, very little micro detail, and minimal surface noise. Use simplified low-poly metal, wood, or leather with broad flat color areas and minimal texture detail. Composition: one isolated weapon only, transparent background, no backdrop, no frame, no environment, no character, no hand, centered in the canvas, full object visible, diagonal layout like the sample icon. Important: preserve the reference proportions exactly. Preserve the same number of major shape masses. Preserve the same wrapping placement, spike placement, head size, handle length, guard shape, and tip shape visible in the prefab preview. Do not redesign the polearm. Do not change shaft length, do not enlarge the head, do not add banners, hooks, tassels, or ornaments unless already visible in the reference. No realism, no painterly brushwork, no ornate reinterpretation, no extra decorative detail, no glow, no text, no watermark."
"Jousting Lance 03","Assets/Game/Data/Items/Weapons/Melee Weapons/Polygon Fantasy Hero Generated/Jousting Lance 03.asset","Assets/Game/Docs/WeaponPreviewExports/Previews/Jousting Lance 03.png","Spear","Weapon","polearm","Create a single game inventory icon PNG of 'Jousting Lance 03'. Use the attached prefab preview as a strict reference. Recreate the exact same weapon shape and silhouette as closely as possible. Match the exact shaft length, shaft thickness, head size, head placement, and tip silhouette from the prefab reference. Keep the weapon in an extremely simple low-poly style, with very few large planes, very little micro detail, and minimal surface noise. Use simplified low-poly metal, wood, or leather with broad flat color areas and minimal texture detail. Composition: one isolated weapon only, transparent background, no backdrop, no frame, no environment, no character, no hand, centered in the canvas, full object visible, diagonal layout like the sample icon. Important: preserve the reference proportions exactly. Preserve the same number of major shape masses. Preserve the same wrapping placement, spike placement, head size, handle length, guard shape, and tip shape visible in the prefab preview. Do not redesign the polearm. Do not change shaft length, do not enlarge the head, do not add banners, hooks, tassels, or ornaments unless already visible in the reference. No realism, no painterly brushwork, no ornate reinterpretation, no extra decorative detail, no glow, no text, no watermark."
"Lion Crest Shield 02","Assets/Game/Data/Items/Weapons/Melee Weapons/Polygon Fantasy Hero Generated/Lion Crest Shield 02.asset","Assets/Game/Docs/WeaponPreviewExports/Previews/Lion Crest Shield 02.png","MediumShield","Shield","shield","Create a single game inventory icon PNG of 'Lion Crest Shield 02'. Use the attached prefab preview as a strict reference. Recreate the exact same weapon shape and silhouette as closely as possible. Match the exact shield outline, face shape, width, rim thickness, and strap-side mass distribution from the prefab reference. Keep the weapon in an extremely simple low-poly style, with very few large planes, very little micro detail, and minimal surface noise. Keep heraldic ornament broad and simplified, never intricate. Composition: one isolated weapon only, transparent background, no backdrop, no frame, no environment, no character, no hand, centered in the canvas, full object visible, diagonal layout like the sample icon. Important: preserve the reference proportions exactly. Preserve the same number of major shape masses. Preserve the same wrapping placement, spike placement, head size, handle length, guard shape, and tip shape visible in the prefab preview. Do not redesign the shield. Do not add filigree, extra crests, extra spikes, extra dents, cloth, or painterly texture. Do not round the silhouette. No realism, no painterly brushwork, no ornate reinterpretation, no extra decorative detail, no glow, no text, no watermark."
"Lion Crest Shield","Assets/Game/Data/Items/Weapons/Melee Weapons/Polygon Fantasy Hero Generated/Lion Crest Shield.asset","Assets/Game/Docs/WeaponPreviewExports/Previews/Lion Crest Shield.png","LightShield","Shield","shield","Create a single game inventory icon PNG of 'Lion Crest Shield'. Use the attached prefab preview as a strict reference. Recreate the exact same weapon shape and silhouette as closely as possible. Match the exact shield outline, face shape, width, rim thickness, and strap-side mass distribution from the prefab reference. Keep the weapon in an extremely simple low-poly style, with very few large planes, very little micro detail, and minimal surface noise. Keep heraldic ornament broad and simplified, never intricate. Composition: one isolated weapon only, transparent background, no backdrop, no frame, no environment, no character, no hand, centered in the canvas, full object visible, diagonal layout like the sample icon. Important: preserve the reference proportions exactly. Preserve the same number of major shape masses. Preserve the same wrapping placement, spike placement, head size, handle length, guard shape, and tip shape visible in the prefab preview. Do not redesign the shield. Do not add filigree, extra crests, extra spikes, extra dents, cloth, or painterly texture. Do not round the silhouette. No realism, no painterly brushwork, no ornate reinterpretation, no extra decorative detail, no glow, no text, no watermark."
"Lion Tower Shield","Assets/Game/Data/Items/Weapons/Melee Weapons/Polygon Fantasy Hero Generated/Lion Tower Shield.asset","Assets/Game/Docs/WeaponPreviewExports/Previews/Lion Tower Shield.png","MediumShield","Shield","shield","Create a single game inventory icon PNG of 'Lion Tower Shield'. Use the attached prefab preview as a strict reference. Recreate the exact same weapon shape and silhouette as closely as possible. Match the exact shield outline, face shape, width, rim thickness, and strap-side mass distribution from the prefab reference. Keep the weapon in an extremely simple low-poly style, with very few large planes, very little micro detail, and minimal surface noise. Keep heraldic ornament broad and simplified, never intricate. Composition: one isolated weapon only, transparent background, no backdrop, no frame, no environment, no character, no hand, centered in the canvas, full object visible, diagonal layout like the sample icon. Important: preserve the reference proportions exactly. Preserve the same number of major shape masses. Preserve the same wrapping placement, spike placement, head size, handle length, guard shape, and tip shape visible in the prefab preview. Do not redesign the shield. Do not add filigree, extra crests, extra spikes, extra dents, cloth, or painterly texture. Do not round the silhouette. No realism, no painterly brushwork, no ornate reinterpretation, no extra decorative detail, no glow, no text, no watermark."
"Long Staff","Assets/Game/Data/Items/Weapons/Melee Weapons/Polygon Fantasy Hero Generated/Long Staff.asset","Assets/Game/Docs/WeaponPreviewExports/Previews/Long Staff.png","Spear","Weapon","focus","Create a single game inventory icon PNG of 'Long Staff'. Use the attached prefab preview as a strict reference. Recreate the exact same weapon shape and silhouette as closely as possible. Match the exact compact silhouette, outer contour, and major mass placement from the prefab reference. Keep the weapon in an extremely simple low-poly style, with very few large planes, very little micro detail, and minimal surface noise. Use simplified low-poly magical object materials with broad flat color areas and minimal texture detail. Composition: one isolated weapon only, transparent background, no backdrop, no frame, no environment, no character, no hand, centered in the canvas, full object visible, diagonal layout like the sample icon. Important: preserve the reference proportions exactly. Preserve the same number of major shape masses. Preserve the same wrapping placement, spike placement, head size, handle length, guard shape, and tip shape visible in the prefab preview. Do not redesign the object. Do not add gems, chains, particles, glow effects, floating pieces, or ornate detail unless already visible in the reference. No realism, no painterly brushwork, no ornate reinterpretation, no extra decorative detail, no glow, no text, no watermark."
"Mace 01","Assets/Game/Data/Items/Weapons/Melee Weapons/Polygon Fantasy Hero Generated/Mace 01.asset","Assets/Game/Docs/WeaponPreviewExports/Previews/Mace 01.png","StraightSword","Weapon","blunt","Create a single game inventory icon PNG of 'Mace 01'. Use the attached prefab preview as a strict reference. Recreate the exact same weapon shape and silhouette as closely as possible. Match the exact handle length, handle thickness, head size, head silhouette, and all major spikes or stone masses from the prefab reference. Keep the weapon in an extremely simple low-poly style, with very few large planes, very little micro detail, and minimal surface noise. Use simplified low-poly metal, wood, or leather with broad flat color areas and minimal texture detail. Composition: one isolated weapon only, transparent background, no backdrop, no frame, no environment, no character, no hand, centered in the canvas, full object visible, diagonal layout like the sample icon. Important: preserve the reference proportions exactly. Preserve the same number of major shape masses. Preserve the same wrapping placement, spike placement, head size, handle length, guard shape, and tip shape visible in the prefab preview. Do not redesign the weapon. Do not enlarge the head, do not add more spikes, stones, wraps, pendants, cracks, or painterly details than shown in the prefab reference. No realism, no painterly brushwork, no ornate reinterpretation, no extra decorative detail, no glow, no text, no watermark."
"Plain Shield","Assets/Game/Data/Items/Weapons/Melee Weapons/Polygon Fantasy Hero Generated/Plain Shield.asset","Assets/Game/Docs/WeaponPreviewExports/Previews/Plain Shield.png","LightShield","Shield","shield","Create a single game inventory icon PNG of 'Plain Shield'. Use the attached prefab preview as a strict reference. Recreate the exact same weapon shape and silhouette as closely as possible. Match the exact shield outline, face shape, width, rim thickness, and strap-side mass distribution from the prefab reference. Keep the weapon in an extremely simple low-poly style, with very few large planes, very little micro detail, and minimal surface noise. Use simplified low-poly metal and leather with broad flat color areas and minimal texture detail. Composition: one isolated weapon only, transparent background, no backdrop, no frame, no environment, no character, no hand, centered in the canvas, full object visible, diagonal layout like the sample icon. Important: preserve the reference proportions exactly. Preserve the same number of major shape masses. Preserve the same wrapping placement, spike placement, head size, handle length, guard shape, and tip shape visible in the prefab preview. Do not redesign the shield. Do not add filigree, extra crests, extra spikes, extra dents, cloth, or painterly texture. Do not round the silhouette. No realism, no painterly brushwork, no ornate reinterpretation, no extra decorative detail, no glow, no text, no watermark."
"Plain Tower Shield 02","Assets/Game/Data/Items/Weapons/Melee Weapons/Polygon Fantasy Hero Generated/Plain Tower Shield 02.asset","Assets/Game/Docs/WeaponPreviewExports/Previews/Plain Tower Shield 02.png","MediumShield","Shield","shield","Create a single game inventory icon PNG of 'Plain Tower Shield 02'. Use the attached prefab preview as a strict reference. Recreate the exact same weapon shape and silhouette as closely as possible. Match the exact shield outline, face shape, width, rim thickness, and strap-side mass distribution from the prefab reference. Keep the weapon in an extremely simple low-poly style, with very few large planes, very little micro detail, and minimal surface noise. Use simplified low-poly metal and leather with broad flat color areas and minimal texture detail. Composition: one isolated weapon only, transparent background, no backdrop, no frame, no environment, no character, no hand, centered in the canvas, full object visible, diagonal layout like the sample icon. Important: preserve the reference proportions exactly. Preserve the same number of major shape masses. Preserve the same wrapping placement, spike placement, head size, handle length, guard shape, and tip shape visible in the prefab preview. Do not redesign the shield. Do not add filigree, extra crests, extra spikes, extra dents, cloth, or painterly texture. Do not round the silhouette. No realism, no painterly brushwork, no ornate reinterpretation, no extra decorative detail, no glow, no text, no watermark."
"Plain Tower Shield","Assets/Game/Data/Items/Weapons/Melee Weapons/Polygon Fantasy Hero Generated/Plain Tower Shield.asset","Assets/Game/Docs/WeaponPreviewExports/Previews/Plain Tower Shield.png","MediumShield","Shield","shield","Create a single game inventory icon PNG of 'Plain Tower Shield'. Use the attached prefab preview as a strict reference. Recreate the exact same weapon shape and silhouette as closely as possible. Match the exact shield outline, face shape, width, rim thickness, and strap-side mass distribution from the prefab reference. Keep the weapon in an extremely simple low-poly style, with very few large planes, very little micro detail, and minimal surface noise. Use simplified low-poly metal and leather with broad flat color areas and minimal texture detail. Composition: one isolated weapon only, transparent background, no backdrop, no frame, no environment, no character, no hand, centered in the canvas, full object visible, diagonal layout like the sample icon. Important: preserve the reference proportions exactly. Preserve the same number of major shape masses. Preserve the same wrapping placement, spike placement, head size, handle length, guard shape, and tip shape visible in the prefab preview. Do not redesign the shield. Do not add filigree, extra crests, extra spikes, extra dents, cloth, or painterly texture. Do not round the silhouette. No realism, no painterly brushwork, no ornate reinterpretation, no extra decorative detail, no glow, no text, no watermark."
"Quartered Shield","Assets/Game/Data/Items/Weapons/Melee Weapons/Polygon Fantasy Hero Generated/Quartered Shield.asset","Assets/Game/Docs/WeaponPreviewExports/Previews/Quartered Shield.png","LightShield","Shield","shield","Create a single game inventory icon PNG of 'Quartered Shield'. Use the attached prefab preview as a strict reference. Recreate the exact same weapon shape and silhouette as closely as possible. Match the exact shield outline, face shape, width, rim thickness, and strap-side mass distribution from the prefab reference. Keep the weapon in an extremely simple low-poly style, with very few large planes, very little micro detail, and minimal surface noise. Use simplified low-poly metal and leather with broad flat color areas and minimal texture detail. Composition: one isolated weapon only, transparent background, no backdrop, no frame, no environment, no character, no hand, centered in the canvas, full object visible, diagonal layout like the sample icon. Important: preserve the reference proportions exactly. Preserve the same number of major shape masses. Preserve the same wrapping placement, spike placement, head size, handle length, guard shape, and tip shape visible in the prefab preview. Do not redesign the shield. Do not add filigree, extra crests, extra spikes, extra dents, cloth, or painterly texture. Do not round the silhouette. No realism, no painterly brushwork, no ornate reinterpretation, no extra decorative detail, no glow, no text, no watermark."
"Quartered Tower Shield","Assets/Game/Data/Items/Weapons/Melee Weapons/Polygon Fantasy Hero Generated/Quartered Tower Shield.asset","Assets/Game/Docs/WeaponPreviewExports/Previews/Quartered Tower Shield.png","MediumShield","Shield","shield","Create a single game inventory icon PNG of 'Quartered Tower Shield'. Use the attached prefab preview as a strict reference. Recreate the exact same weapon shape and silhouette as closely as possible. Match the exact shield outline, face shape, width, rim thickness, and strap-side mass distribution from the prefab reference. Keep the weapon in an extremely simple low-poly style, with very few large planes, very little micro detail, and minimal surface noise. Use simplified low-poly metal and leather with broad flat color areas and minimal texture detail. Composition: one isolated weapon only, transparent background, no backdrop, no frame, no environment, no character, no hand, centered in the canvas, full object visible, diagonal layout like the sample icon. Important: preserve the reference proportions exactly. Preserve the same number of major shape masses. Preserve the same wrapping placement, spike placement, head size, handle length, guard shape, and tip shape visible in the prefab preview. Do not redesign the shield. Do not add filigree, extra crests, extra spikes, extra dents, cloth, or painterly texture. Do not round the silhouette. No realism, no painterly brushwork, no ornate reinterpretation, no extra decorative detail, no glow, no text, no watermark."
"Rapier","Assets/Game/Data/Items/Weapons/Melee Weapons/Polygon Fantasy Hero Generated/Rapier.asset","Assets/Game/Docs/WeaponPreviewExports/Previews/Rapier.png","StraightSword","Weapon","rapier","Create a single game inventory icon PNG of 'Rapier'. Use the attached prefab preview as a strict reference. Recreate the exact same weapon shape and silhouette as closely as possible. Match the exact narrow blade length, guard silhouette, grip length, and overall proportions from the prefab reference. Keep the weapon in an extremely simple low-poly style, with very few large planes, very little micro detail, and minimal surface noise. Use simplified low-poly metal, wood, or leather with broad flat color areas and minimal texture detail. Composition: one isolated weapon only, transparent background, no backdrop, no frame, no environment, no character, no hand, centered in the canvas, full object visible, diagonal layout like the sample icon. Important: preserve the reference proportions exactly. Preserve the same number of major shape masses. Preserve the same wrapping placement, spike placement, head size, handle length, guard shape, and tip shape visible in the prefab preview. Do not redesign the rapier. Do not thicken the blade, do not overdecorate the guard, and do not add painterly texture. No realism, no painterly brushwork, no ornate reinterpretation, no extra decorative detail, no glow, no text, no watermark."
"Round Buckler","Assets/Game/Data/Items/Weapons/Melee Weapons/Polygon Fantasy Hero Generated/Round Buckler.asset","Assets/Game/Docs/WeaponPreviewExports/Previews/Round Buckler.png","LightShield","Shield","shield","Create a single game inventory icon PNG of 'Round Buckler'. Use the attached prefab preview as a strict reference. Recreate the exact same weapon shape and silhouette as closely as possible. Match the exact shield outline, face shape, width, rim thickness, and strap-side mass distribution from the prefab reference. Keep the weapon in an extremely simple low-poly style, with very few large planes, very little micro detail, and minimal surface noise. Use simplified low-poly metal and leather with broad flat color areas and minimal texture detail. Composition: one isolated weapon only, transparent background, no backdrop, no frame, no environment, no character, no hand, centered in the canvas, full object visible, diagonal layout like the sample icon. Important: preserve the reference proportions exactly. Preserve the same number of major shape masses. Preserve the same wrapping placement, spike placement, head size, handle length, guard shape, and tip shape visible in the prefab preview. Do not redesign the shield. Do not add filigree, extra crests, extra spikes, extra dents, cloth, or painterly texture. Do not round the silhouette. No realism, no painterly brushwork, no ornate reinterpretation, no extra decorative detail, no glow, no text, no watermark."
"Scarred Shield 02","Assets/Game/Data/Items/Weapons/Melee Weapons/Polygon Fantasy Hero Generated/Scarred Shield 02.asset","Assets/Game/Docs/WeaponPreviewExports/Previews/Scarred Shield 02.png","MediumShield","Shield","shield","Create a single game inventory icon PNG of 'Scarred Shield 02'. Use the attached prefab preview as a strict reference. Recreate the exact same weapon shape and silhouette as closely as possible. Match the exact shield outline, face shape, width, rim thickness, and strap-side mass distribution from the prefab reference. Keep the weapon in an extremely simple low-poly style, with very few large planes, very little micro detail, and minimal surface noise. Wear should be minimal and shape-driven, not texture-heavy. Composition: one isolated weapon only, transparent background, no backdrop, no frame, no environment, no character, no hand, centered in the canvas, full object visible, diagonal layout like the sample icon. Important: preserve the reference proportions exactly. Preserve the same number of major shape masses. Preserve the same wrapping placement, spike placement, head size, handle length, guard shape, and tip shape visible in the prefab preview. Do not redesign the shield. Do not add filigree, extra crests, extra spikes, extra dents, cloth, or painterly texture. Do not round the silhouette. No realism, no painterly brushwork, no ornate reinterpretation, no extra decorative detail, no glow, no text, no watermark."
"Scarred Shield","Assets/Game/Data/Items/Weapons/Melee Weapons/Polygon Fantasy Hero Generated/Scarred Shield.asset","Assets/Game/Docs/WeaponPreviewExports/Previews/Scarred Shield.png","LightShield","Shield","shield","Create a single game inventory icon PNG of 'Scarred Shield'. Use the attached prefab preview as a strict reference. Recreate the exact same weapon shape and silhouette as closely as possible. Match the exact shield outline, face shape, width, rim thickness, and strap-side mass distribution from the prefab reference. Keep the weapon in an extremely simple low-poly style, with very few large planes, very little micro detail, and minimal surface noise. Wear should be minimal and shape-driven, not texture-heavy. Composition: one isolated weapon only, transparent background, no backdrop, no frame, no environment, no character, no hand, centered in the canvas, full object visible, diagonal layout like the sample icon. Important: preserve the reference proportions exactly. Preserve the same number of major shape masses. Preserve the same wrapping placement, spike placement, head size, handle length, guard shape, and tip shape visible in the prefab preview. Do not redesign the shield. Do not add filigree, extra crests, extra spikes, extra dents, cloth, or painterly texture. Do not round the silhouette. No realism, no painterly brushwork, no ornate reinterpretation, no extra decorative detail, no glow, no text, no watermark."
"Scarred Tower Shield","Assets/Game/Data/Items/Weapons/Melee Weapons/Polygon Fantasy Hero Generated/Scarred Tower Shield.asset","Assets/Game/Docs/WeaponPreviewExports/Previews/Scarred Tower Shield.png","MediumShield","Shield","shield","Create a single game inventory icon PNG of 'Scarred Tower Shield'. Use the attached prefab preview as a strict reference. Recreate the exact same weapon shape and silhouette as closely as possible. Match the exact shield outline, face shape, width, rim thickness, and strap-side mass distribution from the prefab reference. Keep the weapon in an extremely simple low-poly style, with very few large planes, very little micro detail, and minimal surface noise. Wear should be minimal and shape-driven, not texture-heavy. Composition: one isolated weapon only, transparent background, no backdrop, no frame, no environment, no character, no hand, centered in the canvas, full object visible, diagonal layout like the sample icon. Important: preserve the reference proportions exactly. Preserve the same number of major shape masses. Preserve the same wrapping placement, spike placement, head size, handle length, guard shape, and tip shape visible in the prefab preview. Do not redesign the shield. Do not add filigree, extra crests, extra spikes, extra dents, cloth, or painterly texture. Do not round the silhouette. No realism, no painterly brushwork, no ornate reinterpretation, no extra decorative detail, no glow, no text, no watermark."
"Sheathed Rapier","Assets/Game/Data/Items/Weapons/Melee Weapons/Polygon Fantasy Hero Generated/Sheathed Rapier.asset","Assets/Game/Docs/WeaponPreviewExports/Previews/Sheathed Rapier.png","StraightSword","Weapon","rapier","Create a single game inventory icon PNG of 'Sheathed Rapier'. Use the attached prefab preview as a strict reference. Recreate the exact same weapon shape and silhouette as closely as possible. Match the exact narrow blade length, guard silhouette, grip length, and overall proportions from the prefab reference. Keep the weapon in an extremely simple low-poly style, with very few large planes, very little micro detail, and minimal surface noise. Use simplified low-poly metal, wood, or leather with broad flat color areas and minimal texture detail. Composition: one isolated weapon only, transparent background, no backdrop, no frame, no environment, no character, no hand, centered in the canvas, full object visible, diagonal layout like the sample icon. Important: preserve the reference proportions exactly. Preserve the same number of major shape masses. Preserve the same wrapping placement, spike placement, head size, handle length, guard shape, and tip shape visible in the prefab preview. Do not redesign the rapier. Do not thicken the blade, do not overdecorate the guard, and do not add painterly texture. No realism, no painterly brushwork, no ornate reinterpretation, no extra decorative detail, no glow, no text, no watermark."
"Sheathed Short Sword","Assets/Game/Data/Items/Weapons/Melee Weapons/Polygon Fantasy Hero Generated/Sheathed Short Sword.asset","Assets/Game/Docs/WeaponPreviewExports/Previews/Sheathed Short Sword.png","StraightSword","Weapon","sword","Create a single game inventory icon PNG of 'Sheathed Short Sword'. Use the attached prefab preview as a strict reference. Recreate the exact same weapon shape and silhouette as closely as possible. Match the exact blade length, blade width, guard silhouette, grip length, and pommel silhouette from the prefab reference. Keep the weapon in an extremely simple low-poly style, with very few large planes, very little micro detail, and minimal surface noise. Use simplified low-poly metal, wood, or leather with broad flat color areas and minimal texture detail. Composition: one isolated weapon only, transparent background, no backdrop, no frame, no environment, no character, no hand, centered in the canvas, full object visible, diagonal layout like the sample icon. Important: preserve the reference proportions exactly. Preserve the same number of major shape masses. Preserve the same wrapping placement, spike placement, head size, handle length, guard shape, and tip shape visible in the prefab preview. Do not redesign the sword. Do not change proportions, do not add extra ornaments, and do not add painterly texture. No realism, no painterly brushwork, no ornate reinterpretation, no extra decorative detail, no glow, no text, no watermark."
"Sheathed Sword","Assets/Game/Data/Items/Weapons/Melee Weapons/Polygon Fantasy Hero Generated/Sheathed Sword.asset","Assets/Game/Docs/WeaponPreviewExports/Previews/Sheathed Sword.png","StraightSword","Weapon","sword","Create a single game inventory icon PNG of 'Sheathed Sword'. Use the attached prefab preview as a strict reference. Recreate the exact same weapon shape and silhouette as closely as possible. Match the exact blade length, blade width, guard silhouette, grip length, and pommel silhouette from the prefab reference. Keep the weapon in an extremely simple low-poly style, with very few large planes, very little micro detail, and minimal surface noise. Use simplified low-poly metal, wood, or leather with broad flat color areas and minimal texture detail. Composition: one isolated weapon only, transparent background, no backdrop, no frame, no environment, no character, no hand, centered in the canvas, full object visible, diagonal layout like the sample icon. Important: preserve the reference proportions exactly. Preserve the same number of major shape masses. Preserve the same wrapping placement, spike placement, head size, handle length, guard shape, and tip shape visible in the prefab preview. Do not redesign the sword. Do not change proportions, do not add extra ornaments, and do not add painterly texture. No realism, no painterly brushwork, no ornate reinterpretation, no extra decorative detail, no glow, no text, no watermark."
"Short Sword","Assets/Game/Data/Items/Weapons/Melee Weapons/Polygon Fantasy Hero Generated/Short Sword.asset","Assets/Game/Docs/WeaponPreviewExports/Previews/Short Sword.png","StraightSword","Weapon","sword","Create a single game inventory icon PNG of 'Short Sword'. Use the attached prefab preview as a strict reference. Recreate the exact same weapon shape and silhouette as closely as possible. Match the exact blade length, blade width, guard silhouette, grip length, and pommel silhouette from the prefab reference. Keep the weapon in an extremely simple low-poly style, with very few large planes, very little micro detail, and minimal surface noise. Use simplified low-poly metal, wood, or leather with broad flat color areas and minimal texture detail. Composition: one isolated weapon only, transparent background, no backdrop, no frame, no environment, no character, no hand, centered in the canvas, full object visible, diagonal layout like the sample icon. Important: preserve the reference proportions exactly. Preserve the same number of major shape masses. Preserve the same wrapping placement, spike placement, head size, handle length, guard shape, and tip shape visible in the prefab preview. Do not redesign the sword. Do not change proportions, do not add extra ornaments, and do not add painterly texture. No realism, no painterly brushwork, no ornate reinterpretation, no extra decorative detail, no glow, no text, no watermark."
"Spiked Mace","Assets/Game/Data/Items/Weapons/Melee Weapons/Polygon Fantasy Hero Generated/Spiked Mace.asset","Assets/Game/Docs/WeaponPreviewExports/Previews/Spiked Mace.png","StraightSword","Weapon","polearm","Create a single game inventory icon PNG of 'Spiked Mace'. Use the attached prefab preview as a strict reference. Recreate the exact same weapon shape and silhouette as closely as possible. Match the exact shaft length, shaft thickness, head size, head placement, and tip silhouette from the prefab reference. Keep the weapon in an extremely simple low-poly style, with very few large planes, very little micro detail, and minimal surface noise. Keep spikes few, large, and exactly positioned like the prefab silhouette. Composition: one isolated weapon only, transparent background, no backdrop, no frame, no environment, no character, no hand, centered in the canvas, full object visible, diagonal layout like the sample icon. Important: preserve the reference proportions exactly. Preserve the same number of major shape masses. Preserve the same wrapping placement, spike placement, head size, handle length, guard shape, and tip shape visible in the prefab preview. Do not redesign the polearm. Do not change shaft length, do not enlarge the head, do not add banners, hooks, tassels, or ornaments unless already visible in the reference. No realism, no painterly brushwork, no ornate reinterpretation, no extra decorative detail, no glow, no text, no watermark."
"Split Shield","Assets/Game/Data/Items/Weapons/Melee Weapons/Polygon Fantasy Hero Generated/Split Shield.asset","Assets/Game/Docs/WeaponPreviewExports/Previews/Split Shield.png","LightShield","Shield","shield","Create a single game inventory icon PNG of 'Split Shield'. Use the attached prefab preview as a strict reference. Recreate the exact same weapon shape and silhouette as closely as possible. Match the exact shield outline, face shape, width, rim thickness, and strap-side mass distribution from the prefab reference. Keep the weapon in an extremely simple low-poly style, with very few large planes, very little micro detail, and minimal surface noise. Use simplified low-poly metal and leather with broad flat color areas and minimal texture detail. Composition: one isolated weapon only, transparent background, no backdrop, no frame, no environment, no character, no hand, centered in the canvas, full object visible, diagonal layout like the sample icon. Important: preserve the reference proportions exactly. Preserve the same number of major shape masses. Preserve the same wrapping placement, spike placement, head size, handle length, guard shape, and tip shape visible in the prefab preview. Do not redesign the shield. Do not add filigree, extra crests, extra spikes, extra dents, cloth, or painterly texture. Do not round the silhouette. No realism, no painterly brushwork, no ornate reinterpretation, no extra decorative detail, no glow, no text, no watermark."
"Split Tower Shield","Assets/Game/Data/Items/Weapons/Melee Weapons/Polygon Fantasy Hero Generated/Split Tower Shield.asset","Assets/Game/Docs/WeaponPreviewExports/Previews/Split Tower Shield.png","MediumShield","Shield","shield","Create a single game inventory icon PNG of 'Split Tower Shield'. Use the attached prefab preview as a strict reference. Recreate the exact same weapon shape and silhouette as closely as possible. Match the exact shield outline, face shape, width, rim thickness, and strap-side mass distribution from the prefab reference. Keep the weapon in an extremely simple low-poly style, with very few large planes, very little micro detail, and minimal surface noise. Use simplified low-poly metal and leather with broad flat color areas and minimal texture detail. Composition: one isolated weapon only, transparent background, no backdrop, no frame, no environment, no character, no hand, centered in the canvas, full object visible, diagonal layout like the sample icon. Important: preserve the reference proportions exactly. Preserve the same number of major shape masses. Preserve the same wrapping placement, spike placement, head size, handle length, guard shape, and tip shape visible in the prefab preview. Do not redesign the shield. Do not add filigree, extra crests, extra spikes, extra dents, cloth, or painterly texture. Do not round the silhouette. No realism, no painterly brushwork, no ornate reinterpretation, no extra decorative detail, no glow, no text, no watermark."
"Sword","Assets/Game/Data/Items/Weapons/Melee Weapons/Polygon Fantasy Hero Generated/Sword.asset","Assets/Game/Docs/WeaponPreviewExports/Previews/Sword.png","StraightSword","Weapon","sword","Create a single game inventory icon PNG of 'Sword'. Use the attached prefab preview as a strict reference. Recreate the exact same weapon shape and silhouette as closely as possible. Match the exact blade length, blade width, guard silhouette, grip length, and pommel silhouette from the prefab reference. Keep the weapon in an extremely simple low-poly style, with very few large planes, very little micro detail, and minimal surface noise. Use simplified low-poly metal, wood, or leather with broad flat color areas and minimal texture detail. Composition: one isolated weapon only, transparent background, no backdrop, no frame, no environment, no character, no hand, centered in the canvas, full object visible, diagonal layout like the sample icon. Important: preserve the reference proportions exactly. Preserve the same number of major shape masses. Preserve the same wrapping placement, spike placement, head size, handle length, guard shape, and tip shape visible in the prefab preview. Do not redesign the sword. Do not change proportions, do not add extra ornaments, and do not add painterly texture. No realism, no painterly brushwork, no ornate reinterpretation, no extra decorative detail, no glow, no text, no watermark."
"Templar Shield","Assets/Game/Data/Items/Weapons/Melee Weapons/Polygon Fantasy Hero Generated/Templar Shield.asset","Assets/Game/Docs/WeaponPreviewExports/Previews/Templar Shield.png","MediumShield","Shield","shield","Create a single game inventory icon PNG of 'Templar Shield'. Use the attached prefab preview as a strict reference. Recreate the exact same weapon shape and silhouette as closely as possible. Match the exact shield outline, face shape, width, rim thickness, and strap-side mass distribution from the prefab reference. Keep the weapon in an extremely simple low-poly style, with very few large planes, very little micro detail, and minimal surface noise. Keep heraldic ornament broad and simplified, never intricate. Composition: one isolated weapon only, transparent background, no backdrop, no frame, no environment, no character, no hand, centered in the canvas, full object visible, diagonal layout like the sample icon. Important: preserve the reference proportions exactly. Preserve the same number of major shape masses. Preserve the same wrapping placement, spike placement, head size, handle length, guard shape, and tip shape visible in the prefab preview. Do not redesign the shield. Do not add filigree, extra crests, extra spikes, extra dents, cloth, or painterly texture. Do not round the silhouette. No realism, no painterly brushwork, no ornate reinterpretation, no extra decorative detail, no glow, no text, no watermark."
"Templar Tower Shield","Assets/Game/Data/Items/Weapons/Melee Weapons/Polygon Fantasy Hero Generated/Templar Tower Shield.asset","Assets/Game/Docs/WeaponPreviewExports/Previews/Templar Tower Shield.png","MediumShield","Shield","shield","Create a single game inventory icon PNG of 'Templar Tower Shield'. Use the attached prefab preview as a strict reference. Recreate the exact same weapon shape and silhouette as closely as possible. Match the exact shield outline, face shape, width, rim thickness, and strap-side mass distribution from the prefab reference. Keep the weapon in an extremely simple low-poly style, with very few large planes, very little micro detail, and minimal surface noise. Keep heraldic ornament broad and simplified, never intricate. Composition: one isolated weapon only, transparent background, no backdrop, no frame, no environment, no character, no hand, centered in the canvas, full object visible, diagonal layout like the sample icon. Important: preserve the reference proportions exactly. Preserve the same number of major shape masses. Preserve the same wrapping placement, spike placement, head size, handle length, guard shape, and tip shape visible in the prefab preview. Do not redesign the shield. Do not add filigree, extra crests, extra spikes, extra dents, cloth, or painterly texture. Do not round the silhouette. No realism, no painterly brushwork, no ornate reinterpretation, no extra decorative detail, no glow, no text, no watermark."
"Throwing Knife","Assets/Game/Data/Items/Weapons/Melee Weapons/Polygon Fantasy Hero Generated/Throwing Knife.asset","Assets/Game/Docs/WeaponPreviewExports/Previews/Throwing Knife.png","StraightSword","Weapon","dagger","Create a single game inventory icon PNG of 'Throwing Knife'. Use the attached prefab preview as a strict reference. Recreate the exact same weapon shape and silhouette as closely as possible. Match the exact blade length, blade width, guard size, grip length, and pommel silhouette from the prefab reference. Keep the weapon in an extremely simple low-poly style, with very few large planes, very little micro detail, and minimal surface noise. Use simplified low-poly metal, wood, or leather with broad flat color areas and minimal texture detail. Composition: one isolated weapon only, transparent background, no backdrop, no frame, no environment, no character, no hand, centered in the canvas, full object visible, diagonal layout like the sample icon. Important: preserve the reference proportions exactly. Preserve the same number of major shape masses. Preserve the same wrapping placement, spike placement, head size, handle length, guard shape, and tip shape visible in the prefab preview. Do not redesign the dagger. Do not add extra guard detail, extra serration, gem inlays, or painterly texture. No realism, no painterly brushwork, no ornate reinterpretation, no extra decorative detail, no glow, no text, no watermark."
"War Staff","Assets/Game/Data/Items/Weapons/Melee Weapons/Polygon Fantasy Hero Generated/War Staff.asset","Assets/Game/Docs/WeaponPreviewExports/Previews/War Staff.png","Spear","Weapon","focus","Create a single game inventory icon PNG of 'War Staff'. Use the attached prefab preview as a strict reference. Recreate the exact same weapon shape and silhouette as closely as possible. Match the exact compact silhouette, outer contour, and major mass placement from the prefab reference. Keep the weapon in an extremely simple low-poly style, with very few large planes, very little micro detail, and minimal surface noise. Use simplified low-poly magical object materials with broad flat color areas and minimal texture detail. Composition: one isolated weapon only, transparent background, no backdrop, no frame, no environment, no character, no hand, centered in the canvas, full object visible, diagonal layout like the sample icon. Important: preserve the reference proportions exactly. Preserve the same number of major shape masses. Preserve the same wrapping placement, spike placement, head size, handle length, guard shape, and tip shape visible in the prefab preview. Do not redesign the object. Do not add gems, chains, particles, glow effects, floating pieces, or ornate detail unless already visible in the reference. No realism, no painterly brushwork, no ornate reinterpretation, no extra decorative detail, no glow, no text, no watermark."
"Weathered Shield","Assets/Game/Data/Items/Weapons/Melee Weapons/Polygon Fantasy Hero Generated/Weathered Shield.asset","Assets/Game/Docs/WeaponPreviewExports/Previews/Weathered Shield.png","MediumShield","Shield","shield","Create a single game inventory icon PNG of 'Weathered Shield'. Use the attached prefab preview as a strict reference. Recreate the exact same weapon shape and silhouette as closely as possible. Match the exact shield outline, face shape, width, rim thickness, and strap-side mass distribution from the prefab reference. Keep the weapon in an extremely simple low-poly style, with very few large planes, very little micro detail, and minimal surface noise. Wear should be minimal and shape-driven, not texture-heavy. Composition: one isolated weapon only, transparent background, no backdrop, no frame, no environment, no character, no hand, centered in the canvas, full object visible, diagonal layout like the sample icon. Important: preserve the reference proportions exactly. Preserve the same number of major shape masses. Preserve the same wrapping placement, spike placement, head size, handle length, guard shape, and tip shape visible in the prefab preview. Do not redesign the shield. Do not add filigree, extra crests, extra spikes, extra dents, cloth, or painterly texture. Do not round the silhouette. No realism, no painterly brushwork, no ornate reinterpretation, no extra decorative detail, no glow, no text, no watermark."
"Weathered Tower Shield 02","Assets/Game/Data/Items/Weapons/Melee Weapons/Polygon Fantasy Hero Generated/Weathered Tower Shield 02.asset","Assets/Game/Docs/WeaponPreviewExports/Previews/Weathered Tower Shield 02.png","MediumShield","Shield","shield","Create a single game inventory icon PNG of 'Weathered Tower Shield 02'. Use the attached prefab preview as a strict reference. Recreate the exact same weapon shape and silhouette as closely as possible. Match the exact shield outline, face shape, width, rim thickness, and strap-side mass distribution from the prefab reference. Keep the weapon in an extremely simple low-poly style, with very few large planes, very little micro detail, and minimal surface noise. Wear should be minimal and shape-driven, not texture-heavy. Composition: one isolated weapon only, transparent background, no backdrop, no frame, no environment, no character, no hand, centered in the canvas, full object visible, diagonal layout like the sample icon. Important: preserve the reference proportions exactly. Preserve the same number of major shape masses. Preserve the same wrapping placement, spike placement, head size, handle length, guard shape, and tip shape visible in the prefab preview. Do not redesign the shield. Do not add filigree, extra crests, extra spikes, extra dents, cloth, or painterly texture. Do not round the silhouette. No realism, no painterly brushwork, no ornate reinterpretation, no extra decorative detail, no glow, no text, no watermark."
"Weathered Tower Shield","Assets/Game/Data/Items/Weapons/Melee Weapons/Polygon Fantasy Hero Generated/Weathered Tower Shield.asset","Assets/Game/Docs/WeaponPreviewExports/Previews/Weathered Tower Shield.png","MediumShield","Shield","shield","Create a single game inventory icon PNG of 'Weathered Tower Shield'. Use the attached prefab preview as a strict reference. Recreate the exact same weapon shape and silhouette as closely as possible. Match the exact shield outline, face shape, width, rim thickness, and strap-side mass distribution from the prefab reference. Keep the weapon in an extremely simple low-poly style, with very few large planes, very little micro detail, and minimal surface noise. Wear should be minimal and shape-driven, not texture-heavy. Composition: one isolated weapon only, transparent background, no backdrop, no frame, no environment, no character, no hand, centered in the canvas, full object visible, diagonal layout like the sample icon. Important: preserve the reference proportions exactly. Preserve the same number of major shape masses. Preserve the same wrapping placement, spike placement, head size, handle length, guard shape, and tip shape visible in the prefab preview. Do not redesign the shield. Do not add filigree, extra crests, extra spikes, extra dents, cloth, or painterly texture. Do not round the silhouette. No realism, no painterly brushwork, no ornate reinterpretation, no extra decorative detail, no glow, no text, no watermark."
"Reaper Scythe","Assets/Game/Data/Items/Weapons/Melee Weapons/Reaper Scythe.asset","Assets/Game/Docs/WeaponPreviewExports/Previews/Reaper Scythe.png","Spear","Weapon","scythe","Create a single game inventory icon PNG of 'Reaper Scythe'. Use the attached prefab preview as a strict reference. Recreate the exact same weapon shape and silhouette as closely as possible. Match the exact shaft length, shaft thickness, blade curve, blade length, and blade attachment point from the prefab reference. Keep the weapon in an extremely simple low-poly style, with very few large planes, very little micro detail, and minimal surface noise. Use simplified low-poly metal, wood, or leather with broad flat color areas and minimal texture detail. Composition: one isolated weapon only, transparent background, no backdrop, no frame, no environment, no character, no hand, centered in the canvas, full object visible, diagonal layout like the sample icon. Important: preserve the reference proportions exactly. Preserve the same number of major shape masses. Preserve the same wrapping placement, spike placement, head size, handle length, guard shape, and tip shape visible in the prefab preview. Do not redesign the scythe. Do not enlarge the blade, do not add teeth, do not curve the shaft, do not add extra decorations, and do not make it realistic. No realism, no painterly brushwork, no ornate reinterpretation, no extra decorative detail, no glow, no text, no watermark."
"Short Sword","Assets/Game/Data/Items/Weapons/Melee Weapons/Short Sword.asset","Assets/Game/Docs/WeaponPreviewExports/Previews/Short Sword.png","LightShield","Shield","shield","Create a single game inventory icon PNG of 'Short Sword'. Use the attached prefab preview as a strict reference. Recreate the exact same weapon shape and silhouette as closely as possible. Match the exact shield outline, face shape, width, rim thickness, and strap-side mass distribution from the prefab reference. Keep the weapon in an extremely simple low-poly style, with very few large planes, very little micro detail, and minimal surface noise. Use simplified low-poly metal and leather with broad flat color areas and minimal texture detail. Composition: one isolated weapon only, transparent background, no backdrop, no frame, no environment, no character, no hand, centered in the canvas, full object visible, diagonal layout like the sample icon. Important: preserve the reference proportions exactly. Preserve the same number of major shape masses. Preserve the same wrapping placement, spike placement, head size, handle length, guard shape, and tip shape visible in the prefab preview. Do not redesign the shield. Do not add filigree, extra crests, extra spikes, extra dents, cloth, or painterly texture. Do not round the silhouette. No realism, no painterly brushwork, no ornate reinterpretation, no extra decorative detail, no glow, no text, no watermark."
"Straight Sword","Assets/Game/Data/Items/Weapons/Melee Weapons/Straight Sword.asset","Assets/Game/Docs/WeaponPreviewExports/Previews/Straight Sword.png","StraightSword","Weapon","sword","Create a single game inventory icon PNG of 'Straight Sword'. Use the attached prefab preview as a strict reference. Recreate the exact same weapon shape and silhouette as closely as possible. Match the exact blade length, blade width, guard silhouette, grip length, and pommel silhouette from the prefab reference. Keep the weapon in an extremely simple low-poly style, with very few large planes, very little micro detail, and minimal surface noise. Use simplified low-poly metal, wood, or leather with broad flat color areas and minimal texture detail. Composition: one isolated weapon only, transparent background, no backdrop, no frame, no environment, no character, no hand, centered in the canvas, full object visible, diagonal layout like the sample icon. Important: preserve the reference proportions exactly. Preserve the same number of major shape masses. Preserve the same wrapping placement, spike placement, head size, handle length, guard shape, and tip shape visible in the prefab preview. Do not redesign the sword. Do not change proportions, do not add extra ornaments, and do not add painterly texture. No realism, no painterly brushwork, no ornate reinterpretation, no extra decorative detail, no glow, no text, no watermark."
"Unarmed","Assets/Game/Data/Items/Weapons/Melee Weapons/Unarmed.asset","Assets/Game/Docs/WeaponPreviewExports/Previews/Unarmed.png","Fist","Weapon","weapon","Create a single game inventory icon PNG of 'Unarmed'. Use the attached prefab preview as a strict reference. Recreate the exact same weapon shape and silhouette as closely as possible. Match the exact overall silhouette, proportions, and major shape masses from the prefab reference. Keep the weapon in an extremely simple low-poly style, with very few large planes, very little micro detail, and minimal surface noise. Use simplified low-poly metal, wood, or leather with broad flat color areas and minimal texture detail. Composition: one isolated weapon only, transparent background, no backdrop, no frame, no environment, no character, no hand, centered in the canvas, full object visible, diagonal layout like the sample icon. Important: preserve the reference proportions exactly. Preserve the same number of major shape masses. Preserve the same wrapping placement, spike placement, head size, handle length, guard shape, and tip shape visible in the prefab preview. Do not redesign the weapon. Do not add extra ornaments, extra pieces, realism, or painterly texture. No realism, no painterly brushwork, no ornate reinterpretation, no extra decorative detail, no glow, no text, no watermark."
"Hunting Bow","Assets/Game/Data/Items/Weapons/Ranged Weapons/Hunting Bow.asset","Assets/Game/Docs/WeaponPreviewExports/Previews/Hunting Bow.png","Bow","Weapon","bow","Create a single game inventory icon PNG of 'Hunting Bow'. Use the attached prefab preview as a strict reference. Recreate the exact same weapon shape and silhouette as closely as possible. Match the exact bow curve, grip position, limb length, limb thickness, and string span from the prefab reference. Keep the weapon in an extremely simple low-poly style, with very few large planes, very little micro detail, and minimal surface noise. Use simplified low-poly wood and string with broad flat color areas and minimal texture detail. Composition: one isolated weapon only, transparent background, no backdrop, no frame, no environment, no character, no hand, centered in the canvas, full object visible, diagonal layout like the sample icon. Important: preserve the reference proportions exactly. Preserve the same number of major shape masses. Preserve the same wrapping placement, spike placement, head size, handle length, guard shape, and tip shape visible in the prefab preview. Do not redesign the bow. Do not add ornaments, extra string details, extra curves, or painterly texture. Do not change limb thickness. No realism, no painterly brushwork, no ornate reinterpretation, no extra decorative detail, no glow, no text, no watermark."
