assetPath,displayName,prefabName,category,colorNotes,prompt
"Assets/Game/Data/Items/Weapons/Caster Weapons/Mystic Talisman.asset","Mystic Talisman","","Focus","Match the exact color blocking visible in the prefab reference.","Create a single game inventory icon PNG of 'Mystic Talisman'. Use the attached prefab preview as a strict reference. Recreate the exact same weapon shape and silhouette as closely as possible. Match the exact silhouette, proportions, wrapping placement, head size, handle length, guard shape, tip shape, and color placement from the prefab reference. Match the exact color blocking visible in the prefab reference. Keep the weapon in an extremely simple low-poly style, with very few large planes, very little micro detail, minimal surface noise, and broad flat color areas only. One isolated weapon only, transparent background, no backdrop, no frame, no environment, no character, no hand, centered in the canvas, full object visible, diagonal layout like the sample icon. Do not redesign the weapon. Do not invent a new color palette. Do not add realism, painterly brushwork, glow, extra ornaments, text, or watermark."
"Assets/Game/Data/Items/Weapons/Melee Weapons/Broadsword.asset","Broadsword","Weapon_Broad_Sword_01","Sword","Overall palette reads as gray. Keep these same flat color families in the same visible places as the prefab reference.","Create a single game inventory icon PNG of 'Broadsword'. Use the attached prefab preview as a strict reference. Recreate the exact same weapon shape and silhouette as closely as possible. Match the exact silhouette, proportions, wrapping placement, head size, handle length, guard shape, tip shape, and color placement from the prefab reference. Overall palette reads as gray. Keep these same flat color families in the same visible places as the prefab reference. Keep the weapon in an extremely simple low-poly style, with very few large planes, very little micro detail, minimal surface noise, and broad flat color areas only. One isolated weapon only, transparent background, no backdrop, no frame, no environment, no character, no hand, centered in the canvas, full object visible, diagonal layout like the sample icon. Do not redesign the weapon. Do not invent a new color palette. Do not add realism, painterly brushwork, glow, extra ornaments, text, or watermark."
"Assets/Game/Data/Items/Weapons/Melee Weapons/Knight Shield.asset","Knight Shield","Weapon_Medium_Shield_01","Shield","Overall palette reads as off-white. Keep these same flat color families in the same visible places as the prefab reference.","Create a single game inventory icon PNG of 'Knight Shield'. Use the attached prefab preview as a strict reference. Recreate the exact same weapon shape and silhouette as closely as possible. Match the exact silhouette, proportions, wrapping placement, head size, handle length, guard shape, tip shape, and color placement from the prefab reference. Overall palette reads as off-white. Keep these same flat color families in the same visible places as the prefab reference. Keep the weapon in an extremely simple low-poly style, with very few large planes, very little micro detail, minimal surface noise, and broad flat color areas only. One isolated weapon only, transparent background, no backdrop, no frame, no environment, no character, no hand, centered in the canvas, full object visible, diagonal layout like the sample icon. Do not redesign the weapon. Do not invent a new color palette. Do not add realism, painterly brushwork, glow, extra ornaments, text, or watermark."
"Assets/Game/Data/Items/Weapons/Melee Weapons/Polygon Dungeon Generated/Axe.asset","Axe","Weapon_Dungeon_Axe_01","Axe","Overall palette reads as palette of brown, dark yellow, dark gold. Keep these same flat color families in the same visible places as the prefab reference.","Create a single game inventory icon PNG of 'Axe'. Use the attached prefab preview as a strict reference. Recreate the exact same weapon shape and silhouette as closely as possible. Match the exact silhouette, proportions, wrapping placement, head size, handle length, guard shape, tip shape, and color placement from the prefab reference. Overall palette reads as palette of brown, dark yellow, dark gold. Keep these same flat color families in the same visible places as the prefab reference. Keep the weapon in an extremely simple low-poly style, with very few large planes, very little micro detail, minimal surface noise, and broad flat color areas only. One isolated weapon only, transparent background, no backdrop, no frame, no environment, no character, no hand, centered in the canvas, full object visible, diagonal layout like the sample icon. Do not redesign the weapon. Do not invent a new color palette. Do not add realism, painterly brushwork, glow, extra ornaments, text, or watermark."
"Assets/Game/Data/Items/Weapons/Melee Weapons/Polygon Dungeon Generated/Bladed Mace.asset","Bladed Mace","Weapon_Dungeon_Mace_Blades_01","Blunt","Overall palette reads as palette of brown, dark yellow, dark orange. Keep these same flat color families in the same visible places as the prefab reference.","Create a single game inventory icon PNG of 'Bladed Mace'. Use the attached prefab preview as a strict reference. Recreate the exact same weapon shape and silhouette as closely as possible. Match the exact silhouette, proportions, wrapping placement, head size, handle length, guard shape, tip shape, and color placement from the prefab reference. Overall palette reads as palette of brown, dark yellow, dark orange. Keep these same flat color families in the same visible places as the prefab reference. Keep the weapon in an extremely simple low-poly style, with very few large planes, very little micro detail, minimal surface noise, and broad flat color areas only. One isolated weapon only, transparent background, no backdrop, no frame, no environment, no character, no hand, centered in the canvas, full object visible, diagonal layout like the sample icon. Do not redesign the weapon. Do not invent a new color palette. Do not add realism, painterly brushwork, glow, extra ornaments, text, or watermark."
"Assets/Game/Data/Items/Weapons/Melee Weapons/Polygon Dungeon Generated/Bone Club 01.asset","Bone Club 01","Weapon_Dungeon_Bone_01","Polearm","Overall palette reads as brown. Keep these same flat color families in the same visible places as the prefab reference.","Create a single game inventory icon PNG of 'Bone Club 01'. Use the attached prefab preview as a strict reference. Recreate the exact same weapon shape and silhouette as closely as possible. Match the exact silhouette, proportions, wrapping placement, head size, handle length, guard shape, tip shape, and color placement from the prefab reference. Overall palette reads as brown. Keep these same flat color families in the same visible places as the prefab reference. Keep the weapon in an extremely simple low-poly style, with very few large planes, very little micro detail, minimal surface noise, and broad flat color areas only. One isolated weapon only, transparent background, no backdrop, no frame, no environment, no character, no hand, centered in the canvas, full object visible, diagonal layout like the sample icon. Do not redesign the weapon. Do not invent a new color palette. Do not add realism, painterly brushwork, glow, extra ornaments, text, or watermark."
"Assets/Game/Data/Items/Weapons/Melee Weapons/Polygon Dungeon Generated/Bone Club 02.asset","Bone Club 02","Weapon_Dungeon_Bone_02","Polearm","Overall palette reads as brown. Keep these same flat color families in the same visible places as the prefab reference.","Create a single game inventory icon PNG of 'Bone Club 02'. Use the attached prefab preview as a strict reference. Recreate the exact same weapon shape and silhouette as closely as possible. Match the exact silhouette, proportions, wrapping placement, head size, handle length, guard shape, tip shape, and color placement from the prefab reference. Overall palette reads as brown. Keep these same flat color families in the same visible places as the prefab reference. Keep the weapon in an extremely simple low-poly style, with very few large planes, very little micro detail, minimal surface noise, and broad flat color areas only. One isolated weapon only, transparent background, no backdrop, no frame, no environment, no character, no hand, centered in the canvas, full object visible, diagonal layout like the sample icon. Do not redesign the weapon. Do not invent a new color palette. Do not add realism, painterly brushwork, glow, extra ornaments, text, or watermark."
"Assets/Game/Data/Items/Weapons/Melee Weapons/Polygon Dungeon Generated/Bone Goblin Axe.asset","Bone Goblin Axe","Weapon_Dungeon_Goblin_Bone_Axe_01","Axe","Overall palette reads as palette of red, dark gold, brown. Keep these same flat color families in the same visible places as the prefab reference.","Create a single game inventory icon PNG of 'Bone Goblin Axe'. Use the attached prefab preview as a strict reference. Recreate the exact same weapon shape and silhouette as closely as possible. Match the exact silhouette, proportions, wrapping placement, head size, handle length, guard shape, tip shape, and color placement from the prefab reference. Overall palette reads as palette of red, dark gold, brown. Keep these same flat color families in the same visible places as the prefab reference. Keep the weapon in an extremely simple low-poly style, with very few large planes, very little micro detail, minimal surface noise, and broad flat color areas only. One isolated weapon only, transparent background, no backdrop, no frame, no environment, no character, no hand, centered in the canvas, full object visible, diagonal layout like the sample icon. Do not redesign the weapon. Do not invent a new color palette. Do not add realism, painterly brushwork, glow, extra ornaments, text, or watermark."
"Assets/Game/Data/Items/Weapons/Melee Weapons/Polygon Dungeon Generated/Bone Goblin Shiv.asset","Bone Goblin Shiv","Weapon_Dungeon_Goblin_Shiv_Bone_01","Dagger","Overall palette reads as palette of brown, dark gold, dark orange. Keep these same flat color families in the same visible places as the prefab reference.","Create a single game inventory icon PNG of 'Bone Goblin Shiv'. Use the attached prefab preview as a strict reference. Recreate the exact same weapon shape and silhouette as closely as possible. Match the exact silhouette, proportions, wrapping placement, head size, handle length, guard shape, tip shape, and color placement from the prefab reference. Overall palette reads as palette of brown, dark gold, dark orange. Keep these same flat color families in the same visible places as the prefab reference. Keep the weapon in an extremely simple low-poly style, with very few large planes, very little micro detail, minimal surface noise, and broad flat color areas only. One isolated weapon only, transparent background, no backdrop, no frame, no environment, no character, no hand, centered in the canvas, full object visible, diagonal layout like the sample icon. Do not redesign the weapon. Do not invent a new color palette. Do not add realism, painterly brushwork, glow, extra ornaments, text, or watermark."
"Assets/Game/Data/Items/Weapons/Melee Weapons/Polygon Dungeon Generated/Bone Shield.asset","Bone Shield","Weapon_Dungeon_Shield_Bone_01","Shield","Overall palette reads as palette of brown, red, dark orange. Keep these same flat color families in the same visible places as the prefab reference.","Create a single game inventory icon PNG of 'Bone Shield'. Use the attached prefab preview as a strict reference. Recreate the exact same weapon shape and silhouette as closely as possible. Match the exact silhouette, proportions, wrapping placement, head size, handle length, guard shape, tip shape, and color placement from the prefab reference. Overall palette reads as palette of brown, red, dark orange. Keep these same flat color families in the same visible places as the prefab reference. Keep the weapon in an extremely simple low-poly style, with very few large planes, very little micro detail, minimal surface noise, and broad flat color areas only. One isolated weapon only, transparent background, no backdrop, no frame, no environment, no character, no hand, centered in the canvas, full object visible, diagonal layout like the sample icon. Do not redesign the weapon. Do not invent a new color palette. Do not add realism, painterly brushwork, glow, extra ornaments, text, or watermark."
"Assets/Game/Data/Items/Weapons/Melee Weapons/Polygon Dungeon Generated/Broken Sword.asset","Broken Sword","Weapon_Dungeon_BrokenSword_01","Sword","Overall palette reads as palette of brown, dark orange, dark yellow. Keep these same flat color families in the same visible places as the prefab reference.","Create a single game inventory icon PNG of 'Broken Sword'. Use the attached prefab preview as a strict reference. Recreate the exact same weapon shape and silhouette as closely as possible. Match the exact silhouette, proportions, wrapping placement, head size, handle length, guard shape, tip shape, and color placement from the prefab reference. Overall palette reads as palette of brown, dark orange, dark yellow. Keep these same flat color families in the same visible places as the prefab reference. Keep the weapon in an extremely simple low-poly style, with very few large planes, very little micro detail, minimal surface noise, and broad flat color areas only. One isolated weapon only, transparent background, no backdrop, no frame, no environment, no character, no hand, centered in the canvas, full object visible, diagonal layout like the sample icon. Do not redesign the weapon. Do not invent a new color palette. Do not add realism, painterly brushwork, glow, extra ornaments, text, or watermark."
"Assets/Game/Data/Items/Weapons/Melee Weapons/Polygon Dungeon Generated/Chitin Shield.asset","Chitin Shield","Weapon_Dungeon_Shield_Chitin_01","Shield","Overall palette reads as palette of dark orange, dark gold, brown. Keep these same flat color families in the same visible places as the prefab reference.","Create a single game inventory icon PNG of 'Chitin Shield'. Use the attached prefab preview as a strict reference. Recreate the exact same weapon shape and silhouette as closely as possible. Match the exact silhouette, proportions, wrapping placement, head size, handle length, guard shape, tip shape, and color placement from the prefab reference. Overall palette reads as palette of dark orange, dark gold, brown. Keep these same flat color families in the same visible places as the prefab reference. Keep the weapon in an extremely simple low-poly style, with very few large planes, very little micro detail, minimal surface noise, and broad flat color areas only. One isolated weapon only, transparent background, no backdrop, no frame, no environment, no character, no hand, centered in the canvas, full object visible, diagonal layout like the sample icon. Do not redesign the weapon. Do not invent a new color palette. Do not add realism, painterly brushwork, glow, extra ornaments, text, or watermark."
"Assets/Game/Data/Items/Weapons/Melee Weapons/Polygon Dungeon Generated/Crystal Axe.asset","Crystal Axe","Weapon_Dungeon_Crystal_Axe_01","Axe","Overall palette reads as palette of brown, red, dark yellow. Keep these same flat color families in the same visible places as the prefab reference.","Create a single game inventory icon PNG of 'Crystal Axe'. Use the attached prefab preview as a strict reference. Recreate the exact same weapon shape and silhouette as closely as possible. Match the exact silhouette, proportions, wrapping placement, head size, handle length, guard shape, tip shape, and color placement from the prefab reference. Overall palette reads as palette of brown, red, dark yellow. Keep these same flat color families in the same visible places as the prefab reference. Keep the weapon in an extremely simple low-poly style, with very few large planes, very little micro detail, minimal surface noise, and broad flat color areas only. One isolated weapon only, transparent background, no backdrop, no frame, no environment, no character, no hand, centered in the canvas, full object visible, diagonal layout like the sample icon. Do not redesign the weapon. Do not invent a new color palette. Do not add realism, painterly brushwork, glow, extra ornaments, text, or watermark."
"Assets/Game/Data/Items/Weapons/Melee Weapons/Polygon Dungeon Generated/Crystal Great Axe.asset","Crystal Great Axe","Weapon_Dungeon_Crystal_Axe_Large_01","Axe","Overall palette reads as palette of brown, red, dark yellow. Keep these same flat color families in the same visible places as the prefab reference.","Create a single game inventory icon PNG of 'Crystal Great Axe'. Use the attached prefab preview as a strict reference. Recreate the exact same weapon shape and silhouette as closely as possible. Match the exact silhouette, proportions, wrapping placement, head size, handle length, guard shape, tip shape, and color placement from the prefab reference. Overall palette reads as palette of brown, red, dark yellow. Keep these same flat color families in the same visible places as the prefab reference. Keep the weapon in an extremely simple low-poly style, with very few large planes, very little micro detail, minimal surface noise, and broad flat color areas only. One isolated weapon only, transparent background, no backdrop, no frame, no environment, no character, no hand, centered in the canvas, full object visible, diagonal layout like the sample icon. Do not redesign the weapon. Do not invent a new color palette. Do not add realism, painterly brushwork, glow, extra ornaments, text, or watermark."
"Assets/Game/Data/Items/Weapons/Melee Weapons/Polygon Dungeon Generated/Crystal Halberd.asset","Crystal Halberd","Weapon_Dungeon_Crysta_Halberdl_01","Polearm","Overall palette reads as palette of brown, dark yellow, red. Keep these same flat color families in the same visible places as the prefab reference.","Create a single game inventory icon PNG of 'Crystal Halberd'. Use the attached prefab preview as a strict reference. Recreate the exact same weapon shape and silhouette as closely as possible. Match the exact silhouette, proportions, wrapping placement, head size, handle length, guard shape, tip shape, and color placement from the prefab reference. Overall palette reads as palette of brown, dark yellow, red. Keep these same flat color families in the same visible places as the prefab reference. Keep the weapon in an extremely simple low-poly style, with very few large planes, very little micro detail, minimal surface noise, and broad flat color areas only. One isolated weapon only, transparent background, no backdrop, no frame, no environment, no character, no hand, centered in the canvas, full object visible, diagonal layout like the sample icon. Do not redesign the weapon. Do not invent a new color palette. Do not add realism, painterly brushwork, glow, extra ornaments, text, or watermark."
"Assets/Game/Data/Items/Weapons/Melee Weapons/Polygon Dungeon Generated/Crystal Ornate Sword.asset","Crystal Ornate Sword","Weapon_Dungeon_Crystal_Ornate_Straightsword_01","Sword","Overall palette reads as palette of brown, red, dark orange. Keep these same flat color families in the same visible places as the prefab reference.","Create a single game inventory icon PNG of 'Crystal Ornate Sword'. Use the attached prefab preview as a strict reference. Recreate the exact same weapon shape and silhouette as closely as possible. Match the exact silhouette, proportions, wrapping placement, head size, handle length, guard shape, tip shape, and color placement from the prefab reference. Overall palette reads as palette of brown, red, dark orange. Keep these same flat color families in the same visible places as the prefab reference. Keep the weapon in an extremely simple low-poly style, with very few large planes, very little micro detail, minimal surface noise, and broad flat color areas only. One isolated weapon only, transparent background, no backdrop, no frame, no environment, no character, no hand, centered in the canvas, full object visible, diagonal layout like the sample icon. Do not redesign the weapon. Do not invent a new color palette. Do not add realism, painterly brushwork, glow, extra ornaments, text, or watermark."
"Assets/Game/Data/Items/Weapons/Melee Weapons/Polygon Dungeon Generated/Crystal Twinblade.asset","Crystal Twinblade","Weapon_Dungeon_Crystal_DoubleSword_01","Sword","Overall palette reads as palette of brown, red, dark gold. Keep these same flat color families in the same visible places as the prefab reference.","Create a single game inventory icon PNG of 'Crystal Twinblade'. Use the attached prefab preview as a strict reference. Recreate the exact same weapon shape and silhouette as closely as possible. Match the exact silhouette, proportions, wrapping placement, head size, handle length, guard shape, tip shape, and color placement from the prefab reference. Overall palette reads as palette of brown, red, dark gold. Keep these same flat color families in the same visible places as the prefab reference. Keep the weapon in an extremely simple low-poly style, with very few large planes, very little micro detail, minimal surface noise, and broad flat color areas only. One isolated weapon only, transparent background, no backdrop, no frame, no environment, no character, no hand, centered in the canvas, full object visible, diagonal layout like the sample icon. Do not redesign the weapon. Do not invent a new color palette. Do not add realism, painterly brushwork, glow, extra ornaments, text, or watermark."
"Assets/Game/Data/Items/Weapons/Melee Weapons/Polygon Dungeon Generated/Curved Greatsword.asset","Curved Greatsword","Weapon_Dungeon_Greatsword_Curved_01","Greatsword","Overall palette reads as palette of brown, red. Keep these same flat color families in the same visible places as the prefab reference.","Create a single game inventory icon PNG of 'Curved Greatsword'. Use the attached prefab preview as a strict reference. Recreate the exact same weapon shape and silhouette as closely as possible. Match the exact silhouette, proportions, wrapping placement, head size, handle length, guard shape, tip shape, and color placement from the prefab reference. Overall palette reads as palette of brown, red. Keep these same flat color families in the same visible places as the prefab reference. Keep the weapon in an extremely simple low-poly style, with very few large planes, very little micro detail, minimal surface noise, and broad flat color areas only. One isolated weapon only, transparent background, no backdrop, no frame, no environment, no character, no hand, centered in the canvas, full object visible, diagonal layout like the sample icon. Do not redesign the weapon. Do not invent a new color palette. Do not add realism, painterly brushwork, glow, extra ornaments, text, or watermark."
"Assets/Game/Data/Items/Weapons/Melee Weapons/Polygon Dungeon Generated/Cutlass.asset","Cutlass","Weapon_Dungeon_Cutlass_01","Sword","Overall palette reads as palette of brown, red, dark gold. Keep these same flat color families in the same visible places as the prefab reference.","Create a single game inventory icon PNG of 'Cutlass'. Use the attached prefab preview as a strict reference. Recreate the exact same weapon shape and silhouette as closely as possible. Match the exact silhouette, proportions, wrapping placement, head size, handle length, guard shape, tip shape, and color placement from the prefab reference. Overall palette reads as palette of brown, red, dark gold. Keep these same flat color families in the same visible places as the prefab reference. Keep the weapon in an extremely simple low-poly style, with very few large planes, very little micro detail, minimal surface noise, and broad flat color areas only. One isolated weapon only, transparent background, no backdrop, no frame, no environment, no character, no hand, centered in the canvas, full object visible, diagonal layout like the sample icon. Do not redesign the weapon. Do not invent a new color palette. Do not add realism, painterly brushwork, glow, extra ornaments, text, or watermark."
"Assets/Game/Data/Items/Weapons/Melee Weapons/Polygon Dungeon Generated/Double-Bladed Staff.asset","Double-Bladed Staff","Weapon_Dungeon_Staff_DoubleBlade_01","Focus","Overall palette reads as palette of brown, dark orange, red. Keep these same flat color families in the same visible places as the prefab reference.","Create a single game inventory icon PNG of 'Double-Bladed Staff'. Use the attached prefab preview as a strict reference. Recreate the exact same weapon shape and silhouette as closely as possible. Match the exact silhouette, proportions, wrapping placement, head size, handle length, guard shape, tip shape, and color placement from the prefab reference. Overall palette reads as palette of brown, dark orange, red. Keep these same flat color families in the same visible places as the prefab reference. Keep the weapon in an extremely simple low-poly style, with very few large planes, very little micro detail, minimal surface noise, and broad flat color areas only. One isolated weapon only, transparent background, no backdrop, no frame, no environment, no character, no hand, centered in the canvas, full object visible, diagonal layout like the sample icon. Do not redesign the weapon. Do not invent a new color palette. Do not add realism, painterly brushwork, glow, extra ornaments, text, or watermark."
"Assets/Game/Data/Items/Weapons/Melee Weapons/Polygon Dungeon Generated/Gem Goblin Hammer.asset","Gem Goblin Hammer","Weapon_Dungeon_Goblin_Gem_Hammer_01","Blunt","Overall palette reads as palette of dark gold, dark orange, red. Keep these same flat color families in the same visible places as the prefab reference.","Create a single game inventory icon PNG of 'Gem Goblin Hammer'. Use the attached prefab preview as a strict reference. Recreate the exact same weapon shape and silhouette as closely as possible. Match the exact silhouette, proportions, wrapping placement, head size, handle length, guard shape, tip shape, and color placement from the prefab reference. Overall palette reads as palette of dark gold, dark orange, red. Keep these same flat color families in the same visible places as the prefab reference. Keep the weapon in an extremely simple low-poly style, with very few large planes, very little micro detail, minimal surface noise, and broad flat color areas only. One isolated weapon only, transparent background, no backdrop, no frame, no environment, no character, no hand, centered in the canvas, full object visible, diagonal layout like the sample icon. Do not redesign the weapon. Do not invent a new color palette. Do not add realism, painterly brushwork, glow, extra ornaments, text, or watermark."
"Assets/Game/Data/Items/Weapons/Melee Weapons/Polygon Dungeon Generated/Gem Staff.asset","Gem Staff","Weapon_Dungeon_Staff_Gem_01","Focus","Overall palette reads as palette of dark gold, brown, red. Keep these same flat color families in the same visible places as the prefab reference.","Create a single game inventory icon PNG of 'Gem Staff'. Use the attached prefab preview as a strict reference. Recreate the exact same weapon shape and silhouette as closely as possible. Match the exact silhouette, proportions, wrapping placement, head size, handle length, guard shape, tip shape, and color placement from the prefab reference. Overall palette reads as palette of dark gold, brown, red. Keep these same flat color families in the same visible places as the prefab reference. Keep the weapon in an extremely simple low-poly style, with very few large planes, very little micro detail, minimal surface noise, and broad flat color areas only. One isolated weapon only, transparent background, no backdrop, no frame, no environment, no character, no hand, centered in the canvas, full object visible, diagonal layout like the sample icon. Do not redesign the weapon. Do not invent a new color palette. Do not add realism, painterly brushwork, glow, extra ornaments, text, or watermark."
"Assets/Game/Data/Items/Weapons/Melee Weapons/Polygon Dungeon Generated/Goblin Axe.asset","Goblin Axe","Weapon_Dungeon_Goblin_Axe_01","Axe","Overall palette reads as palette of dark gold, red, brown. Keep these same flat color families in the same visible places as the prefab reference.","Create a single game inventory icon PNG of 'Goblin Axe'. Use the attached prefab preview as a strict reference. Recreate the exact same weapon shape and silhouette as closely as possible. Match the exact silhouette, proportions, wrapping placement, head size, handle length, guard shape, tip shape, and color placement from the prefab reference. Overall palette reads as palette of dark gold, red, brown. Keep these same flat color families in the same visible places as the prefab reference. Keep the weapon in an extremely simple low-poly style, with very few large planes, very little micro detail, minimal surface noise, and broad flat color areas only. One isolated weapon only, transparent background, no backdrop, no frame, no environment, no character, no hand, centered in the canvas, full object visible, diagonal layout like the sample icon. Do not redesign the weapon. Do not invent a new color palette. Do not add realism, painterly brushwork, glow, extra ornaments, text, or watermark."
"Assets/Game/Data/Items/Weapons/Melee Weapons/Polygon Dungeon Generated/Goblin Club.asset","Goblin Club","Weapon_Dungeon_Goblin_Club_01","Blunt","Overall palette reads as palette of brown, dark gold, dark red. Keep these same flat color families in the same visible places as the prefab reference.","Create a single game inventory icon PNG of 'Goblin Club'. Use the attached prefab preview as a strict reference. Recreate the exact same weapon shape and silhouette as closely as possible. Match the exact silhouette, proportions, wrapping placement, head size, handle length, guard shape, tip shape, and color placement from the prefab reference. Overall palette reads as palette of brown, dark gold, dark red. Keep these same flat color families in the same visible places as the prefab reference. Keep the weapon in an extremely simple low-poly style, with very few large planes, very little micro detail, minimal surface noise, and broad flat color areas only. One isolated weapon only, transparent background, no backdrop, no frame, no environment, no character, no hand, centered in the canvas, full object visible, diagonal layout like the sample icon. Do not redesign the weapon. Do not invent a new color palette. Do not add realism, painterly brushwork, glow, extra ornaments, text, or watermark."
"Assets/Game/Data/Items/Weapons/Melee Weapons/Polygon Dungeon Generated/Goblin Great Axe.asset","Goblin Great Axe","Weapon_Dungeon_Goblin_Axe_Large_01","Axe","Overall palette reads as palette of red, brown, dark orange. Keep these same flat color families in the same visible places as the prefab reference.","Create a single game inventory icon PNG of 'Goblin Great Axe'. Use the attached prefab preview as a strict reference. Recreate the exact same weapon shape and silhouette as closely as possible. Match the exact silhouette, proportions, wrapping placement, head size, handle length, guard shape, tip shape, and color placement from the prefab reference. Overall palette reads as palette of red, brown, dark orange. Keep these same flat color families in the same visible places as the prefab reference. Keep the weapon in an extremely simple low-poly style, with very few large planes, very little micro detail, minimal surface noise, and broad flat color areas only. One isolated weapon only, transparent background, no backdrop, no frame, no environment, no character, no hand, centered in the canvas, full object visible, diagonal layout like the sample icon. Do not redesign the weapon. Do not invent a new color palette. Do not add realism, painterly brushwork, glow, extra ornaments, text, or watermark."
"Assets/Game/Data/Items/Weapons/Melee Weapons/Polygon Dungeon Generated/Goblin Halberd.asset","Goblin Halberd","Weapon_Dungeon_Goblin_Halberd_01","Polearm","Overall palette reads as palette of dark orange, dark gold, brown. Keep these same flat color families in the same visible places as the prefab reference.","Create a single game inventory icon PNG of 'Goblin Halberd'. Use the attached prefab preview as a strict reference. Recreate the exact same weapon shape and silhouette as closely as possible. Match the exact silhouette, proportions, wrapping placement, head size, handle length, guard shape, tip shape, and color placement from the prefab reference. Overall palette reads as palette of dark orange, dark gold, brown. Keep these same flat color families in the same visible places as the prefab reference. Keep the weapon in an extremely simple low-poly style, with very few large planes, very little micro detail, minimal surface noise, and broad flat color areas only. One isolated weapon only, transparent background, no backdrop, no frame, no environment, no character, no hand, centered in the canvas, full object visible, diagonal layout like the sample icon. Do not redesign the weapon. Do not invent a new color palette. Do not add realism, painterly brushwork, glow, extra ornaments, text, or watermark."
"Assets/Game/Data/Items/Weapons/Melee Weapons/Polygon Dungeon Generated/Goblin Mace.asset","Goblin Mace","Weapon_Dungeon_Goblin_Mace_01","Blunt","Overall palette reads as palette of brown, red, dark orange. Keep these same flat color families in the same visible places as the prefab reference.","Create a single game inventory icon PNG of 'Goblin Mace'. Use the attached prefab preview as a strict reference. Recreate the exact same weapon shape and silhouette as closely as possible. Match the exact silhouette, proportions, wrapping placement, head size, handle length, guard shape, tip shape, and color placement from the prefab reference. Overall palette reads as palette of brown, red, dark orange. Keep these same flat color families in the same visible places as the prefab reference. Keep the weapon in an extremely simple low-poly style, with very few large planes, very little micro detail, minimal surface noise, and broad flat color areas only. One isolated weapon only, transparent background, no backdrop, no frame, no environment, no character, no hand, centered in the canvas, full object visible, diagonal layout like the sample icon. Do not redesign the weapon. Do not invent a new color palette. Do not add realism, painterly brushwork, glow, extra ornaments, text, or watermark."
"Assets/Game/Data/Items/Weapons/Melee Weapons/Polygon Dungeon Generated/Goblin Machete.asset","Goblin Machete","Weapon_Dungeon_Goblin_Machete_01","Sword","Overall palette reads as palette of brown, dark gold, dark orange. Keep these same flat color families in the same visible places as the prefab reference.","Create a single game inventory icon PNG of 'Goblin Machete'. Use the attached prefab preview as a strict reference. Recreate the exact same weapon shape and silhouette as closely as possible. Match the exact silhouette, proportions, wrapping placement, head size, handle length, guard shape, tip shape, and color placement from the prefab reference. Overall palette reads as palette of brown, dark gold, dark orange. Keep these same flat color families in the same visible places as the prefab reference. Keep the weapon in an extremely simple low-poly style, with very few large planes, very little micro detail, minimal surface noise, and broad flat color areas only. One isolated weapon only, transparent background, no backdrop, no frame, no environment, no character, no hand, centered in the canvas, full object visible, diagonal layout like the sample icon. Do not redesign the weapon. Do not invent a new color palette. Do not add realism, painterly brushwork, glow, extra ornaments, text, or watermark."
"Assets/Game/Data/Items/Weapons/Melee Weapons/Polygon Dungeon Generated/Goblin Spear.asset","Goblin Spear","Weapon_Dungeon_Goblin_Spear_01","Polearm","Overall palette reads as palette of dark gold, dark orange, brown. Keep these same flat color families in the same visible places as the prefab reference.","Create a single game inventory icon PNG of 'Goblin Spear'. Use the attached prefab preview as a strict reference. Recreate the exact same weapon shape and silhouette as closely as possible. Match the exact silhouette, proportions, wrapping placement, head size, handle length, guard shape, tip shape, and color placement from the prefab reference. Overall palette reads as palette of dark gold, dark orange, brown. Keep these same flat color families in the same visible places as the prefab reference. Keep the weapon in an extremely simple low-poly style, with very few large planes, very little micro detail, minimal surface noise, and broad flat color areas only. One isolated weapon only, transparent background, no backdrop, no frame, no environment, no character, no hand, centered in the canvas, full object visible, diagonal layout like the sample icon. Do not redesign the weapon. Do not invent a new color palette. Do not add realism, painterly brushwork, glow, extra ornaments, text, or watermark."
"Assets/Game/Data/Items/Weapons/Melee Weapons/Polygon Dungeon Generated/Goblin Staff.asset","Goblin Staff","Weapon_Dungeon_Goblin_Staff_01","Focus","Overall palette reads as palette of brown, dark gold, dark orange. Keep these same flat color families in the same visible places as the prefab reference.","Create a single game inventory icon PNG of 'Goblin Staff'. Use the attached prefab preview as a strict reference. Recreate the exact same weapon shape and silhouette as closely as possible. Match the exact silhouette, proportions, wrapping placement, head size, handle length, guard shape, tip shape, and color placement from the prefab reference. Overall palette reads as palette of brown, dark gold, dark orange. Keep these same flat color families in the same visible places as the prefab reference. Keep the weapon in an extremely simple low-poly style, with very few large planes, very little micro detail, minimal surface noise, and broad flat color areas only. One isolated weapon only, transparent background, no backdrop, no frame, no environment, no character, no hand, centered in the canvas, full object visible, diagonal layout like the sample icon. Do not redesign the weapon. Do not invent a new color palette. Do not add realism, painterly brushwork, glow, extra ornaments, text, or watermark."
"Assets/Game/Data/Items/Weapons/Melee Weapons/Polygon Dungeon Generated/Gravestone Shield.asset","Gravestone Shield","Weapon_Dungeon_Shield_Gravestone_01","Shield","Overall palette reads as palette of brown, dark gold, red. Keep these same flat color families in the same visible places as the prefab reference.","Create a single game inventory icon PNG of 'Gravestone Shield'. Use the attached prefab preview as a strict reference. Recreate the exact same weapon shape and silhouette as closely as possible. Match the exact silhouette, proportions, wrapping placement, head size, handle length, guard shape, tip shape, and color placement from the prefab reference. Overall palette reads as palette of brown, dark gold, red. Keep these same flat color families in the same visible places as the prefab reference. Keep the weapon in an extremely simple low-poly style, with very few large planes, very little micro detail, minimal surface noise, and broad flat color areas only. One isolated weapon only, transparent background, no backdrop, no frame, no environment, no character, no hand, centered in the canvas, full object visible, diagonal layout like the sample icon. Do not redesign the weapon. Do not invent a new color palette. Do not add realism, painterly brushwork, glow, extra ornaments, text, or watermark."
"Assets/Game/Data/Items/Weapons/Melee Weapons/Polygon Dungeon Generated/Greatsword.asset","Greatsword","Weapon_Dungeon_GreatSword_01","Greatsword","Overall palette reads as palette of dark gold, brown, red. Keep these same flat color families in the same visible places as the prefab reference.","Create a single game inventory icon PNG of 'Greatsword'. Use the attached prefab preview as a strict reference. Recreate the exact same weapon shape and silhouette as closely as possible. Match the exact silhouette, proportions, wrapping placement, head size, handle length, guard shape, tip shape, and color placement from the prefab reference. Overall palette reads as palette of dark gold, brown, red. Keep these same flat color families in the same visible places as the prefab reference. Keep the weapon in an extremely simple low-poly style, with very few large planes, very little micro detail, minimal surface noise, and broad flat color areas only. One isolated weapon only, transparent background, no backdrop, no frame, no environment, no character, no hand, centered in the canvas, full object visible, diagonal layout like the sample icon. Do not redesign the weapon. Do not invent a new color palette. Do not add realism, painterly brushwork, glow, extra ornaments, text, or watermark."
"Assets/Game/Data/Items/Weapons/Melee Weapons/Polygon Dungeon Generated/Halberd.asset","Halberd","Weapon_Dungeon_Halberd_06","Polearm","Overall palette reads as palette of dark gold, brown, dark yellow. Keep these same flat color families in the same visible places as the prefab reference.","Create a single game inventory icon PNG of 'Halberd'. Use the attached prefab preview as a strict reference. Recreate the exact same weapon shape and silhouette as closely as possible. Match the exact silhouette, proportions, wrapping placement, head size, handle length, guard shape, tip shape, and color placement from the prefab reference. Overall palette reads as palette of dark gold, brown, dark yellow. Keep these same flat color families in the same visible places as the prefab reference. Keep the weapon in an extremely simple low-poly style, with very few large planes, very little micro detail, minimal surface noise, and broad flat color areas only. One isolated weapon only, transparent background, no backdrop, no frame, no environment, no character, no hand, centered in the canvas, full object visible, diagonal layout like the sample icon. Do not redesign the weapon. Do not invent a new color palette. Do not add realism, painterly brushwork, glow, extra ornaments, text, or watermark."
"Assets/Game/Data/Items/Weapons/Melee Weapons/Polygon Dungeon Generated/Hammer 02.asset","Hammer 02","Weapon_Dungeon_Hammer_Small_02","Blunt","Overall palette reads as palette of dark gold, brown, dark yellow. Keep these same flat color families in the same visible places as the prefab reference.","Create a single game inventory icon PNG of 'Hammer 02'. Use the attached prefab preview as a strict reference. Recreate the exact same weapon shape and silhouette as closely as possible. Match the exact silhouette, proportions, wrapping placement, head size, handle length, guard shape, tip shape, and color placement from the prefab reference. Overall palette reads as palette of dark gold, brown, dark yellow. Keep these same flat color families in the same visible places as the prefab reference. Keep the weapon in an extremely simple low-poly style, with very few large planes, very little micro detail, minimal surface noise, and broad flat color areas only. One isolated weapon only, transparent background, no backdrop, no frame, no environment, no character, no hand, centered in the canvas, full object visible, diagonal layout like the sample icon. Do not redesign the weapon. Do not invent a new color palette. Do not add realism, painterly brushwork, glow, extra ornaments, text, or watermark."
"Assets/Game/Data/Items/Weapons/Melee Weapons/Polygon Dungeon Generated/Hammer.asset","Hammer","Weapon_Dungeon_Hammer_Small_01","Blunt","Overall palette reads as palette of dark gold, brown, red. Keep these same flat color families in the same visible places as the prefab reference.","Create a single game inventory icon PNG of 'Hammer'. Use the attached prefab preview as a strict reference. Recreate the exact same weapon shape and silhouette as closely as possible. Match the exact silhouette, proportions, wrapping placement, head size, handle length, guard shape, tip shape, and color placement from the prefab reference. Overall palette reads as palette of dark gold, brown, red. Keep these same flat color families in the same visible places as the prefab reference. Keep the weapon in an extremely simple low-poly style, with very few large planes, very little micro detail, minimal surface noise, and broad flat color areas only. One isolated weapon only, transparent background, no backdrop, no frame, no environment, no character, no hand, centered in the canvas, full object visible, diagonal layout like the sample icon. Do not redesign the weapon. Do not invent a new color palette. Do not add realism, painterly brushwork, glow, extra ornaments, text, or watermark."
"Assets/Game/Data/Items/Weapons/Melee Weapons/Polygon Dungeon Generated/Hand Axe.asset","Hand Axe","Weapon_Dungeon_HandAxe_01","Axe","Overall palette reads as palette of brown, dark gold, red. Keep these same flat color families in the same visible places as the prefab reference.","Create a single game inventory icon PNG of 'Hand Axe'. Use the attached prefab preview as a strict reference. Recreate the exact same weapon shape and silhouette as closely as possible. Match the exact silhouette, proportions, wrapping placement, head size, handle length, guard shape, tip shape, and color placement from the prefab reference. Overall palette reads as palette of brown, dark gold, red. Keep these same flat color families in the same visible places as the prefab reference. Keep the weapon in an extremely simple low-poly style, with very few large planes, very little micro detail, minimal surface noise, and broad flat color areas only. One isolated weapon only, transparent background, no backdrop, no frame, no environment, no character, no hand, centered in the canvas, full object visible, diagonal layout like the sample icon. Do not redesign the weapon. Do not invent a new color palette. Do not add realism, painterly brushwork, glow, extra ornaments, text, or watermark."
"Assets/Game/Data/Items/Weapons/Melee Weapons/Polygon Dungeon Generated/Heater Shield 01.asset","Heater Shield 01","Weapon_Dungeon_Shield_Heater_01","Shield","Overall palette reads as palette of brown, red, dark gold. Keep these same flat color families in the same visible places as the prefab reference.","Create a single game inventory icon PNG of 'Heater Shield 01'. Use the attached prefab preview as a strict reference. Recreate the exact same weapon shape and silhouette as closely as possible. Match the exact silhouette, proportions, wrapping placement, head size, handle length, guard shape, tip shape, and color placement from the prefab reference. Overall palette reads as palette of brown, red, dark gold. Keep these same flat color families in the same visible places as the prefab reference. Keep the weapon in an extremely simple low-poly style, with very few large planes, very little micro detail, minimal surface noise, and broad flat color areas only. One isolated weapon only, transparent background, no backdrop, no frame, no environment, no character, no hand, centered in the canvas, full object visible, diagonal layout like the sample icon. Do not redesign the weapon. Do not invent a new color palette. Do not add realism, painterly brushwork, glow, extra ornaments, text, or watermark."
"Assets/Game/Data/Items/Weapons/Melee Weapons/Polygon Dungeon Generated/Heater Shield 02.asset","Heater Shield 02","Weapon_Dungeon_Shield_Heater_02","Shield","Overall palette reads as palette of red, dark yellow, brown. Keep these same flat color families in the same visible places as the prefab reference.","Create a single game inventory icon PNG of 'Heater Shield 02'. Use the attached prefab preview as a strict reference. Recreate the exact same weapon shape and silhouette as closely as possible. Match the exact silhouette, proportions, wrapping placement, head size, handle length, guard shape, tip shape, and color placement from the prefab reference. Overall palette reads as palette of red, dark yellow, brown. Keep these same flat color families in the same visible places as the prefab reference. Keep the weapon in an extremely simple low-poly style, with very few large planes, very little micro detail, minimal surface noise, and broad flat color areas only. One isolated weapon only, transparent background, no backdrop, no frame, no environment, no character, no hand, centered in the canvas, full object visible, diagonal layout like the sample icon. Do not redesign the weapon. Do not invent a new color palette. Do not add realism, painterly brushwork, glow, extra ornaments, text, or watermark."
"Assets/Game/Data/Items/Weapons/Melee Weapons/Polygon Dungeon Generated/Metal Glaive.asset","Metal Glaive","Weapon_Dungeon_Handle_Metal_01","Polearm","Overall palette reads as palette of brown, dark gold. Keep these same flat color families in the same visible places as the prefab reference.","Create a single game inventory icon PNG of 'Metal Glaive'. Use the attached prefab preview as a strict reference. Recreate the exact same weapon shape and silhouette as closely as possible. Match the exact silhouette, proportions, wrapping placement, head size, handle length, guard shape, tip shape, and color placement from the prefab reference. Overall palette reads as palette of brown, dark gold. Keep these same flat color families in the same visible places as the prefab reference. Keep the weapon in an extremely simple low-poly style, with very few large planes, very little micro detail, minimal surface noise, and broad flat color areas only. One isolated weapon only, transparent background, no backdrop, no frame, no environment, no character, no hand, centered in the canvas, full object visible, diagonal layout like the sample icon. Do not redesign the weapon. Do not invent a new color palette. Do not add realism, painterly brushwork, glow, extra ornaments, text, or watermark."
"Assets/Game/Data/Items/Weapons/Melee Weapons/Polygon Dungeon Generated/Metal Great Hammer 02.asset","Metal Great Hammer 02","Weapon_Dungeon_Hammer_Large_Metal_010","Blunt","Overall palette reads as palette of brown, dark gold, dark orange. Keep these same flat color families in the same visible places as the prefab reference.","Create a single game inventory icon PNG of 'Metal Great Hammer 02'. Use the attached prefab preview as a strict reference. Recreate the exact same weapon shape and silhouette as closely as possible. Match the exact silhouette, proportions, wrapping placement, head size, handle length, guard shape, tip shape, and color placement from the prefab reference. Overall palette reads as palette of brown, dark gold, dark orange. Keep these same flat color families in the same visible places as the prefab reference. Keep the weapon in an extremely simple low-poly style, with very few large planes, very little micro detail, minimal surface noise, and broad flat color areas only. One isolated weapon only, transparent background, no backdrop, no frame, no environment, no character, no hand, centered in the canvas, full object visible, diagonal layout like the sample icon. Do not redesign the weapon. Do not invent a new color palette. Do not add realism, painterly brushwork, glow, extra ornaments, text, or watermark."
"Assets/Game/Data/Items/Weapons/Melee Weapons/Polygon Dungeon Generated/Metal Great Hammer.asset","Metal Great Hammer","Weapon_Dungeon_Hammer_Large_Metal_01","Blunt","Overall palette reads as palette of brown, dark gold, dark orange. Keep these same flat color families in the same visible places as the prefab reference.","Create a single game inventory icon PNG of 'Metal Great Hammer'. Use the attached prefab preview as a strict reference. Recreate the exact same weapon shape and silhouette as closely as possible. Match the exact silhouette, proportions, wrapping placement, head size, handle length, guard shape, tip shape, and color placement from the prefab reference. Overall palette reads as palette of brown, dark gold, dark orange. Keep these same flat color families in the same visible places as the prefab reference. Keep the weapon in an extremely simple low-poly style, with very few large planes, very little micro detail, minimal surface noise, and broad flat color areas only. One isolated weapon only, transparent background, no backdrop, no frame, no environment, no character, no hand, centered in the canvas, full object visible, diagonal layout like the sample icon. Do not redesign the weapon. Do not invent a new color palette. Do not add realism, painterly brushwork, glow, extra ornaments, text, or watermark."
"Assets/Game/Data/Items/Weapons/Melee Weapons/Polygon Dungeon Generated/Ornate Axe 01.asset","Ornate Axe 01","Weapon_Dungeon_Ornate_Axe_01","Axe","Overall palette reads as palette of brown, red, dark gold. Keep these same flat color families in the same visible places as the prefab reference.","Create a single game inventory icon PNG of 'Ornate Axe 01'. Use the attached prefab preview as a strict reference. Recreate the exact same weapon shape and silhouette as closely as possible. Match the exact silhouette, proportions, wrapping placement, head size, handle length, guard shape, tip shape, and color placement from the prefab reference. Overall palette reads as palette of brown, red, dark gold. Keep these same flat color families in the same visible places as the prefab reference. Keep the weapon in an extremely simple low-poly style, with very few large planes, very little micro detail, minimal surface noise, and broad flat color areas only. One isolated weapon only, transparent background, no backdrop, no frame, no environment, no character, no hand, centered in the canvas, full object visible, diagonal layout like the sample icon. Do not redesign the weapon. Do not invent a new color palette. Do not add realism, painterly brushwork, glow, extra ornaments, text, or watermark."
"Assets/Game/Data/Items/Weapons/Melee Weapons/Polygon Dungeon Generated/Ornate Axe 02.asset","Ornate Axe 02","Weapon_Dungeon_Ornate_Axe_02","Axe","Overall palette reads as palette of brown, red, dark gold. Keep these same flat color families in the same visible places as the prefab reference.","Create a single game inventory icon PNG of 'Ornate Axe 02'. Use the attached prefab preview as a strict reference. Recreate the exact same weapon shape and silhouette as closely as possible. Match the exact silhouette, proportions, wrapping placement, head size, handle length, guard shape, tip shape, and color placement from the prefab reference. Overall palette reads as palette of brown, red, dark gold. Keep these same flat color families in the same visible places as the prefab reference. Keep the weapon in an extremely simple low-poly style, with very few large planes, very little micro detail, minimal surface noise, and broad flat color areas only. One isolated weapon only, transparent background, no backdrop, no frame, no environment, no character, no hand, centered in the canvas, full object visible, diagonal layout like the sample icon. Do not redesign the weapon. Do not invent a new color palette. Do not add realism, painterly brushwork, glow, extra ornaments, text, or watermark."
"Assets/Game/Data/Items/Weapons/Melee Weapons/Polygon Dungeon Generated/Ornate Great Axe.asset","Ornate Great Axe","Weapon_Dungeon_Ornate_GreatAxe_01","Axe","Overall palette reads as palette of brown, dark gold, dark orange. Keep these same flat color families in the same visible places as the prefab reference.","Create a single game inventory icon PNG of 'Ornate Great Axe'. Use the attached prefab preview as a strict reference. Recreate the exact same weapon shape and silhouette as closely as possible. Match the exact silhouette, proportions, wrapping placement, head size, handle length, guard shape, tip shape, and color placement from the prefab reference. Overall palette reads as palette of brown, dark gold, dark orange. Keep these same flat color families in the same visible places as the prefab reference. Keep the weapon in an extremely simple low-poly style, with very few large planes, very little micro detail, minimal surface noise, and broad flat color areas only. One isolated weapon only, transparent background, no backdrop, no frame, no environment, no character, no hand, centered in the canvas, full object visible, diagonal layout like the sample icon. Do not redesign the weapon. Do not invent a new color palette. Do not add realism, painterly brushwork, glow, extra ornaments, text, or watermark."
"Assets/Game/Data/Items/Weapons/Melee Weapons/Polygon Dungeon Generated/Ornate Long Pike.asset","Ornate Long Pike","Weapon_Dungeon_Ornate_Spikes_Long_01","Polearm","Overall palette reads as palette of brown, dark gold, red. Keep these same flat color families in the same visible places as the prefab reference.","Create a single game inventory icon PNG of 'Ornate Long Pike'. Use the attached prefab preview as a strict reference. Recreate the exact same weapon shape and silhouette as closely as possible. Match the exact silhouette, proportions, wrapping placement, head size, handle length, guard shape, tip shape, and color placement from the prefab reference. Overall palette reads as palette of brown, dark gold, red. Keep these same flat color families in the same visible places as the prefab reference. Keep the weapon in an extremely simple low-poly style, with very few large planes, very little micro detail, minimal surface noise, and broad flat color areas only. One isolated weapon only, transparent background, no backdrop, no frame, no environment, no character, no hand, centered in the canvas, full object visible, diagonal layout like the sample icon. Do not redesign the weapon. Do not invent a new color palette. Do not add realism, painterly brushwork, glow, extra ornaments, text, or watermark."
"Assets/Game/Data/Items/Weapons/Melee Weapons/Polygon Dungeon Generated/Ornate Pike.asset","Ornate Pike","Weapon_Dungeon_Ornate_Spikes_01","Polearm","Overall palette reads as palette of brown, dark gold, red. Keep these same flat color families in the same visible places as the prefab reference.","Create a single game inventory icon PNG of 'Ornate Pike'. Use the attached prefab preview as a strict reference. Recreate the exact same weapon shape and silhouette as closely as possible. Match the exact silhouette, proportions, wrapping placement, head size, handle length, guard shape, tip shape, and color placement from the prefab reference. Overall palette reads as palette of brown, dark gold, red. Keep these same flat color families in the same visible places as the prefab reference. Keep the weapon in an extremely simple low-poly style, with very few large planes, very little micro detail, minimal surface noise, and broad flat color areas only. One isolated weapon only, transparent background, no backdrop, no frame, no environment, no character, no hand, centered in the canvas, full object visible, diagonal layout like the sample icon. Do not redesign the weapon. Do not invent a new color palette. Do not add realism, painterly brushwork, glow, extra ornaments, text, or watermark."
"Assets/Game/Data/Items/Weapons/Melee Weapons/Polygon Dungeon Generated/Ornate Shield 01.asset","Ornate Shield 01","Weapon_Dungeon_Shield_Ornate_01","Shield","Overall palette reads as palette of brown, red, dark gold. Keep these same flat color families in the same visible places as the prefab reference.","Create a single game inventory icon PNG of 'Ornate Shield 01'. Use the attached prefab preview as a strict reference. Recreate the exact same weapon shape and silhouette as closely as possible. Match the exact silhouette, proportions, wrapping placement, head size, handle length, guard shape, tip shape, and color placement from the prefab reference. Overall palette reads as palette of brown, red, dark gold. Keep these same flat color families in the same visible places as the prefab reference. Keep the weapon in an extremely simple low-poly style, with very few large planes, very little micro detail, minimal surface noise, and broad flat color areas only. One isolated weapon only, transparent background, no backdrop, no frame, no environment, no character, no hand, centered in the canvas, full object visible, diagonal layout like the sample icon. Do not redesign the weapon. Do not invent a new color palette. Do not add realism, painterly brushwork, glow, extra ornaments, text, or watermark."
"Assets/Game/Data/Items/Weapons/Melee Weapons/Polygon Dungeon Generated/Ornate Shield 02.asset","Ornate Shield 02","Weapon_Dungeon_Shield_Ornate_02","Shield","Overall palette reads as palette of brown, red, dark gold. Keep these same flat color families in the same visible places as the prefab reference.","Create a single game inventory icon PNG of 'Ornate Shield 02'. Use the attached prefab preview as a strict reference. Recreate the exact same weapon shape and silhouette as closely as possible. Match the exact silhouette, proportions, wrapping placement, head size, handle length, guard shape, tip shape, and color placement from the prefab reference. Overall palette reads as palette of brown, red, dark gold. Keep these same flat color families in the same visible places as the prefab reference. Keep the weapon in an extremely simple low-poly style, with very few large planes, very little micro detail, minimal surface noise, and broad flat color areas only. One isolated weapon only, transparent background, no backdrop, no frame, no environment, no character, no hand, centered in the canvas, full object visible, diagonal layout like the sample icon. Do not redesign the weapon. Do not invent a new color palette. Do not add realism, painterly brushwork, glow, extra ornaments, text, or watermark."
"Assets/Game/Data/Items/Weapons/Melee Weapons/Polygon Dungeon Generated/Ornate Spear.asset","Ornate Spear","Weapon_Dungeon_Ornate_Spear_01","Polearm","Overall palette reads as palette of dark gold, brown, dark cyan. Keep these same flat color families in the same visible places as the prefab reference.","Create a single game inventory icon PNG of 'Ornate Spear'. Use the attached prefab preview as a strict reference. Recreate the exact same weapon shape and silhouette as closely as possible. Match the exact silhouette, proportions, wrapping placement, head size, handle length, guard shape, tip shape, and color placement from the prefab reference. Overall palette reads as palette of dark gold, brown, dark cyan. Keep these same flat color families in the same visible places as the prefab reference. Keep the weapon in an extremely simple low-poly style, with very few large planes, very little micro detail, minimal surface noise, and broad flat color areas only. One isolated weapon only, transparent background, no backdrop, no frame, no environment, no character, no hand, centered in the canvas, full object visible, diagonal layout like the sample icon. Do not redesign the weapon. Do not invent a new color palette. Do not add realism, painterly brushwork, glow, extra ornaments, text, or watermark."
"Assets/Game/Data/Items/Weapons/Melee Weapons/Polygon Dungeon Generated/Ornate Sword 01.asset","Ornate Sword 01","Weapon_Dungeon_Ornate_Sword_01","Sword","Overall palette reads as palette of brown, dark cyan, dark gold. Keep these same flat color families in the same visible places as the prefab reference.","Create a single game inventory icon PNG of 'Ornate Sword 01'. Use the attached prefab preview as a strict reference. Recreate the exact same weapon shape and silhouette as closely as possible. Match the exact silhouette, proportions, wrapping placement, head size, handle length, guard shape, tip shape, and color placement from the prefab reference. Overall palette reads as palette of brown, dark cyan, dark gold. Keep these same flat color families in the same visible places as the prefab reference. Keep the weapon in an extremely simple low-poly style, with very few large planes, very little micro detail, minimal surface noise, and broad flat color areas only. One isolated weapon only, transparent background, no backdrop, no frame, no environment, no character, no hand, centered in the canvas, full object visible, diagonal layout like the sample icon. Do not redesign the weapon. Do not invent a new color palette. Do not add realism, painterly brushwork, glow, extra ornaments, text, or watermark."
"Assets/Game/Data/Items/Weapons/Melee Weapons/Polygon Dungeon Generated/Ornate Sword 02.asset","Ornate Sword 02","Weapon_Dungeon_Ornate_Sword_02","Sword","Overall palette reads as palette of brown, red, dark gold. Keep these same flat color families in the same visible places as the prefab reference.","Create a single game inventory icon PNG of 'Ornate Sword 02'. Use the attached prefab preview as a strict reference. Recreate the exact same weapon shape and silhouette as closely as possible. Match the exact silhouette, proportions, wrapping placement, head size, handle length, guard shape, tip shape, and color placement from the prefab reference. Overall palette reads as palette of brown, red, dark gold. Keep these same flat color families in the same visible places as the prefab reference. Keep the weapon in an extremely simple low-poly style, with very few large planes, very little micro detail, minimal surface noise, and broad flat color areas only. One isolated weapon only, transparent background, no backdrop, no frame, no environment, no character, no hand, centered in the canvas, full object visible, diagonal layout like the sample icon. Do not redesign the weapon. Do not invent a new color palette. Do not add realism, painterly brushwork, glow, extra ornaments, text, or watermark."
"Assets/Game/Data/Items/Weapons/Melee Weapons/Polygon Dungeon Generated/Plank Shield.asset","Plank Shield","Weapon_Dungeon_Shield_Plank_01","Shield","Overall palette reads as palette of dark orange, brown, dark gold. Keep these same flat color families in the same visible places as the prefab reference.","Create a single game inventory icon PNG of 'Plank Shield'. Use the attached prefab preview as a strict reference. Recreate the exact same weapon shape and silhouette as closely as possible. Match the exact silhouette, proportions, wrapping placement, head size, handle length, guard shape, tip shape, and color placement from the prefab reference. Overall palette reads as palette of dark orange, brown, dark gold. Keep these same flat color families in the same visible places as the prefab reference. Keep the weapon in an extremely simple low-poly style, with very few large planes, very little micro detail, minimal surface noise, and broad flat color areas only. One isolated weapon only, transparent background, no backdrop, no frame, no environment, no character, no hand, centered in the canvas, full object visible, diagonal layout like the sample icon. Do not redesign the weapon. Do not invent a new color palette. Do not add realism, painterly brushwork, glow, extra ornaments, text, or watermark."
"Assets/Game/Data/Items/Weapons/Melee Weapons/Polygon Dungeon Generated/Round Greatsword.asset","Round Greatsword","Weapon_Dungeon_Greatsword_Round_01","Greatsword","Overall palette reads as palette of brown, red, dark gold. Keep these same flat color families in the same visible places as the prefab reference.","Create a single game inventory icon PNG of 'Round Greatsword'. Use the attached prefab preview as a strict reference. Recreate the exact same weapon shape and silhouette as closely as possible. Match the exact silhouette, proportions, wrapping placement, head size, handle length, guard shape, tip shape, and color placement from the prefab reference. Overall palette reads as palette of brown, red, dark gold. Keep these same flat color families in the same visible places as the prefab reference. Keep the weapon in an extremely simple low-poly style, with very few large planes, very little micro detail, minimal surface noise, and broad flat color areas only. One isolated weapon only, transparent background, no backdrop, no frame, no environment, no character, no hand, centered in the canvas, full object visible, diagonal layout like the sample icon. Do not redesign the weapon. Do not invent a new color palette. Do not add realism, painterly brushwork, glow, extra ornaments, text, or watermark."
"Assets/Game/Data/Items/Weapons/Melee Weapons/Polygon Dungeon Generated/Round Shield.asset","Round Shield","Weapon_Dungeon_Shield_Round_01","Shield","Overall palette reads as palette of brown, red, dark orange. Keep these same flat color families in the same visible places as the prefab reference.","Create a single game inventory icon PNG of 'Round Shield'. Use the attached prefab preview as a strict reference. Recreate the exact same weapon shape and silhouette as closely as possible. Match the exact silhouette, proportions, wrapping placement, head size, handle length, guard shape, tip shape, and color placement from the prefab reference. Overall palette reads as palette of brown, red, dark orange. Keep these same flat color families in the same visible places as the prefab reference. Keep the weapon in an extremely simple low-poly style, with very few large planes, very little micro detail, minimal surface noise, and broad flat color areas only. One isolated weapon only, transparent background, no backdrop, no frame, no environment, no character, no hand, centered in the canvas, full object visible, diagonal layout like the sample icon. Do not redesign the weapon. Do not invent a new color palette. Do not add realism, painterly brushwork, glow, extra ornaments, text, or watermark."
"Assets/Game/Data/Items/Weapons/Melee Weapons/Polygon Dungeon Generated/Runed Axe.asset","Runed Axe","Weapon_Dungeon_Axe_Rune_01","Axe","Overall palette reads as palette of dark gold, brown, red. Keep these same flat color families in the same visible places as the prefab reference.","Create a single game inventory icon PNG of 'Runed Axe'. Use the attached prefab preview as a strict reference. Recreate the exact same weapon shape and silhouette as closely as possible. Match the exact silhouette, proportions, wrapping placement, head size, handle length, guard shape, tip shape, and color placement from the prefab reference. Overall palette reads as palette of dark gold, brown, red. Keep these same flat color families in the same visible places as the prefab reference. Keep the weapon in an extremely simple low-poly style, with very few large planes, very little micro detail, minimal surface noise, and broad flat color areas only. One isolated weapon only, transparent background, no backdrop, no frame, no environment, no character, no hand, centered in the canvas, full object visible, diagonal layout like the sample icon. Do not redesign the weapon. Do not invent a new color palette. Do not add realism, painterly brushwork, glow, extra ornaments, text, or watermark."
"Assets/Game/Data/Items/Weapons/Melee Weapons/Polygon Dungeon Generated/Skull Shield.asset","Skull Shield","Weapon_Dungeon_Shield_Skull_01","Shield","Overall palette reads as palette of brown, dark orange, red. Keep these same flat color families in the same visible places as the prefab reference.","Create a single game inventory icon PNG of 'Skull Shield'. Use the attached prefab preview as a strict reference. Recreate the exact same weapon shape and silhouette as closely as possible. Match the exact silhouette, proportions, wrapping placement, head size, handle length, guard shape, tip shape, and color placement from the prefab reference. Overall palette reads as palette of brown, dark orange, red. Keep these same flat color families in the same visible places as the prefab reference. Keep the weapon in an extremely simple low-poly style, with very few large planes, very little micro detail, minimal surface noise, and broad flat color areas only. One isolated weapon only, transparent background, no backdrop, no frame, no environment, no character, no hand, centered in the canvas, full object visible, diagonal layout like the sample icon. Do not redesign the weapon. Do not invent a new color palette. Do not add realism, painterly brushwork, glow, extra ornaments, text, or watermark."
"Assets/Game/Data/Items/Weapons/Melee Weapons/Polygon Dungeon Generated/Spear 02.asset","Spear 02","Weapon_Dungeon_Spear_02","Polearm","Overall palette reads as palette of brown, dark gold, dark orange. Keep these same flat color families in the same visible places as the prefab reference.","Create a single game inventory icon PNG of 'Spear 02'. Use the attached prefab preview as a strict reference. Recreate the exact same weapon shape and silhouette as closely as possible. Match the exact silhouette, proportions, wrapping placement, head size, handle length, guard shape, tip shape, and color placement from the prefab reference. Overall palette reads as palette of brown, dark gold, dark orange. Keep these same flat color families in the same visible places as the prefab reference. Keep the weapon in an extremely simple low-poly style, with very few large planes, very little micro detail, minimal surface noise, and broad flat color areas only. One isolated weapon only, transparent background, no backdrop, no frame, no environment, no character, no hand, centered in the canvas, full object visible, diagonal layout like the sample icon. Do not redesign the weapon. Do not invent a new color palette. Do not add realism, painterly brushwork, glow, extra ornaments, text, or watermark."
"Assets/Game/Data/Items/Weapons/Melee Weapons/Polygon Dungeon Generated/Spear.asset","Spear","Weapon_Dungeon_Spear_01","Polearm","Overall palette reads as palette of brown, dark yellow, dark orange. Keep these same flat color families in the same visible places as the prefab reference.","Create a single game inventory icon PNG of 'Spear'. Use the attached prefab preview as a strict reference. Recreate the exact same weapon shape and silhouette as closely as possible. Match the exact silhouette, proportions, wrapping placement, head size, handle length, guard shape, tip shape, and color placement from the prefab reference. Overall palette reads as palette of brown, dark yellow, dark orange. Keep these same flat color families in the same visible places as the prefab reference. Keep the weapon in an extremely simple low-poly style, with very few large planes, very little micro detail, minimal surface noise, and broad flat color areas only. One isolated weapon only, transparent background, no backdrop, no frame, no environment, no character, no hand, centered in the canvas, full object visible, diagonal layout like the sample icon. Do not redesign the weapon. Do not invent a new color palette. Do not add realism, painterly brushwork, glow, extra ornaments, text, or watermark."
"Assets/Game/Data/Items/Weapons/Melee Weapons/Polygon Dungeon Generated/Sphere Mace.asset","Sphere Mace","Weapon_Dungeon_Hammer_Mace_Sphere_01","Blunt","Overall palette reads as palette of dark gold, brown, dark yellow. Keep these same flat color families in the same visible places as the prefab reference.","Create a single game inventory icon PNG of 'Sphere Mace'. Use the attached prefab preview as a strict reference. Recreate the exact same weapon shape and silhouette as closely as possible. Match the exact silhouette, proportions, wrapping placement, head size, handle length, guard shape, tip shape, and color placement from the prefab reference. Overall palette reads as palette of dark gold, brown, dark yellow. Keep these same flat color families in the same visible places as the prefab reference. Keep the weapon in an extremely simple low-poly style, with very few large planes, very little micro detail, minimal surface noise, and broad flat color areas only. One isolated weapon only, transparent background, no backdrop, no frame, no environment, no character, no hand, centered in the canvas, full object visible, diagonal layout like the sample icon. Do not redesign the weapon. Do not invent a new color palette. Do not add realism, painterly brushwork, glow, extra ornaments, text, or watermark."
"Assets/Game/Data/Items/Weapons/Melee Weapons/Polygon Dungeon Generated/Spiked Goblin Axe.asset","Spiked Goblin Axe","Weapon_Dungeon_Goblin_Axe_Spikes_01","Polearm","Overall palette reads as palette of dark gold, dark orange, red. Keep these same flat color families in the same visible places as the prefab reference.","Create a single game inventory icon PNG of 'Spiked Goblin Axe'. Use the attached prefab preview as a strict reference. Recreate the exact same weapon shape and silhouette as closely as possible. Match the exact silhouette, proportions, wrapping placement, head size, handle length, guard shape, tip shape, and color placement from the prefab reference. Overall palette reads as palette of dark gold, dark orange, red. Keep these same flat color families in the same visible places as the prefab reference. Keep the weapon in an extremely simple low-poly style, with very few large planes, very little micro detail, minimal surface noise, and broad flat color areas only. One isolated weapon only, transparent background, no backdrop, no frame, no environment, no character, no hand, centered in the canvas, full object visible, diagonal layout like the sample icon. Do not redesign the weapon. Do not invent a new color palette. Do not add realism, painterly brushwork, glow, extra ornaments, text, or watermark."
"Assets/Game/Data/Items/Weapons/Melee Weapons/Polygon Dungeon Generated/Spiked Goblin Machete.asset","Spiked Goblin Machete","Weapon_Dungeon_Goblin_Machete_Spikes_01","Polearm","Overall palette reads as palette of brown, dark orange, red. Keep these same flat color families in the same visible places as the prefab reference.","Create a single game inventory icon PNG of 'Spiked Goblin Machete'. Use the attached prefab preview as a strict reference. Recreate the exact same weapon shape and silhouette as closely as possible. Match the exact silhouette, proportions, wrapping placement, head size, handle length, guard shape, tip shape, and color placement from the prefab reference. Overall palette reads as palette of brown, dark orange, red. Keep these same flat color families in the same visible places as the prefab reference. Keep the weapon in an extremely simple low-poly style, with very few large planes, very little micro detail, minimal surface noise, and broad flat color areas only. One isolated weapon only, transparent background, no backdrop, no frame, no environment, no character, no hand, centered in the canvas, full object visible, diagonal layout like the sample icon. Do not redesign the weapon. Do not invent a new color palette. Do not add realism, painterly brushwork, glow, extra ornaments, text, or watermark."
"Assets/Game/Data/Items/Weapons/Melee Weapons/Polygon Dungeon Generated/Spiked Mace.asset","Spiked Mace","Weapon_Dungeon_Hammer_Mace_Spikes_01","Polearm","Overall palette reads as palette of dark yellow, dark gold, brown. Keep these same flat color families in the same visible places as the prefab reference.","Create a single game inventory icon PNG of 'Spiked Mace'. Use the attached prefab preview as a strict reference. Recreate the exact same weapon shape and silhouette as closely as possible. Match the exact silhouette, proportions, wrapping placement, head size, handle length, guard shape, tip shape, and color placement from the prefab reference. Overall palette reads as palette of dark yellow, dark gold, brown. Keep these same flat color families in the same visible places as the prefab reference. Keep the weapon in an extremely simple low-poly style, with very few large planes, very little micro detail, minimal surface noise, and broad flat color areas only. One isolated weapon only, transparent background, no backdrop, no frame, no environment, no character, no hand, centered in the canvas, full object visible, diagonal layout like the sample icon. Do not redesign the weapon. Do not invent a new color palette. Do not add realism, painterly brushwork, glow, extra ornaments, text, or watermark."
"Assets/Game/Data/Items/Weapons/Melee Weapons/Polygon Dungeon Generated/Spiked Shield.asset","Spiked Shield","Weapon_Dungeon_Shield_Spike_01","Shield","Overall palette reads as palette of brown, dark gold, red. Keep these same flat color families in the same visible places as the prefab reference.","Create a single game inventory icon PNG of 'Spiked Shield'. Use the attached prefab preview as a strict reference. Recreate the exact same weapon shape and silhouette as closely as possible. Match the exact silhouette, proportions, wrapping placement, head size, handle length, guard shape, tip shape, and color placement from the prefab reference. Overall palette reads as palette of brown, dark gold, red. Keep these same flat color families in the same visible places as the prefab reference. Keep the weapon in an extremely simple low-poly style, with very few large planes, very little micro detail, minimal surface noise, and broad flat color areas only. One isolated weapon only, transparent background, no backdrop, no frame, no environment, no character, no hand, centered in the canvas, full object visible, diagonal layout like the sample icon. Do not redesign the weapon. Do not invent a new color palette. Do not add realism, painterly brushwork, glow, extra ornaments, text, or watermark."
"Assets/Game/Data/Items/Weapons/Melee Weapons/Polygon Dungeon Generated/Stone Goblin Shiv.asset","Stone Goblin Shiv","Weapon_Dungeon_Goblin_Shiv_Stone_01","Dagger","Overall palette reads as palette of dark gold, brown, dark orange. Keep these same flat color families in the same visible places as the prefab reference.","Create a single game inventory icon PNG of 'Stone Goblin Shiv'. Use the attached prefab preview as a strict reference. Recreate the exact same weapon shape and silhouette as closely as possible. Match the exact silhouette, proportions, wrapping placement, head size, handle length, guard shape, tip shape, and color placement from the prefab reference. Overall palette reads as palette of dark gold, brown, dark orange. Keep these same flat color families in the same visible places as the prefab reference. Keep the weapon in an extremely simple low-poly style, with very few large planes, very little micro detail, minimal surface noise, and broad flat color areas only. One isolated weapon only, transparent background, no backdrop, no frame, no environment, no character, no hand, centered in the canvas, full object visible, diagonal layout like the sample icon. Do not redesign the weapon. Do not invent a new color palette. Do not add realism, painterly brushwork, glow, extra ornaments, text, or watermark."
"Assets/Game/Data/Items/Weapons/Melee Weapons/Polygon Dungeon Generated/Stone Great Hammer.asset","Stone Great Hammer","Weapon_Dungeon_Hammer_Large_Stone_01","Blunt","Overall palette reads as palette of brown, dark gold, red. Keep these same flat color families in the same visible places as the prefab reference.","Create a single game inventory icon PNG of 'Stone Great Hammer'. Use the attached prefab preview as a strict reference. Recreate the exact same weapon shape and silhouette as closely as possible. Match the exact silhouette, proportions, wrapping placement, head size, handle length, guard shape, tip shape, and color placement from the prefab reference. Overall palette reads as palette of brown, dark gold, red. Keep these same flat color families in the same visible places as the prefab reference. Keep the weapon in an extremely simple low-poly style, with very few large planes, very little micro detail, minimal surface noise, and broad flat color areas only. One isolated weapon only, transparent background, no backdrop, no frame, no environment, no character, no hand, centered in the canvas, full object visible, diagonal layout like the sample icon. Do not redesign the weapon. Do not invent a new color palette. Do not add realism, painterly brushwork, glow, extra ornaments, text, or watermark."
"Assets/Game/Data/Items/Weapons/Melee Weapons/Polygon Dungeon Generated/Stone Mace.asset","Stone Mace","Weapon_Dungeon_Hammer_Mace_Stone_01","Blunt","Overall palette reads as palette of brown, dark orange, dark gold. Keep these same flat color families in the same visible places as the prefab reference.","Create a single game inventory icon PNG of 'Stone Mace'. Use the attached prefab preview as a strict reference. Recreate the exact same weapon shape and silhouette as closely as possible. Match the exact silhouette, proportions, wrapping placement, head size, handle length, guard shape, tip shape, and color placement from the prefab reference. Overall palette reads as palette of brown, dark orange, dark gold. Keep these same flat color families in the same visible places as the prefab reference. Keep the weapon in an extremely simple low-poly style, with very few large planes, very little micro detail, minimal surface noise, and broad flat color areas only. One isolated weapon only, transparent background, no backdrop, no frame, no environment, no character, no hand, centered in the canvas, full object visible, diagonal layout like the sample icon. Do not redesign the weapon. Do not invent a new color palette. Do not add realism, painterly brushwork, glow, extra ornaments, text, or watermark."
"Assets/Game/Data/Items/Weapons/Melee Weapons/Polygon Dungeon Generated/Straight Greatsword.asset","Straight Greatsword","Weapon_Dungeon_Greatsword_Straight_01","Greatsword","Overall palette reads as palette of brown, red, dark magenta. Keep these same flat color families in the same visible places as the prefab reference.","Create a single game inventory icon PNG of 'Straight Greatsword'. Use the attached prefab preview as a strict reference. Recreate the exact same weapon shape and silhouette as closely as possible. Match the exact silhouette, proportions, wrapping placement, head size, handle length, guard shape, tip shape, and color placement from the prefab reference. Overall palette reads as palette of brown, red, dark magenta. Keep these same flat color families in the same visible places as the prefab reference. Keep the weapon in an extremely simple low-poly style, with very few large planes, very little micro detail, minimal surface noise, and broad flat color areas only. One isolated weapon only, transparent background, no backdrop, no frame, no environment, no character, no hand, centered in the canvas, full object visible, diagonal layout like the sample icon. Do not redesign the weapon. Do not invent a new color palette. Do not add realism, painterly brushwork, glow, extra ornaments, text, or watermark."
"Assets/Game/Data/Items/Weapons/Melee Weapons/Polygon Dungeon Generated/Straight Sword.asset","Straight Sword","Weapon_Dungeon_Straightsword_01","Sword","Overall palette reads as palette of dark gold, brown. Keep these same flat color families in the same visible places as the prefab reference.","Create a single game inventory icon PNG of 'Straight Sword'. Use the attached prefab preview as a strict reference. Recreate the exact same weapon shape and silhouette as closely as possible. Match the exact silhouette, proportions, wrapping placement, head size, handle length, guard shape, tip shape, and color placement from the prefab reference. Overall palette reads as palette of dark gold, brown. Keep these same flat color families in the same visible places as the prefab reference. Keep the weapon in an extremely simple low-poly style, with very few large planes, very little micro detail, minimal surface noise, and broad flat color areas only. One isolated weapon only, transparent background, no backdrop, no frame, no environment, no character, no hand, centered in the canvas, full object visible, diagonal layout like the sample icon. Do not redesign the weapon. Do not invent a new color palette. Do not add realism, painterly brushwork, glow, extra ornaments, text, or watermark."
"Assets/Game/Data/Items/Weapons/Melee Weapons/Polygon Dungeon Generated/Verdant Axe.asset","Verdant Axe","Weapon_Dungeon_Axe_Nature_01","Axe","Overall palette reads as palette of dark orange, brown, dark green. Keep these same flat color families in the same visible places as the prefab reference.","Create a single game inventory icon PNG of 'Verdant Axe'. Use the attached prefab preview as a strict reference. Recreate the exact same weapon shape and silhouette as closely as possible. Match the exact silhouette, proportions, wrapping placement, head size, handle length, guard shape, tip shape, and color placement from the prefab reference. Overall palette reads as palette of dark orange, brown, dark green. Keep these same flat color families in the same visible places as the prefab reference. Keep the weapon in an extremely simple low-poly style, with very few large planes, very little micro detail, minimal surface noise, and broad flat color areas only. One isolated weapon only, transparent background, no backdrop, no frame, no environment, no character, no hand, centered in the canvas, full object visible, diagonal layout like the sample icon. Do not redesign the weapon. Do not invent a new color palette. Do not add realism, painterly brushwork, glow, extra ornaments, text, or watermark."
"Assets/Game/Data/Items/Weapons/Melee Weapons/Polygon Dungeon Generated/War Banner 01.asset","War Banner 01","Weapon_Dungeon_Banner_01","Polearm","Overall palette reads as palette of dark orange, brown, dark gold. Keep these same flat color families in the same visible places as the prefab reference.","Create a single game inventory icon PNG of 'War Banner 01'. Use the attached prefab preview as a strict reference. Recreate the exact same weapon shape and silhouette as closely as possible. Match the exact silhouette, proportions, wrapping placement, head size, handle length, guard shape, tip shape, and color placement from the prefab reference. Overall palette reads as palette of dark orange, brown, dark gold. Keep these same flat color families in the same visible places as the prefab reference. Keep the weapon in an extremely simple low-poly style, with very few large planes, very little micro detail, minimal surface noise, and broad flat color areas only. One isolated weapon only, transparent background, no backdrop, no frame, no environment, no character, no hand, centered in the canvas, full object visible, diagonal layout like the sample icon. Do not redesign the weapon. Do not invent a new color palette. Do not add realism, painterly brushwork, glow, extra ornaments, text, or watermark."
"Assets/Game/Data/Items/Weapons/Melee Weapons/Polygon Dungeon Generated/War Banner 02.asset","War Banner 02","Weapon_Dungeon_Banner_02","Polearm","Overall palette reads as palette of red, brown, dark orange. Keep these same flat color families in the same visible places as the prefab reference.","Create a single game inventory icon PNG of 'War Banner 02'. Use the attached prefab preview as a strict reference. Recreate the exact same weapon shape and silhouette as closely as possible. Match the exact silhouette, proportions, wrapping placement, head size, handle length, guard shape, tip shape, and color placement from the prefab reference. Overall palette reads as palette of red, brown, dark orange. Keep these same flat color families in the same visible places as the prefab reference. Keep the weapon in an extremely simple low-poly style, with very few large planes, very little micro detail, minimal surface noise, and broad flat color areas only. One isolated weapon only, transparent background, no backdrop, no frame, no environment, no character, no hand, centered in the canvas, full object visible, diagonal layout like the sample icon. Do not redesign the weapon. Do not invent a new color palette. Do not add realism, painterly brushwork, glow, extra ornaments, text, or watermark."
"Assets/Game/Data/Items/Weapons/Melee Weapons/Polygon Dungeon Generated/War Banner 03.asset","War Banner 03","Weapon_Dungeon_Banner_03","Polearm","Overall palette reads as palette of red, brown, dark gold. Keep these same flat color families in the same visible places as the prefab reference.","Create a single game inventory icon PNG of 'War Banner 03'. Use the attached prefab preview as a strict reference. Recreate the exact same weapon shape and silhouette as closely as possible. Match the exact silhouette, proportions, wrapping placement, head size, handle length, guard shape, tip shape, and color placement from the prefab reference. Overall palette reads as palette of red, brown, dark gold. Keep these same flat color families in the same visible places as the prefab reference. Keep the weapon in an extremely simple low-poly style, with very few large planes, very little micro detail, minimal surface noise, and broad flat color areas only. One isolated weapon only, transparent background, no backdrop, no frame, no environment, no character, no hand, centered in the canvas, full object visible, diagonal layout like the sample icon. Do not redesign the weapon. Do not invent a new color palette. Do not add realism, painterly brushwork, glow, extra ornaments, text, or watermark."
"Assets/Game/Data/Items/Weapons/Melee Weapons/Polygon Dungeon Generated/War Banner 04.asset","War Banner 04","Weapon_Dungeon_Banner_04","Polearm","Overall palette reads as palette of red, brown, dark orange. Keep these same flat color families in the same visible places as the prefab reference.","Create a single game inventory icon PNG of 'War Banner 04'. Use the attached prefab preview as a strict reference. Recreate the exact same weapon shape and silhouette as closely as possible. Match the exact silhouette, proportions, wrapping placement, head size, handle length, guard shape, tip shape, and color placement from the prefab reference. Overall palette reads as palette of red, brown, dark orange. Keep these same flat color families in the same visible places as the prefab reference. Keep the weapon in an extremely simple low-poly style, with very few large planes, very little micro detail, minimal surface noise, and broad flat color areas only. One isolated weapon only, transparent background, no backdrop, no frame, no environment, no character, no hand, centered in the canvas, full object visible, diagonal layout like the sample icon. Do not redesign the weapon. Do not invent a new color palette. Do not add realism, painterly brushwork, glow, extra ornaments, text, or watermark."
"Assets/Game/Data/Items/Weapons/Melee Weapons/Polygon Dungeon Generated/War Banner 05.asset","War Banner 05","Weapon_Dungeon_Banner_05","Polearm","Overall palette reads as palette of red, dark orange, dark green. Keep these same flat color families in the same visible places as the prefab reference.","Create a single game inventory icon PNG of 'War Banner 05'. Use the attached prefab preview as a strict reference. Recreate the exact same weapon shape and silhouette as closely as possible. Match the exact silhouette, proportions, wrapping placement, head size, handle length, guard shape, tip shape, and color placement from the prefab reference. Overall palette reads as palette of red, dark orange, dark green. Keep these same flat color families in the same visible places as the prefab reference. Keep the weapon in an extremely simple low-poly style, with very few large planes, very little micro detail, minimal surface noise, and broad flat color areas only. One isolated weapon only, transparent background, no backdrop, no frame, no environment, no character, no hand, centered in the canvas, full object visible, diagonal layout like the sample icon. Do not redesign the weapon. Do not invent a new color palette. Do not add realism, painterly brushwork, glow, extra ornaments, text, or watermark."
"Assets/Game/Data/Items/Weapons/Melee Weapons/Polygon Dungeon Generated/Wooden Glaive.asset","Wooden Glaive","Weapon_Dungeon_Handle_Wood_01","Polearm","Overall palette reads as palette of brown, dark orange, red. Keep these same flat color families in the same visible places as the prefab reference.","Create a single game inventory icon PNG of 'Wooden Glaive'. Use the attached prefab preview as a strict reference. Recreate the exact same weapon shape and silhouette as closely as possible. Match the exact silhouette, proportions, wrapping placement, head size, handle length, guard shape, tip shape, and color placement from the prefab reference. Overall palette reads as palette of brown, dark orange, red. Keep these same flat color families in the same visible places as the prefab reference. Keep the weapon in an extremely simple low-poly style, with very few large planes, very little micro detail, minimal surface noise, and broad flat color areas only. One isolated weapon only, transparent background, no backdrop, no frame, no environment, no character, no hand, centered in the canvas, full object visible, diagonal layout like the sample icon. Do not redesign the weapon. Do not invent a new color palette. Do not add realism, painterly brushwork, glow, extra ornaments, text, or watermark."
"Assets/Game/Data/Items/Weapons/Melee Weapons/Polygon Dungeon Generated/Wooden Great Hammer.asset","Wooden Great Hammer","Weapon_Dungeon_Hammer_Large_Wood_01","Blunt","Overall palette reads as palette of brown, dark gold, dark orange. Keep these same flat color families in the same visible places as the prefab reference.","Create a single game inventory icon PNG of 'Wooden Great Hammer'. Use the attached prefab preview as a strict reference. Recreate the exact same weapon shape and silhouette as closely as possible. Match the exact silhouette, proportions, wrapping placement, head size, handle length, guard shape, tip shape, and color placement from the prefab reference. Overall palette reads as palette of brown, dark gold, dark orange. Keep these same flat color families in the same visible places as the prefab reference. Keep the weapon in an extremely simple low-poly style, with very few large planes, very little micro detail, minimal surface noise, and broad flat color areas only. One isolated weapon only, transparent background, no backdrop, no frame, no environment, no character, no hand, centered in the canvas, full object visible, diagonal layout like the sample icon. Do not redesign the weapon. Do not invent a new color palette. Do not add realism, painterly brushwork, glow, extra ornaments, text, or watermark."
"Assets/Game/Data/Items/Weapons/Melee Weapons/Polygon Fantasy Hero Generated/Archer Shield.asset","Archer Shield","Weapon_Shield_16","Shield","Overall palette reads as palette of gold, dark blue, magenta. Keep these same flat color families in the same visible places as the prefab reference.","Create a single game inventory icon PNG of 'Archer Shield'. Use the attached prefab preview as a strict reference. Recreate the exact same weapon shape and silhouette as closely as possible. Match the exact silhouette, proportions, wrapping placement, head size, handle length, guard shape, tip shape, and color placement from the prefab reference. Overall palette reads as palette of gold, dark blue, magenta. Keep these same flat color families in the same visible places as the prefab reference. Keep the weapon in an extremely simple low-poly style, with very few large planes, very little micro detail, minimal surface noise, and broad flat color areas only. One isolated weapon only, transparent background, no backdrop, no frame, no environment, no character, no hand, centered in the canvas, full object visible, diagonal layout like the sample icon. Do not redesign the weapon. Do not invent a new color palette. Do not add realism, painterly brushwork, glow, extra ornaments, text, or watermark."
"Assets/Game/Data/Items/Weapons/Melee Weapons/Polygon Fantasy Hero Generated/Banded Shield.asset","Banded Shield","Weapon_Shield_09","Shield","Overall palette reads as palette of dark green, dark red, muted cyan. Keep these same flat color families in the same visible places as the prefab reference.","Create a single game inventory icon PNG of 'Banded Shield'. Use the attached prefab preview as a strict reference. Recreate the exact same weapon shape and silhouette as closely as possible. Match the exact silhouette, proportions, wrapping placement, head size, handle length, guard shape, tip shape, and color placement from the prefab reference. Overall palette reads as palette of dark green, dark red, muted cyan. Keep these same flat color families in the same visible places as the prefab reference. Keep the weapon in an extremely simple low-poly style, with very few large planes, very little micro detail, minimal surface noise, and broad flat color areas only. One isolated weapon only, transparent background, no backdrop, no frame, no environment, no character, no hand, centered in the canvas, full object visible, diagonal layout like the sample icon. Do not redesign the weapon. Do not invent a new color palette. Do not add realism, painterly brushwork, glow, extra ornaments, text, or watermark."
"Assets/Game/Data/Items/Weapons/Melee Weapons/Polygon Fantasy Hero Generated/Banded Tower Shield.asset","Banded Tower Shield","Weapon_Shield_Long_09","Shield","Overall palette reads as palette of brown, dark red, muted cyan. Keep these same flat color families in the same visible places as the prefab reference.","Create a single game inventory icon PNG of 'Banded Tower Shield'. Use the attached prefab preview as a strict reference. Recreate the exact same weapon shape and silhouette as closely as possible. Match the exact silhouette, proportions, wrapping placement, head size, handle length, guard shape, tip shape, and color placement from the prefab reference. Overall palette reads as palette of brown, dark red, muted cyan. Keep these same flat color families in the same visible places as the prefab reference. Keep the weapon in an extremely simple low-poly style, with very few large planes, very little micro detail, minimal surface noise, and broad flat color areas only. One isolated weapon only, transparent background, no backdrop, no frame, no environment, no character, no hand, centered in the canvas, full object visible, diagonal layout like the sample icon. Do not redesign the weapon. Do not invent a new color palette. Do not add realism, painterly brushwork, glow, extra ornaments, text, or watermark."
"Assets/Game/Data/Items/Weapons/Melee Weapons/Polygon Fantasy Hero Generated/Beast Crest Shield.asset","Beast Crest Shield","Weapon_Shield_02","Shield","Overall palette reads as palette of dark green, muted cyan, dark red. Keep these same flat color families in the same visible places as the prefab reference.","Create a single game inventory icon PNG of 'Beast Crest Shield'. Use the attached prefab preview as a strict reference. Recreate the exact same weapon shape and silhouette as closely as possible. Match the exact silhouette, proportions, wrapping placement, head size, handle length, guard shape, tip shape, and color placement from the prefab reference. Overall palette reads as palette of dark green, muted cyan, dark red. Keep these same flat color families in the same visible places as the prefab reference. Keep the weapon in an extremely simple low-poly style, with very few large planes, very little micro detail, minimal surface noise, and broad flat color areas only. One isolated weapon only, transparent background, no backdrop, no frame, no environment, no character, no hand, centered in the canvas, full object visible, diagonal layout like the sample icon. Do not redesign the weapon. Do not invent a new color palette. Do not add realism, painterly brushwork, glow, extra ornaments, text, or watermark."
"Assets/Game/Data/Items/Weapons/Melee Weapons/Polygon Fantasy Hero Generated/Beast Tower Shield.asset","Beast Tower Shield","Weapon_Shield_Long_02","Shield","Overall palette reads as palette of brown, dark red, muted cyan. Keep these same flat color families in the same visible places as the prefab reference.","Create a single game inventory icon PNG of 'Beast Tower Shield'. Use the attached prefab preview as a strict reference. Recreate the exact same weapon shape and silhouette as closely as possible. Match the exact silhouette, proportions, wrapping placement, head size, handle length, guard shape, tip shape, and color placement from the prefab reference. Overall palette reads as palette of brown, dark red, muted cyan. Keep these same flat color families in the same visible places as the prefab reference. Keep the weapon in an extremely simple low-poly style, with very few large planes, very little micro detail, minimal surface noise, and broad flat color areas only. One isolated weapon only, transparent background, no backdrop, no frame, no environment, no character, no hand, centered in the canvas, full object visible, diagonal layout like the sample icon. Do not redesign the weapon. Do not invent a new color palette. Do not add realism, painterly brushwork, glow, extra ornaments, text, or watermark."
"Assets/Game/Data/Items/Weapons/Melee Weapons/Polygon Fantasy Hero Generated/Chevron Tower Shield.asset","Chevron Tower Shield","Weapon_Shield_Long_15","Shield","Overall palette reads as palette of brown, dark red, muted cyan. Keep these same flat color families in the same visible places as the prefab reference.","Create a single game inventory icon PNG of 'Chevron Tower Shield'. Use the attached prefab preview as a strict reference. Recreate the exact same weapon shape and silhouette as closely as possible. Match the exact silhouette, proportions, wrapping placement, head size, handle length, guard shape, tip shape, and color placement from the prefab reference. Overall palette reads as palette of brown, dark red, muted cyan. Keep these same flat color families in the same visible places as the prefab reference. Keep the weapon in an extremely simple low-poly style, with very few large planes, very little micro detail, minimal surface noise, and broad flat color areas only. One isolated weapon only, transparent background, no backdrop, no frame, no environment, no character, no hand, centered in the canvas, full object visible, diagonal layout like the sample icon. Do not redesign the weapon. Do not invent a new color palette. Do not add realism, painterly brushwork, glow, extra ornaments, text, or watermark."
"Assets/Game/Data/Items/Weapons/Melee Weapons/Polygon Fantasy Hero Generated/Cross Shield 02.asset","Cross Shield 02","Weapon_Shield_17","Shield","Overall palette reads as palette of dark green, muted cyan, dark red. Keep these same flat color families in the same visible places as the prefab reference.","Create a single game inventory icon PNG of 'Cross Shield 02'. Use the attached prefab preview as a strict reference. Recreate the exact same weapon shape and silhouette as closely as possible. Match the exact silhouette, proportions, wrapping placement, head size, handle length, guard shape, tip shape, and color placement from the prefab reference. Overall palette reads as palette of dark green, muted cyan, dark red. Keep these same flat color families in the same visible places as the prefab reference. Keep the weapon in an extremely simple low-poly style, with very few large planes, very little micro detail, minimal surface noise, and broad flat color areas only. One isolated weapon only, transparent background, no backdrop, no frame, no environment, no character, no hand, centered in the canvas, full object visible, diagonal layout like the sample icon. Do not redesign the weapon. Do not invent a new color palette. Do not add realism, painterly brushwork, glow, extra ornaments, text, or watermark."
"Assets/Game/Data/Items/Weapons/Melee Weapons/Polygon Fantasy Hero Generated/Cross Shield.asset","Cross Shield","Weapon_Shield_05","Shield","Overall palette reads as palette of dark green, muted cyan, dark red. Keep these same flat color families in the same visible places as the prefab reference.","Create a single game inventory icon PNG of 'Cross Shield'. Use the attached prefab preview as a strict reference. Recreate the exact same weapon shape and silhouette as closely as possible. Match the exact silhouette, proportions, wrapping placement, head size, handle length, guard shape, tip shape, and color placement from the prefab reference. Overall palette reads as palette of dark green, muted cyan, dark red. Keep these same flat color families in the same visible places as the prefab reference. Keep the weapon in an extremely simple low-poly style, with very few large planes, very little micro detail, minimal surface noise, and broad flat color areas only. One isolated weapon only, transparent background, no backdrop, no frame, no environment, no character, no hand, centered in the canvas, full object visible, diagonal layout like the sample icon. Do not redesign the weapon. Do not invent a new color palette. Do not add realism, painterly brushwork, glow, extra ornaments, text, or watermark."
"Assets/Game/Data/Items/Weapons/Melee Weapons/Polygon Fantasy Hero Generated/Cross Tower Shield.asset","Cross Tower Shield","Weapon_Shield_Long_05","Shield","Overall palette reads as palette of brown, dark red, muted cyan. Keep these same flat color families in the same visible places as the prefab reference.","Create a single game inventory icon PNG of 'Cross Tower Shield'. Use the attached prefab preview as a strict reference. Recreate the exact same weapon shape and silhouette as closely as possible. Match the exact silhouette, proportions, wrapping placement, head size, handle length, guard shape, tip shape, and color placement from the prefab reference. Overall palette reads as palette of brown, dark red, muted cyan. Keep these same flat color families in the same visible places as the prefab reference. Keep the weapon in an extremely simple low-poly style, with very few large planes, very little micro detail, minimal surface noise, and broad flat color areas only. One isolated weapon only, transparent background, no backdrop, no frame, no environment, no character, no hand, centered in the canvas, full object visible, diagonal layout like the sample icon. Do not redesign the weapon. Do not invent a new color palette. Do not add realism, painterly brushwork, glow, extra ornaments, text, or watermark."
"Assets/Game/Data/Items/Weapons/Melee Weapons/Polygon Fantasy Hero Generated/Crown Shield 02.asset","Crown Shield 02","Weapon_Shield_20","Shield","Overall palette reads as palette of dark green, dark red, muted cyan. Keep these same flat color families in the same visible places as the prefab reference.","Create a single game inventory icon PNG of 'Crown Shield 02'. Use the attached prefab preview as a strict reference. Recreate the exact same weapon shape and silhouette as closely as possible. Match the exact silhouette, proportions, wrapping placement, head size, handle length, guard shape, tip shape, and color placement from the prefab reference. Overall palette reads as palette of dark green, dark red, muted cyan. Keep these same flat color families in the same visible places as the prefab reference. Keep the weapon in an extremely simple low-poly style, with very few large planes, very little micro detail, minimal surface noise, and broad flat color areas only. One isolated weapon only, transparent background, no backdrop, no frame, no environment, no character, no hand, centered in the canvas, full object visible, diagonal layout like the sample icon. Do not redesign the weapon. Do not invent a new color palette. Do not add realism, painterly brushwork, glow, extra ornaments, text, or watermark."
"Assets/Game/Data/Items/Weapons/Melee Weapons/Polygon Fantasy Hero Generated/Crown Shield.asset","Crown Shield","Weapon_Shield_04","Shield","Overall palette reads as palette of dark green, dark red, muted cyan. Keep these same flat color families in the same visible places as the prefab reference.","Create a single game inventory icon PNG of 'Crown Shield'. Use the attached prefab preview as a strict reference. Recreate the exact same weapon shape and silhouette as closely as possible. Match the exact silhouette, proportions, wrapping placement, head size, handle length, guard shape, tip shape, and color placement from the prefab reference. Overall palette reads as palette of dark green, dark red, muted cyan. Keep these same flat color families in the same visible places as the prefab reference. Keep the weapon in an extremely simple low-poly style, with very few large planes, very little micro detail, minimal surface noise, and broad flat color areas only. One isolated weapon only, transparent background, no backdrop, no frame, no environment, no character, no hand, centered in the canvas, full object visible, diagonal layout like the sample icon. Do not redesign the weapon. Do not invent a new color palette. Do not add realism, painterly brushwork, glow, extra ornaments, text, or watermark."
"Assets/Game/Data/Items/Weapons/Melee Weapons/Polygon Fantasy Hero Generated/Crown Tower Shield.asset","Crown Tower Shield","Weapon_Shield_Long_04","Shield","Overall palette reads as palette of brown, dark red, muted cyan. Keep these same flat color families in the same visible places as the prefab reference.","Create a single game inventory icon PNG of 'Crown Tower Shield'. Use the attached prefab preview as a strict reference. Recreate the exact same weapon shape and silhouette as closely as possible. Match the exact silhouette, proportions, wrapping placement, head size, handle length, guard shape, tip shape, and color placement from the prefab reference. Overall palette reads as palette of brown, dark red, muted cyan. Keep these same flat color families in the same visible places as the prefab reference. Keep the weapon in an extremely simple low-poly style, with very few large planes, very little micro detail, minimal surface noise, and broad flat color areas only. One isolated weapon only, transparent background, no backdrop, no frame, no environment, no character, no hand, centered in the canvas, full object visible, diagonal layout like the sample icon. Do not redesign the weapon. Do not invent a new color palette. Do not add realism, painterly brushwork, glow, extra ornaments, text, or watermark."
"Assets/Game/Data/Items/Weapons/Melee Weapons/Polygon Fantasy Hero Generated/Crusader Shield.asset","Crusader Shield","Weapon_Shield_08","Shield","Overall palette reads as palette of dark green, muted cyan, dark red. Keep these same flat color families in the same visible places as the prefab reference.","Create a single game inventory icon PNG of 'Crusader Shield'. Use the attached prefab preview as a strict reference. Recreate the exact same weapon shape and silhouette as closely as possible. Match the exact silhouette, proportions, wrapping placement, head size, handle length, guard shape, tip shape, and color placement from the prefab reference. Overall palette reads as palette of dark green, muted cyan, dark red. Keep these same flat color families in the same visible places as the prefab reference. Keep the weapon in an extremely simple low-poly style, with very few large planes, very little micro detail, minimal surface noise, and broad flat color areas only. One isolated weapon only, transparent background, no backdrop, no frame, no environment, no character, no hand, centered in the canvas, full object visible, diagonal layout like the sample icon. Do not redesign the weapon. Do not invent a new color palette. Do not add realism, painterly brushwork, glow, extra ornaments, text, or watermark."
"Assets/Game/Data/Items/Weapons/Melee Weapons/Polygon Fantasy Hero Generated/Dagger.asset","Dagger","Weapon_Dagger_01","Dagger","Overall palette reads as palette of brown, muted cyan. Keep these same flat color families in the same visible places as the prefab reference.","Create a single game inventory icon PNG of 'Dagger'. Use the attached prefab preview as a strict reference. Recreate the exact same weapon shape and silhouette as closely as possible. Match the exact silhouette, proportions, wrapping placement, head size, handle length, guard shape, tip shape, and color placement from the prefab reference. Overall palette reads as palette of brown, muted cyan. Keep these same flat color families in the same visible places as the prefab reference. Keep the weapon in an extremely simple low-poly style, with very few large planes, very little micro detail, minimal surface noise, and broad flat color areas only. One isolated weapon only, transparent background, no backdrop, no frame, no environment, no character, no hand, centered in the canvas, full object visible, diagonal layout like the sample icon. Do not redesign the weapon. Do not invent a new color palette. Do not add realism, painterly brushwork, glow, extra ornaments, text, or watermark."
"Assets/Game/Data/Items/Weapons/Melee Weapons/Polygon Fantasy Hero Generated/Fleur Shield 02.asset","Fleur Shield 02","Weapon_Shield_19","Shield","Overall palette reads as palette of dark green, dark red, muted cyan. Keep these same flat color families in the same visible places as the prefab reference.","Create a single game inventory icon PNG of 'Fleur Shield 02'. Use the attached prefab preview as a strict reference. Recreate the exact same weapon shape and silhouette as closely as possible. Match the exact silhouette, proportions, wrapping placement, head size, handle length, guard shape, tip shape, and color placement from the prefab reference. Overall palette reads as palette of dark green, dark red, muted cyan. Keep these same flat color families in the same visible places as the prefab reference. Keep the weapon in an extremely simple low-poly style, with very few large planes, very little micro detail, minimal surface noise, and broad flat color areas only. One isolated weapon only, transparent background, no backdrop, no frame, no environment, no character, no hand, centered in the canvas, full object visible, diagonal layout like the sample icon. Do not redesign the weapon. Do not invent a new color palette. Do not add realism, painterly brushwork, glow, extra ornaments, text, or watermark."
"Assets/Game/Data/Items/Weapons/Melee Weapons/Polygon Fantasy Hero Generated/Fleur Shield.asset","Fleur Shield","Weapon_Shield_03","Shield","Overall palette reads as palette of dark green, dark red, muted cyan. Keep these same flat color families in the same visible places as the prefab reference.","Create a single game inventory icon PNG of 'Fleur Shield'. Use the attached prefab preview as a strict reference. Recreate the exact same weapon shape and silhouette as closely as possible. Match the exact silhouette, proportions, wrapping placement, head size, handle length, guard shape, tip shape, and color placement from the prefab reference. Overall palette reads as palette of dark green, dark red, muted cyan. Keep these same flat color families in the same visible places as the prefab reference. Keep the weapon in an extremely simple low-poly style, with very few large planes, very little micro detail, minimal surface noise, and broad flat color areas only. One isolated weapon only, transparent background, no backdrop, no frame, no environment, no character, no hand, centered in the canvas, full object visible, diagonal layout like the sample icon. Do not redesign the weapon. Do not invent a new color palette. Do not add realism, painterly brushwork, glow, extra ornaments, text, or watermark."
"Assets/Game/Data/Items/Weapons/Melee Weapons/Polygon Fantasy Hero Generated/Fleur Tower Shield.asset","Fleur Tower Shield","Weapon_Shield_Long_03","Shield","Overall palette reads as palette of brown, dark red, muted cyan. Keep these same flat color families in the same visible places as the prefab reference.","Create a single game inventory icon PNG of 'Fleur Tower Shield'. Use the attached prefab preview as a strict reference. Recreate the exact same weapon shape and silhouette as closely as possible. Match the exact silhouette, proportions, wrapping placement, head size, handle length, guard shape, tip shape, and color placement from the prefab reference. Overall palette reads as palette of brown, dark red, muted cyan. Keep these same flat color families in the same visible places as the prefab reference. Keep the weapon in an extremely simple low-poly style, with very few large planes, very little micro detail, minimal surface noise, and broad flat color areas only. One isolated weapon only, transparent background, no backdrop, no frame, no environment, no character, no hand, centered in the canvas, full object visible, diagonal layout like the sample icon. Do not redesign the weapon. Do not invent a new color palette. Do not add realism, painterly brushwork, glow, extra ornaments, text, or watermark."
"Assets/Game/Data/Items/Weapons/Melee Weapons/Polygon Fantasy Hero Generated/Greatsword.asset","Greatsword","Weapon_Sword_Large_01","Greatsword","Overall palette reads as palette of brown, muted cyan, dark red. Keep these same flat color families in the same visible places as the prefab reference.","Create a single game inventory icon PNG of 'Greatsword'. Use the attached prefab preview as a strict reference. Recreate the exact same weapon shape and silhouette as closely as possible. Match the exact silhouette, proportions, wrapping placement, head size, handle length, guard shape, tip shape, and color placement from the prefab reference. Overall palette reads as palette of brown, muted cyan, dark red. Keep these same flat color families in the same visible places as the prefab reference. Keep the weapon in an extremely simple low-poly style, with very few large planes, very little micro detail, minimal surface noise, and broad flat color areas only. One isolated weapon only, transparent background, no backdrop, no frame, no environment, no character, no hand, centered in the canvas, full object visible, diagonal layout like the sample icon. Do not redesign the weapon. Do not invent a new color palette. Do not add realism, painterly brushwork, glow, extra ornaments, text, or watermark."
"Assets/Game/Data/Items/Weapons/Melee Weapons/Polygon Fantasy Hero Generated/Halfcoat Shield.asset","Halfcoat Shield","Weapon_Shield_07","Shield","Overall palette reads as palette of dark green, muted cyan, dark red. Keep these same flat color families in the same visible places as the prefab reference.","Create a single game inventory icon PNG of 'Halfcoat Shield'. Use the attached prefab preview as a strict reference. Recreate the exact same weapon shape and silhouette as closely as possible. Match the exact silhouette, proportions, wrapping placement, head size, handle length, guard shape, tip shape, and color placement from the prefab reference. Overall palette reads as palette of dark green, muted cyan, dark red. Keep these same flat color families in the same visible places as the prefab reference. Keep the weapon in an extremely simple low-poly style, with very few large planes, very little micro detail, minimal surface noise, and broad flat color areas only. One isolated weapon only, transparent background, no backdrop, no frame, no environment, no character, no hand, centered in the canvas, full object visible, diagonal layout like the sample icon. Do not redesign the weapon. Do not invent a new color palette. Do not add realism, painterly brushwork, glow, extra ornaments, text, or watermark."
"Assets/Game/Data/Items/Weapons/Melee Weapons/Polygon Fantasy Hero Generated/Hand Axe.asset","Hand Axe","Weapon_Axe_01","Axe","Overall palette reads as palette of brown, dark red, muted cyan. Keep these same flat color families in the same visible places as the prefab reference.","Create a single game inventory icon PNG of 'Hand Axe'. Use the attached prefab preview as a strict reference. Recreate the exact same weapon shape and silhouette as closely as possible. Match the exact silhouette, proportions, wrapping placement, head size, handle length, guard shape, tip shape, and color placement from the prefab reference. Overall palette reads as palette of brown, dark red, muted cyan. Keep these same flat color families in the same visible places as the prefab reference. Keep the weapon in an extremely simple low-poly style, with very few large planes, very little micro detail, minimal surface noise, and broad flat color areas only. One isolated weapon only, transparent background, no backdrop, no frame, no environment, no character, no hand, centered in the canvas, full object visible, diagonal layout like the sample icon. Do not redesign the weapon. Do not invent a new color palette. Do not add realism, painterly brushwork, glow, extra ornaments, text, or watermark."
"Assets/Game/Data/Items/Weapons/Melee Weapons/Polygon Fantasy Hero Generated/Herald Tower Shield.asset","Herald Tower Shield","Weapon_Shield_Long_16","Shield","Overall palette reads as palette of brown, dark red, muted cyan. Keep these same flat color families in the same visible places as the prefab reference.","Create a single game inventory icon PNG of 'Herald Tower Shield'. Use the attached prefab preview as a strict reference. Recreate the exact same weapon shape and silhouette as closely as possible. Match the exact silhouette, proportions, wrapping placement, head size, handle length, guard shape, tip shape, and color placement from the prefab reference. Overall palette reads as palette of brown, dark red, muted cyan. Keep these same flat color families in the same visible places as the prefab reference. Keep the weapon in an extremely simple low-poly style, with very few large planes, very little micro detail, minimal surface noise, and broad flat color areas only. One isolated weapon only, transparent background, no backdrop, no frame, no environment, no character, no hand, centered in the canvas, full object visible, diagonal layout like the sample icon. Do not redesign the weapon. Do not invent a new color palette. Do not add realism, painterly brushwork, glow, extra ornaments, text, or watermark."
"Assets/Game/Data/Items/Weapons/Melee Weapons/Polygon Fantasy Hero Generated/Jousting Lance 01.asset","Jousting Lance 01","Weapon_Joust_01","Polearm","Overall palette reads as palette of brown, dark cyan, orange. Keep these same flat color families in the same visible places as the prefab reference.","Create a single game inventory icon PNG of 'Jousting Lance 01'. Use the attached prefab preview as a strict reference. Recreate the exact same weapon shape and silhouette as closely as possible. Match the exact silhouette, proportions, wrapping placement, head size, handle length, guard shape, tip shape, and color placement from the prefab reference. Overall palette reads as palette of brown, dark cyan, orange. Keep these same flat color families in the same visible places as the prefab reference. Keep the weapon in an extremely simple low-poly style, with very few large planes, very little micro detail, minimal surface noise, and broad flat color areas only. One isolated weapon only, transparent background, no backdrop, no frame, no environment, no character, no hand, centered in the canvas, full object visible, diagonal layout like the sample icon. Do not redesign the weapon. Do not invent a new color palette. Do not add realism, painterly brushwork, glow, extra ornaments, text, or watermark."
"Assets/Game/Data/Items/Weapons/Melee Weapons/Polygon Fantasy Hero Generated/Jousting Lance 02.asset","Jousting Lance 02","Weapon_Joust_02","Polearm","Overall palette reads as palette of brown, dark red. Keep these same flat color families in the same visible places as the prefab reference.","Create a single game inventory icon PNG of 'Jousting Lance 02'. Use the attached prefab preview as a strict reference. Recreate the exact same weapon shape and silhouette as closely as possible. Match the exact silhouette, proportions, wrapping placement, head size, handle length, guard shape, tip shape, and color placement from the prefab reference. Overall palette reads as palette of brown, dark red. Keep these same flat color families in the same visible places as the prefab reference. Keep the weapon in an extremely simple low-poly style, with very few large planes, very little micro detail, minimal surface noise, and broad flat color areas only. One isolated weapon only, transparent background, no backdrop, no frame, no environment, no character, no hand, centered in the canvas, full object visible, diagonal layout like the sample icon. Do not redesign the weapon. Do not invent a new color palette. Do not add realism, painterly brushwork, glow, extra ornaments, text, or watermark."
"Assets/Game/Data/Items/Weapons/Melee Weapons/Polygon Fantasy Hero Generated/Jousting Lance 03.asset","Jousting Lance 03","Weapon_Joust_03","Polearm","Overall palette reads as palette of brown, gold, dark red. Keep these same flat color families in the same visible places as the prefab reference.","Create a single game inventory icon PNG of 'Jousting Lance 03'. Use the attached prefab preview as a strict reference. Recreate the exact same weapon shape and silhouette as closely as possible. Match the exact silhouette, proportions, wrapping placement, head size, handle length, guard shape, tip shape, and color placement from the prefab reference. Overall palette reads as palette of brown, gold, dark red. Keep these same flat color families in the same visible places as the prefab reference. Keep the weapon in an extremely simple low-poly style, with very few large planes, very little micro detail, minimal surface noise, and broad flat color areas only. One isolated weapon only, transparent background, no backdrop, no frame, no environment, no character, no hand, centered in the canvas, full object visible, diagonal layout like the sample icon. Do not redesign the weapon. Do not invent a new color palette. Do not add realism, painterly brushwork, glow, extra ornaments, text, or watermark."
"Assets/Game/Data/Items/Weapons/Melee Weapons/Polygon Fantasy Hero Generated/Lion Crest Shield 02.asset","Lion Crest Shield 02","Weapon_Shield_18","Shield","Overall palette reads as palette of dark green, muted cyan, dark red. Keep these same flat color families in the same visible places as the prefab reference.","Create a single game inventory icon PNG of 'Lion Crest Shield 02'. Use the attached prefab preview as a strict reference. Recreate the exact same weapon shape and silhouette as closely as possible. Match the exact silhouette, proportions, wrapping placement, head size, handle length, guard shape, tip shape, and color placement from the prefab reference. Overall palette reads as palette of dark green, muted cyan, dark red. Keep these same flat color families in the same visible places as the prefab reference. Keep the weapon in an extremely simple low-poly style, with very few large planes, very little micro detail, minimal surface noise, and broad flat color areas only. One isolated weapon only, transparent background, no backdrop, no frame, no environment, no character, no hand, centered in the canvas, full object visible, diagonal layout like the sample icon. Do not redesign the weapon. Do not invent a new color palette. Do not add realism, painterly brushwork, glow, extra ornaments, text, or watermark."
"Assets/Game/Data/Items/Weapons/Melee Weapons/Polygon Fantasy Hero Generated/Lion Crest Shield.asset","Lion Crest Shield","Weapon_Shield_01","Shield","Overall palette reads as palette of dark green, dark red, muted cyan. Keep these same flat color families in the same visible places as the prefab reference.","Create a single game inventory icon PNG of 'Lion Crest Shield'. Use the attached prefab preview as a strict reference. Recreate the exact same weapon shape and silhouette as closely as possible. Match the exact silhouette, proportions, wrapping placement, head size, handle length, guard shape, tip shape, and color placement from the prefab reference. Overall palette reads as palette of dark green, dark red, muted cyan. Keep these same flat color families in the same visible places as the prefab reference. Keep the weapon in an extremely simple low-poly style, with very few large planes, very little micro detail, minimal surface noise, and broad flat color areas only. One isolated weapon only, transparent background, no backdrop, no frame, no environment, no character, no hand, centered in the canvas, full object visible, diagonal layout like the sample icon. Do not redesign the weapon. Do not invent a new color palette. Do not add realism, painterly brushwork, glow, extra ornaments, text, or watermark."
"Assets/Game/Data/Items/Weapons/Melee Weapons/Polygon Fantasy Hero Generated/Lion Tower Shield.asset","Lion Tower Shield","Weapon_Shield_Long_01","Shield","Overall palette reads as palette of brown, dark red, muted cyan. Keep these same flat color families in the same visible places as the prefab reference.","Create a single game inventory icon PNG of 'Lion Tower Shield'. Use the attached prefab preview as a strict reference. Recreate the exact same weapon shape and silhouette as closely as possible. Match the exact silhouette, proportions, wrapping placement, head size, handle length, guard shape, tip shape, and color placement from the prefab reference. Overall palette reads as palette of brown, dark red, muted cyan. Keep these same flat color families in the same visible places as the prefab reference. Keep the weapon in an extremely simple low-poly style, with very few large planes, very little micro detail, minimal surface noise, and broad flat color areas only. One isolated weapon only, transparent background, no backdrop, no frame, no environment, no character, no hand, centered in the canvas, full object visible, diagonal layout like the sample icon. Do not redesign the weapon. Do not invent a new color palette. Do not add realism, painterly brushwork, glow, extra ornaments, text, or watermark."
"Assets/Game/Data/Items/Weapons/Melee Weapons/Polygon Fantasy Hero Generated/Long Staff.asset","Long Staff","Weapon_Staff_02","Focus","Overall palette reads as palette of orange, dark cyan. Keep these same flat color families in the same visible places as the prefab reference.","Create a single game inventory icon PNG of 'Long Staff'. Use the attached prefab preview as a strict reference. Recreate the exact same weapon shape and silhouette as closely as possible. Match the exact silhouette, proportions, wrapping placement, head size, handle length, guard shape, tip shape, and color placement from the prefab reference. Overall palette reads as palette of orange, dark cyan. Keep these same flat color families in the same visible places as the prefab reference. Keep the weapon in an extremely simple low-poly style, with very few large planes, very little micro detail, minimal surface noise, and broad flat color areas only. One isolated weapon only, transparent background, no backdrop, no frame, no environment, no character, no hand, centered in the canvas, full object visible, diagonal layout like the sample icon. Do not redesign the weapon. Do not invent a new color palette. Do not add realism, painterly brushwork, glow, extra ornaments, text, or watermark."
"Assets/Game/Data/Items/Weapons/Melee Weapons/Polygon Fantasy Hero Generated/Mace 01.asset","Mace 01","Weapon_Mace_01","Blunt","Overall palette reads as palette of muted cyan, brown, dark red. Keep these same flat color families in the same visible places as the prefab reference.","Create a single game inventory icon PNG of 'Mace 01'. Use the attached prefab preview as a strict reference. Recreate the exact same weapon shape and silhouette as closely as possible. Match the exact silhouette, proportions, wrapping placement, head size, handle length, guard shape, tip shape, and color placement from the prefab reference. Overall palette reads as palette of muted cyan, brown, dark red. Keep these same flat color families in the same visible places as the prefab reference. Keep the weapon in an extremely simple low-poly style, with very few large planes, very little micro detail, minimal surface noise, and broad flat color areas only. One isolated weapon only, transparent background, no backdrop, no frame, no environment, no character, no hand, centered in the canvas, full object visible, diagonal layout like the sample icon. Do not redesign the weapon. Do not invent a new color palette. Do not add realism, painterly brushwork, glow, extra ornaments, text, or watermark."
"Assets/Game/Data/Items/Weapons/Melee Weapons/Polygon Fantasy Hero Generated/Plain Shield.asset","Plain Shield","Weapon_Shield_12","Shield","Overall palette reads as palette of dark green, dark red, muted cyan. Keep these same flat color families in the same visible places as the prefab reference.","Create a single game inventory icon PNG of 'Plain Shield'. Use the attached prefab preview as a strict reference. Recreate the exact same weapon shape and silhouette as closely as possible. Match the exact silhouette, proportions, wrapping placement, head size, handle length, guard shape, tip shape, and color placement from the prefab reference. Overall palette reads as palette of dark green, dark red, muted cyan. Keep these same flat color families in the same visible places as the prefab reference. Keep the weapon in an extremely simple low-poly style, with very few large planes, very little micro detail, minimal surface noise, and broad flat color areas only. One isolated weapon only, transparent background, no backdrop, no frame, no environment, no character, no hand, centered in the canvas, full object visible, diagonal layout like the sample icon. Do not redesign the weapon. Do not invent a new color palette. Do not add realism, painterly brushwork, glow, extra ornaments, text, or watermark."
"Assets/Game/Data/Items/Weapons/Melee Weapons/Polygon Fantasy Hero Generated/Plain Tower Shield 02.asset","Plain Tower Shield 02","Weapon_Shield_Long_12","Shield","Overall palette reads as palette of brown, dark red, muted cyan. Keep these same flat color families in the same visible places as the prefab reference.","Create a single game inventory icon PNG of 'Plain Tower Shield 02'. Use the attached prefab preview as a strict reference. Recreate the exact same weapon shape and silhouette as closely as possible. Match the exact silhouette, proportions, wrapping placement, head size, handle length, guard shape, tip shape, and color placement from the prefab reference. Overall palette reads as palette of brown, dark red, muted cyan. Keep these same flat color families in the same visible places as the prefab reference. Keep the weapon in an extremely simple low-poly style, with very few large planes, very little micro detail, minimal surface noise, and broad flat color areas only. One isolated weapon only, transparent background, no backdrop, no frame, no environment, no character, no hand, centered in the canvas, full object visible, diagonal layout like the sample icon. Do not redesign the weapon. Do not invent a new color palette. Do not add realism, painterly brushwork, glow, extra ornaments, text, or watermark."
"Assets/Game/Data/Items/Weapons/Melee Weapons/Polygon Fantasy Hero Generated/Plain Tower Shield.asset","Plain Tower Shield","Weapon_Shield_Long_07","Shield","Overall palette reads as palette of brown, dark red, muted cyan. Keep these same flat color families in the same visible places as the prefab reference.","Create a single game inventory icon PNG of 'Plain Tower Shield'. Use the attached prefab preview as a strict reference. Recreate the exact same weapon shape and silhouette as closely as possible. Match the exact silhouette, proportions, wrapping placement, head size, handle length, guard shape, tip shape, and color placement from the prefab reference. Overall palette reads as palette of brown, dark red, muted cyan. Keep these same flat color families in the same visible places as the prefab reference. Keep the weapon in an extremely simple low-poly style, with very few large planes, very little micro detail, minimal surface noise, and broad flat color areas only. One isolated weapon only, transparent background, no backdrop, no frame, no environment, no character, no hand, centered in the canvas, full object visible, diagonal layout like the sample icon. Do not redesign the weapon. Do not invent a new color palette. Do not add realism, painterly brushwork, glow, extra ornaments, text, or watermark."
"Assets/Game/Data/Items/Weapons/Melee Weapons/Polygon Fantasy Hero Generated/Quartered Shield.asset","Quartered Shield","Weapon_Shield_10","Shield","Overall palette reads as palette of dark green, dark red, muted cyan. Keep these same flat color families in the same visible places as the prefab reference.","Create a single game inventory icon PNG of 'Quartered Shield'. Use the attached prefab preview as a strict reference. Recreate the exact same weapon shape and silhouette as closely as possible. Match the exact silhouette, proportions, wrapping placement, head size, handle length, guard shape, tip shape, and color placement from the prefab reference. Overall palette reads as palette of dark green, dark red, muted cyan. Keep these same flat color families in the same visible places as the prefab reference. Keep the weapon in an extremely simple low-poly style, with very few large planes, very little micro detail, minimal surface noise, and broad flat color areas only. One isolated weapon only, transparent background, no backdrop, no frame, no environment, no character, no hand, centered in the canvas, full object visible, diagonal layout like the sample icon. Do not redesign the weapon. Do not invent a new color palette. Do not add realism, painterly brushwork, glow, extra ornaments, text, or watermark."
"Assets/Game/Data/Items/Weapons/Melee Weapons/Polygon Fantasy Hero Generated/Quartered Tower Shield.asset","Quartered Tower Shield","Weapon_Shield_Long_10","Shield","Overall palette reads as palette of brown, dark red, muted cyan. Keep these same flat color families in the same visible places as the prefab reference.","Create a single game inventory icon PNG of 'Quartered Tower Shield'. Use the attached prefab preview as a strict reference. Recreate the exact same weapon shape and silhouette as closely as possible. Match the exact silhouette, proportions, wrapping placement, head size, handle length, guard shape, tip shape, and color placement from the prefab reference. Overall palette reads as palette of brown, dark red, muted cyan. Keep these same flat color families in the same visible places as the prefab reference. Keep the weapon in an extremely simple low-poly style, with very few large planes, very little micro detail, minimal surface noise, and broad flat color areas only. One isolated weapon only, transparent background, no backdrop, no frame, no environment, no character, no hand, centered in the canvas, full object visible, diagonal layout like the sample icon. Do not redesign the weapon. Do not invent a new color palette. Do not add realism, painterly brushwork, glow, extra ornaments, text, or watermark."
"Assets/Game/Data/Items/Weapons/Melee Weapons/Polygon Fantasy Hero Generated/Rapier.asset","Rapier","Weapon_Sword_Rapier_01","Rapier","Overall palette reads as palette of brown, muted cyan. Keep these same flat color families in the same visible places as the prefab reference.","Create a single game inventory icon PNG of 'Rapier'. Use the attached prefab preview as a strict reference. Recreate the exact same weapon shape and silhouette as closely as possible. Match the exact silhouette, proportions, wrapping placement, head size, handle length, guard shape, tip shape, and color placement from the prefab reference. Overall palette reads as palette of brown, muted cyan. Keep these same flat color families in the same visible places as the prefab reference. Keep the weapon in an extremely simple low-poly style, with very few large planes, very little micro detail, minimal surface noise, and broad flat color areas only. One isolated weapon only, transparent background, no backdrop, no frame, no environment, no character, no hand, centered in the canvas, full object visible, diagonal layout like the sample icon. Do not redesign the weapon. Do not invent a new color palette. Do not add realism, painterly brushwork, glow, extra ornaments, text, or watermark."
"Assets/Game/Data/Items/Weapons/Melee Weapons/Polygon Fantasy Hero Generated/Round Buckler.asset","Round Buckler","Weapon_Shield_Buckler_01","Shield","Overall palette reads as palette of muted cyan, dark red, brown. Keep these same flat color families in the same visible places as the prefab reference.","Create a single game inventory icon PNG of 'Round Buckler'. Use the attached prefab preview as a strict reference. Recreate the exact same weapon shape and silhouette as closely as possible. Match the exact silhouette, proportions, wrapping placement, head size, handle length, guard shape, tip shape, and color placement from the prefab reference. Overall palette reads as palette of muted cyan, dark red, brown. Keep these same flat color families in the same visible places as the prefab reference. Keep the weapon in an extremely simple low-poly style, with very few large planes, very little micro detail, minimal surface noise, and broad flat color areas only. One isolated weapon only, transparent background, no backdrop, no frame, no environment, no character, no hand, centered in the canvas, full object visible, diagonal layout like the sample icon. Do not redesign the weapon. Do not invent a new color palette. Do not add realism, painterly brushwork, glow, extra ornaments, text, or watermark."
"Assets/Game/Data/Items/Weapons/Melee Weapons/Polygon Fantasy Hero Generated/Scarred Shield 02.asset","Scarred Shield 02","Weapon_Shield_14","Shield","Overall palette reads as palette of dark green, dark red, muted cyan. Keep these same flat color families in the same visible places as the prefab reference.","Create a single game inventory icon PNG of 'Scarred Shield 02'. Use the attached prefab preview as a strict reference. Recreate the exact same weapon shape and silhouette as closely as possible. Match the exact silhouette, proportions, wrapping placement, head size, handle length, guard shape, tip shape, and color placement from the prefab reference. Overall palette reads as palette of dark green, dark red, muted cyan. Keep these same flat color families in the same visible places as the prefab reference. Keep the weapon in an extremely simple low-poly style, with very few large planes, very little micro detail, minimal surface noise, and broad flat color areas only. One isolated weapon only, transparent background, no backdrop, no frame, no environment, no character, no hand, centered in the canvas, full object visible, diagonal layout like the sample icon. Do not redesign the weapon. Do not invent a new color palette. Do not add realism, painterly brushwork, glow, extra ornaments, text, or watermark."
"Assets/Game/Data/Items/Weapons/Melee Weapons/Polygon Fantasy Hero Generated/Scarred Shield.asset","Scarred Shield","Weapon_Shield_11","Shield","Overall palette reads as palette of dark green, dark red, muted cyan. Keep these same flat color families in the same visible places as the prefab reference.","Create a single game inventory icon PNG of 'Scarred Shield'. Use the attached prefab preview as a strict reference. Recreate the exact same weapon shape and silhouette as closely as possible. Match the exact silhouette, proportions, wrapping placement, head size, handle length, guard shape, tip shape, and color placement from the prefab reference. Overall palette reads as palette of dark green, dark red, muted cyan. Keep these same flat color families in the same visible places as the prefab reference. Keep the weapon in an extremely simple low-poly style, with very few large planes, very little micro detail, minimal surface noise, and broad flat color areas only. One isolated weapon only, transparent background, no backdrop, no frame, no environment, no character, no hand, centered in the canvas, full object visible, diagonal layout like the sample icon. Do not redesign the weapon. Do not invent a new color palette. Do not add realism, painterly brushwork, glow, extra ornaments, text, or watermark."
"Assets/Game/Data/Items/Weapons/Melee Weapons/Polygon Fantasy Hero Generated/Scarred Tower Shield.asset","Scarred Tower Shield","Weapon_Shield_Long_11","Shield","Overall palette reads as palette of brown, dark red, muted cyan. Keep these same flat color families in the same visible places as the prefab reference.","Create a single game inventory icon PNG of 'Scarred Tower Shield'. Use the attached prefab preview as a strict reference. Recreate the exact same weapon shape and silhouette as closely as possible. Match the exact silhouette, proportions, wrapping placement, head size, handle length, guard shape, tip shape, and color placement from the prefab reference. Overall palette reads as palette of brown, dark red, muted cyan. Keep these same flat color families in the same visible places as the prefab reference. Keep the weapon in an extremely simple low-poly style, with very few large planes, very little micro detail, minimal surface noise, and broad flat color areas only. One isolated weapon only, transparent background, no backdrop, no frame, no environment, no character, no hand, centered in the canvas, full object visible, diagonal layout like the sample icon. Do not redesign the weapon. Do not invent a new color palette. Do not add realism, painterly brushwork, glow, extra ornaments, text, or watermark."
"Assets/Game/Data/Items/Weapons/Melee Weapons/Polygon Fantasy Hero Generated/Sheathed Rapier.asset","Sheathed Rapier","Weapon_Sword_Rapier_Cover_01","Rapier","Overall palette reads as palette of muted cyan, brown. Keep these same flat color families in the same visible places as the prefab reference.","Create a single game inventory icon PNG of 'Sheathed Rapier'. Use the attached prefab preview as a strict reference. Recreate the exact same weapon shape and silhouette as closely as possible. Match the exact silhouette, proportions, wrapping placement, head size, handle length, guard shape, tip shape, and color placement from the prefab reference. Overall palette reads as palette of muted cyan, brown. Keep these same flat color families in the same visible places as the prefab reference. Keep the weapon in an extremely simple low-poly style, with very few large planes, very little micro detail, minimal surface noise, and broad flat color areas only. One isolated weapon only, transparent background, no backdrop, no frame, no environment, no character, no hand, centered in the canvas, full object visible, diagonal layout like the sample icon. Do not redesign the weapon. Do not invent a new color palette. Do not add realism, painterly brushwork, glow, extra ornaments, text, or watermark."
"Assets/Game/Data/Items/Weapons/Melee Weapons/Polygon Fantasy Hero Generated/Sheathed Short Sword.asset","Sheathed Short Sword","Weapon_Sword_Small_Cover_01","Sword","Overall palette reads as palette of muted cyan, dark red. Keep these same flat color families in the same visible places as the prefab reference.","Create a single game inventory icon PNG of 'Sheathed Short Sword'. Use the attached prefab preview as a strict reference. Recreate the exact same weapon shape and silhouette as closely as possible. Match the exact silhouette, proportions, wrapping placement, head size, handle length, guard shape, tip shape, and color placement from the prefab reference. Overall palette reads as palette of muted cyan, dark red. Keep these same flat color families in the same visible places as the prefab reference. Keep the weapon in an extremely simple low-poly style, with very few large planes, very little micro detail, minimal surface noise, and broad flat color areas only. One isolated weapon only, transparent background, no backdrop, no frame, no environment, no character, no hand, centered in the canvas, full object visible, diagonal layout like the sample icon. Do not redesign the weapon. Do not invent a new color palette. Do not add realism, painterly brushwork, glow, extra ornaments, text, or watermark."
"Assets/Game/Data/Items/Weapons/Melee Weapons/Polygon Fantasy Hero Generated/Sheathed Sword.asset","Sheathed Sword","Weapon_Sword_Cover_01","Sword","Overall palette reads as palette of muted cyan, dark red. Keep these same flat color families in the same visible places as the prefab reference.","Create a single game inventory icon PNG of 'Sheathed Sword'. Use the attached prefab preview as a strict reference. Recreate the exact same weapon shape and silhouette as closely as possible. Match the exact silhouette, proportions, wrapping placement, head size, handle length, guard shape, tip shape, and color placement from the prefab reference. Overall palette reads as palette of muted cyan, dark red. Keep these same flat color families in the same visible places as the prefab reference. Keep the weapon in an extremely simple low-poly style, with very few large planes, very little micro detail, minimal surface noise, and broad flat color areas only. One isolated weapon only, transparent background, no backdrop, no frame, no environment, no character, no hand, centered in the canvas, full object visible, diagonal layout like the sample icon. Do not redesign the weapon. Do not invent a new color palette. Do not add realism, painterly brushwork, glow, extra ornaments, text, or watermark."
"Assets/Game/Data/Items/Weapons/Melee Weapons/Polygon Fantasy Hero Generated/Short Sword.asset","Short Sword","Weapon_Sword_Small_01","Sword","Overall palette reads as palette of muted cyan, brown. Keep these same flat color families in the same visible places as the prefab reference.","Create a single game inventory icon PNG of 'Short Sword'. Use the attached prefab preview as a strict reference. Recreate the exact same weapon shape and silhouette as closely as possible. Match the exact silhouette, proportions, wrapping placement, head size, handle length, guard shape, tip shape, and color placement from the prefab reference. Overall palette reads as palette of muted cyan, brown. Keep these same flat color families in the same visible places as the prefab reference. Keep the weapon in an extremely simple low-poly style, with very few large planes, very little micro detail, minimal surface noise, and broad flat color areas only. One isolated weapon only, transparent background, no backdrop, no frame, no environment, no character, no hand, centered in the canvas, full object visible, diagonal layout like the sample icon. Do not redesign the weapon. Do not invent a new color palette. Do not add realism, painterly brushwork, glow, extra ornaments, text, or watermark."
"Assets/Game/Data/Items/Weapons/Melee Weapons/Polygon Fantasy Hero Generated/Spiked Mace.asset","Spiked Mace","Weapon_Mace_02","Polearm","Overall palette reads as palette of muted cyan, dark red, brown. Keep these same flat color families in the same visible places as the prefab reference.","Create a single game inventory icon PNG of 'Spiked Mace'. Use the attached prefab preview as a strict reference. Recreate the exact same weapon shape and silhouette as closely as possible. Match the exact silhouette, proportions, wrapping placement, head size, handle length, guard shape, tip shape, and color placement from the prefab reference. Overall palette reads as palette of muted cyan, dark red, brown. Keep these same flat color families in the same visible places as the prefab reference. Keep the weapon in an extremely simple low-poly style, with very few large planes, very little micro detail, minimal surface noise, and broad flat color areas only. One isolated weapon only, transparent background, no backdrop, no frame, no environment, no character, no hand, centered in the canvas, full object visible, diagonal layout like the sample icon. Do not redesign the weapon. Do not invent a new color palette. Do not add realism, painterly brushwork, glow, extra ornaments, text, or watermark."
"Assets/Game/Data/Items/Weapons/Melee Weapons/Polygon Fantasy Hero Generated/Split Shield.asset","Split Shield","Weapon_Shield_06","Shield","Overall palette reads as palette of dark green, dark red, muted cyan. Keep these same flat color families in the same visible places as the prefab reference.","Create a single game inventory icon PNG of 'Split Shield'. Use the attached prefab preview as a strict reference. Recreate the exact same weapon shape and silhouette as closely as possible. Match the exact silhouette, proportions, wrapping placement, head size, handle length, guard shape, tip shape, and color placement from the prefab reference. Overall palette reads as palette of dark green, dark red, muted cyan. Keep these same flat color families in the same visible places as the prefab reference. Keep the weapon in an extremely simple low-poly style, with very few large planes, very little micro detail, minimal surface noise, and broad flat color areas only. One isolated weapon only, transparent background, no backdrop, no frame, no environment, no character, no hand, centered in the canvas, full object visible, diagonal layout like the sample icon. Do not redesign the weapon. Do not invent a new color palette. Do not add realism, painterly brushwork, glow, extra ornaments, text, or watermark."
"Assets/Game/Data/Items/Weapons/Melee Weapons/Polygon Fantasy Hero Generated/Split Tower Shield.asset","Split Tower Shield","Weapon_Shield_Long_06","Shield","Overall palette reads as palette of brown, dark red, muted cyan. Keep these same flat color families in the same visible places as the prefab reference.","Create a single game inventory icon PNG of 'Split Tower Shield'. Use the attached prefab preview as a strict reference. Recreate the exact same weapon shape and silhouette as closely as possible. Match the exact silhouette, proportions, wrapping placement, head size, handle length, guard shape, tip shape, and color placement from the prefab reference. Overall palette reads as palette of brown, dark red, muted cyan. Keep these same flat color families in the same visible places as the prefab reference. Keep the weapon in an extremely simple low-poly style, with very few large planes, very little micro detail, minimal surface noise, and broad flat color areas only. One isolated weapon only, transparent background, no backdrop, no frame, no environment, no character, no hand, centered in the canvas, full object visible, diagonal layout like the sample icon. Do not redesign the weapon. Do not invent a new color palette. Do not add realism, painterly brushwork, glow, extra ornaments, text, or watermark."
"Assets/Game/Data/Items/Weapons/Melee Weapons/Polygon Fantasy Hero Generated/Sword.asset","Sword","Weapon_Sword_01","Sword","Overall palette reads as palette of muted cyan, brown. Keep these same flat color families in the same visible places as the prefab reference.","Create a single game inventory icon PNG of 'Sword'. Use the attached prefab preview as a strict reference. Recreate the exact same weapon shape and silhouette as closely as possible. Match the exact silhouette, proportions, wrapping placement, head size, handle length, guard shape, tip shape, and color placement from the prefab reference. Overall palette reads as palette of muted cyan, brown. Keep these same flat color families in the same visible places as the prefab reference. Keep the weapon in an extremely simple low-poly style, with very few large planes, very little micro detail, minimal surface noise, and broad flat color areas only. One isolated weapon only, transparent background, no backdrop, no frame, no environment, no character, no hand, centered in the canvas, full object visible, diagonal layout like the sample icon. Do not redesign the weapon. Do not invent a new color palette. Do not add realism, painterly brushwork, glow, extra ornaments, text, or watermark."
"Assets/Game/Data/Items/Weapons/Melee Weapons/Polygon Fantasy Hero Generated/Templar Shield.asset","Templar Shield","Weapon_Shield_15","Shield","Overall palette reads as palette of dark green, muted cyan, dark red. Keep these same flat color families in the same visible places as the prefab reference.","Create a single game inventory icon PNG of 'Templar Shield'. Use the attached prefab preview as a strict reference. Recreate the exact same weapon shape and silhouette as closely as possible. Match the exact silhouette, proportions, wrapping placement, head size, handle length, guard shape, tip shape, and color placement from the prefab reference. Overall palette reads as palette of dark green, muted cyan, dark red. Keep these same flat color families in the same visible places as the prefab reference. Keep the weapon in an extremely simple low-poly style, with very few large planes, very little micro detail, minimal surface noise, and broad flat color areas only. One isolated weapon only, transparent background, no backdrop, no frame, no environment, no character, no hand, centered in the canvas, full object visible, diagonal layout like the sample icon. Do not redesign the weapon. Do not invent a new color palette. Do not add realism, painterly brushwork, glow, extra ornaments, text, or watermark."
"Assets/Game/Data/Items/Weapons/Melee Weapons/Polygon Fantasy Hero Generated/Templar Tower Shield.asset","Templar Tower Shield","Weapon_Shield_Long_08","Shield","Overall palette reads as palette of brown, dark red, muted cyan. Keep these same flat color families in the same visible places as the prefab reference.","Create a single game inventory icon PNG of 'Templar Tower Shield'. Use the attached prefab preview as a strict reference. Recreate the exact same weapon shape and silhouette as closely as possible. Match the exact silhouette, proportions, wrapping placement, head size, handle length, guard shape, tip shape, and color placement from the prefab reference. Overall palette reads as palette of brown, dark red, muted cyan. Keep these same flat color families in the same visible places as the prefab reference. Keep the weapon in an extremely simple low-poly style, with very few large planes, very little micro detail, minimal surface noise, and broad flat color areas only. One isolated weapon only, transparent background, no backdrop, no frame, no environment, no character, no hand, centered in the canvas, full object visible, diagonal layout like the sample icon. Do not redesign the weapon. Do not invent a new color palette. Do not add realism, painterly brushwork, glow, extra ornaments, text, or watermark."
"Assets/Game/Data/Items/Weapons/Melee Weapons/Polygon Fantasy Hero Generated/Throwing Knife.asset","Throwing Knife","Weapon_ThowingKnife_01","Dagger","Overall palette reads as brown. Keep these same flat color families in the same visible places as the prefab reference.","Create a single game inventory icon PNG of 'Throwing Knife'. Use the attached prefab preview as a strict reference. Recreate the exact same weapon shape and silhouette as closely as possible. Match the exact silhouette, proportions, wrapping placement, head size, handle length, guard shape, tip shape, and color placement from the prefab reference. Overall palette reads as brown. Keep these same flat color families in the same visible places as the prefab reference. Keep the weapon in an extremely simple low-poly style, with very few large planes, very little micro detail, minimal surface noise, and broad flat color areas only. One isolated weapon only, transparent background, no backdrop, no frame, no environment, no character, no hand, centered in the canvas, full object visible, diagonal layout like the sample icon. Do not redesign the weapon. Do not invent a new color palette. Do not add realism, painterly brushwork, glow, extra ornaments, text, or watermark."
"Assets/Game/Data/Items/Weapons/Melee Weapons/Polygon Fantasy Hero Generated/War Staff.asset","War Staff","Weapon_Staff_01","Focus","Overall palette reads as palette of muted cyan, brown, orange. Keep these same flat color families in the same visible places as the prefab reference.","Create a single game inventory icon PNG of 'War Staff'. Use the attached prefab preview as a strict reference. Recreate the exact same weapon shape and silhouette as closely as possible. Match the exact silhouette, proportions, wrapping placement, head size, handle length, guard shape, tip shape, and color placement from the prefab reference. Overall palette reads as palette of muted cyan, brown, orange. Keep these same flat color families in the same visible places as the prefab reference. Keep the weapon in an extremely simple low-poly style, with very few large planes, very little micro detail, minimal surface noise, and broad flat color areas only. One isolated weapon only, transparent background, no backdrop, no frame, no environment, no character, no hand, centered in the canvas, full object visible, diagonal layout like the sample icon. Do not redesign the weapon. Do not invent a new color palette. Do not add realism, painterly brushwork, glow, extra ornaments, text, or watermark."
"Assets/Game/Data/Items/Weapons/Melee Weapons/Polygon Fantasy Hero Generated/Weathered Shield.asset","Weathered Shield","Weapon_Shield_13","Shield","Overall palette reads as palette of dark green, dark red, muted cyan. Keep these same flat color families in the same visible places as the prefab reference.","Create a single game inventory icon PNG of 'Weathered Shield'. Use the attached prefab preview as a strict reference. Recreate the exact same weapon shape and silhouette as closely as possible. Match the exact silhouette, proportions, wrapping placement, head size, handle length, guard shape, tip shape, and color placement from the prefab reference. Overall palette reads as palette of dark green, dark red, muted cyan. Keep these same flat color families in the same visible places as the prefab reference. Keep the weapon in an extremely simple low-poly style, with very few large planes, very little micro detail, minimal surface noise, and broad flat color areas only. One isolated weapon only, transparent background, no backdrop, no frame, no environment, no character, no hand, centered in the canvas, full object visible, diagonal layout like the sample icon. Do not redesign the weapon. Do not invent a new color palette. Do not add realism, painterly brushwork, glow, extra ornaments, text, or watermark."
"Assets/Game/Data/Items/Weapons/Melee Weapons/Polygon Fantasy Hero Generated/Weathered Tower Shield 02.asset","Weathered Tower Shield 02","Weapon_Shield_Long_14","Shield","Overall palette reads as palette of brown, dark red, muted cyan. Keep these same flat color families in the same visible places as the prefab reference.","Create a single game inventory icon PNG of 'Weathered Tower Shield 02'. Use the attached prefab preview as a strict reference. Recreate the exact same weapon shape and silhouette as closely as possible. Match the exact silhouette, proportions, wrapping placement, head size, handle length, guard shape, tip shape, and color placement from the prefab reference. Overall palette reads as palette of brown, dark red, muted cyan. Keep these same flat color families in the same visible places as the prefab reference. Keep the weapon in an extremely simple low-poly style, with very few large planes, very little micro detail, minimal surface noise, and broad flat color areas only. One isolated weapon only, transparent background, no backdrop, no frame, no environment, no character, no hand, centered in the canvas, full object visible, diagonal layout like the sample icon. Do not redesign the weapon. Do not invent a new color palette. Do not add realism, painterly brushwork, glow, extra ornaments, text, or watermark."
"Assets/Game/Data/Items/Weapons/Melee Weapons/Polygon Fantasy Hero Generated/Weathered Tower Shield.asset","Weathered Tower Shield","Weapon_Shield_Long_13","Shield","Overall palette reads as palette of brown, dark red, muted cyan. Keep these same flat color families in the same visible places as the prefab reference.","Create a single game inventory icon PNG of 'Weathered Tower Shield'. Use the attached prefab preview as a strict reference. Recreate the exact same weapon shape and silhouette as closely as possible. Match the exact silhouette, proportions, wrapping placement, head size, handle length, guard shape, tip shape, and color placement from the prefab reference. Overall palette reads as palette of brown, dark red, muted cyan. Keep these same flat color families in the same visible places as the prefab reference. Keep the weapon in an extremely simple low-poly style, with very few large planes, very little micro detail, minimal surface noise, and broad flat color areas only. One isolated weapon only, transparent background, no backdrop, no frame, no environment, no character, no hand, centered in the canvas, full object visible, diagonal layout like the sample icon. Do not redesign the weapon. Do not invent a new color palette. Do not add realism, painterly brushwork, glow, extra ornaments, text, or watermark."
"Assets/Game/Data/Items/Weapons/Melee Weapons/Reaper Scythe.asset","Reaper Scythe","Weapon_PP_Theme_04_Scythe_001","Scythe","Overall palette reads as palette of pale cyan, muted cyan, gold. Keep these same flat color families in the same visible places as the prefab reference.","Create a single game inventory icon PNG of 'Reaper Scythe'. Use the attached prefab preview as a strict reference. Recreate the exact same weapon shape and silhouette as closely as possible. Match the exact silhouette, proportions, wrapping placement, head size, handle length, guard shape, tip shape, and color placement from the prefab reference. Overall palette reads as palette of pale cyan, muted cyan, gold. Keep these same flat color families in the same visible places as the prefab reference. Keep the weapon in an extremely simple low-poly style, with very few large planes, very little micro detail, minimal surface noise, and broad flat color areas only. One isolated weapon only, transparent background, no backdrop, no frame, no environment, no character, no hand, centered in the canvas, full object visible, diagonal layout like the sample icon. Do not redesign the weapon. Do not invent a new color palette. Do not add realism, painterly brushwork, glow, extra ornaments, text, or watermark."
"Assets/Game/Data/Items/Weapons/Melee Weapons/Short Sword.asset","Short Sword","Weapon_Straight_Sword_01","Shield","Overall palette reads as gray. Keep these same flat color families in the same visible places as the prefab reference.","Create a single game inventory icon PNG of 'Short Sword'. Use the attached prefab preview as a strict reference. Recreate the exact same weapon shape and silhouette as closely as possible. Match the exact silhouette, proportions, wrapping placement, head size, handle length, guard shape, tip shape, and color placement from the prefab reference. Overall palette reads as gray. Keep these same flat color families in the same visible places as the prefab reference. Keep the weapon in an extremely simple low-poly style, with very few large planes, very little micro detail, minimal surface noise, and broad flat color areas only. One isolated weapon only, transparent background, no backdrop, no frame, no environment, no character, no hand, centered in the canvas, full object visible, diagonal layout like the sample icon. Do not redesign the weapon. Do not invent a new color palette. Do not add realism, painterly brushwork, glow, extra ornaments, text, or watermark."
"Assets/Game/Data/Items/Weapons/Melee Weapons/Straight Sword.asset","Straight Sword","Weapon_Straight_Sword_01","Sword","Overall palette reads as gray. Keep these same flat color families in the same visible places as the prefab reference.","Create a single game inventory icon PNG of 'Straight Sword'. Use the attached prefab preview as a strict reference. Recreate the exact same weapon shape and silhouette as closely as possible. Match the exact silhouette, proportions, wrapping placement, head size, handle length, guard shape, tip shape, and color placement from the prefab reference. Overall palette reads as gray. Keep these same flat color families in the same visible places as the prefab reference. Keep the weapon in an extremely simple low-poly style, with very few large planes, very little micro detail, minimal surface noise, and broad flat color areas only. One isolated weapon only, transparent background, no backdrop, no frame, no environment, no character, no hand, centered in the canvas, full object visible, diagonal layout like the sample icon. Do not redesign the weapon. Do not invent a new color palette. Do not add realism, painterly brushwork, glow, extra ornaments, text, or watermark."
"Assets/Game/Data/Items/Weapons/Melee Weapons/Unarmed.asset","Unarmed","Weapon_Unarmed_01","Sword","Match the exact color blocking visible in the prefab reference.","Create a single game inventory icon PNG of 'Unarmed'. Use the attached prefab preview as a strict reference. Recreate the exact same weapon shape and silhouette as closely as possible. Match the exact silhouette, proportions, wrapping placement, head size, handle length, guard shape, tip shape, and color placement from the prefab reference. Match the exact color blocking visible in the prefab reference. Keep the weapon in an extremely simple low-poly style, with very few large planes, very little micro detail, minimal surface noise, and broad flat color areas only. One isolated weapon only, transparent background, no backdrop, no frame, no environment, no character, no hand, centered in the canvas, full object visible, diagonal layout like the sample icon. Do not redesign the weapon. Do not invent a new color palette. Do not add realism, painterly brushwork, glow, extra ornaments, text, or watermark."
"Assets/Game/Data/Items/Weapons/Ranged Weapons/Hunting Bow.asset","Hunting Bow","Weapon_Bow_01","Bow","Overall palette reads as palette of dark orange, gold. Keep these same flat color families in the same visible places as the prefab reference.","Create a single game inventory icon PNG of 'Hunting Bow'. Use the attached prefab preview as a strict reference. Recreate the exact same weapon shape and silhouette as closely as possible. Match the exact silhouette, proportions, wrapping placement, head size, handle length, guard shape, tip shape, and color placement from the prefab reference. Overall palette reads as palette of dark orange, gold. Keep these same flat color families in the same visible places as the prefab reference. Keep the weapon in an extremely simple low-poly style, with very few large planes, very little micro detail, minimal surface noise, and broad flat color areas only. One isolated weapon only, transparent background, no backdrop, no frame, no environment, no character, no hand, centered in the canvas, full object visible, diagonal layout like the sample icon. Do not redesign the weapon. Do not invent a new color palette. Do not add realism, painterly brushwork, glow, extra ornaments, text, or watermark."
