displayName	assetPath	previewPath	prefabName	category	colorNotes	materialSummary	prompt
Mystic Talisman	Assets/Game/Data/Items/Weapons/Caster Weapons/Mystic Talisman.asset	Assets/Game/Docs/WeaponPreviewExports/Previews/Mystic Talisman.png		Focus	Match the exact color blocking visible in the prefab reference.		"Create a single game inventory icon PNG of 'Mystic Talisman'. Use the attached prefab preview as a strict reference. Recreate the exact same weapon shape and silhouette as closely as possible. Match the exact silhouette, proportions, wrapping placement, head size, handle length, guard shape, tip shape, and color placement from the prefab reference. Match the exact color blocking visible in the prefab reference. Keep the weapon in an extremely simple low-poly style, with very few large planes, very little micro detail, minimal surface noise, and broad flat color areas only. One isolated weapon only, transparent background, no backdrop, no frame, no environment, no character, no hand, centered in the canvas, full object visible, diagonal layout like the sample icon. Do not redesign the weapon. Do not invent a new color palette. Do not add realism, painterly brushwork, glow, extra ornaments, text, or watermark."
Broadsword	Assets/Game/Data/Items/Weapons/Melee Weapons/Broadsword.asset	Assets/Game/Docs/WeaponPreviewExports/Previews/Broadsword.png	Weapon_Broad_Sword_01	Sword	Overall palette reads as gray. Keep these same flat color families in the same visible places as the prefab reference.	blade: gray	"Create a single game inventory icon PNG of 'Broadsword'. Use the attached prefab preview as a strict reference. Recreate the exact same weapon shape and silhouette as closely as possible. Match the exact silhouette, proportions, wrapping placement, head size, handle length, guard shape, tip shape, and color placement from the prefab reference. Overall palette reads as gray. Keep these same flat color families in the same visible places as the prefab reference. Keep the weapon in an extremely simple low-poly style, with very few large planes, very little micro detail, minimal surface noise, and broad flat color areas only. One isolated weapon only, transparent background, no backdrop, no frame, no environment, no character, no hand, centered in the canvas, full object visible, diagonal layout like the sample icon. Do not redesign the weapon. Do not invent a new color palette. Do not add realism, painterly brushwork, glow, extra ornaments, text, or watermark."
Knight Shield	Assets/Game/Data/Items/Weapons/Melee Weapons/Knight Shield.asset	Assets/Game/Docs/WeaponPreviewExports/Previews/Knight Shield.png	Weapon_Medium_Shield_01	Shield	Overall palette reads as off-white. Keep these same flat color families in the same visible places as the prefab reference.	shield face: off-white	"Create a single game inventory icon PNG of 'Knight Shield'. Use the attached prefab preview as a strict reference. Recreate the exact same weapon shape and silhouette as closely as possible. Match the exact silhouette, proportions, wrapping placement, head size, handle length, guard shape, tip shape, and color placement from the prefab reference. Overall palette reads as off-white. Keep these same flat color families in the same visible places as the prefab reference. Keep the weapon in an extremely simple low-poly style, with very few large planes, very little micro detail, minimal surface noise, and broad flat color areas only. One isolated weapon only, transparent background, no backdrop, no frame, no environment, no character, no hand, centered in the canvas, full object visible, diagonal layout like the sample icon. Do not redesign the weapon. Do not invent a new color palette. Do not add realism, painterly brushwork, glow, extra ornaments, text, or watermark."
Axe	Assets/Game/Data/Items/Weapons/Melee Weapons/Polygon Dungeon Generated/Axe.asset	Assets/Game/Docs/WeaponPreviewExports/Previews/Axe.png	Weapon_Dungeon_Axe_01	Axe	"Overall palette reads as palette of brown, dark yellow, dark gold. Keep these same flat color families in the same visible places as the prefab reference."	"head: palette of brown, dark yellow, dark gold"	"Create a single game inventory icon PNG of 'Axe'. Use the attached prefab preview as a strict reference. Recreate the exact same weapon shape and silhouette as closely as possible. Match the exact silhouette, proportions, wrapping placement, head size, handle length, guard shape, tip shape, and color placement from the prefab reference. Overall palette reads as palette of brown, dark yellow, dark gold. Keep these same flat color families in the same visible places as the prefab reference. Keep the weapon in an extremely simple low-poly style, with very few large planes, very little micro detail, minimal surface noise, and broad flat color areas only. One isolated weapon only, transparent background, no backdrop, no frame, no environment, no character, no hand, centered in the canvas, full object visible, diagonal layout like the sample icon. Do not redesign the weapon. Do not invent a new color palette. Do not add realism, painterly brushwork, glow, extra ornaments, text, or watermark."
Bladed Mace	Assets/Game/Data/Items/Weapons/Melee Weapons/Polygon Dungeon Generated/Bladed Mace.asset	Assets/Game/Docs/WeaponPreviewExports/Previews/Bladed Mace.png	Weapon_Dungeon_Mace_Blades_01	Blunt	"Overall palette reads as palette of brown, dark yellow, dark orange. Keep these same flat color families in the same visible places as the prefab reference."	"blade: palette of brown, dark yellow, dark orange"	"Create a single game inventory icon PNG of 'Bladed Mace'. Use the attached prefab preview as a strict reference. Recreate the exact same weapon shape and silhouette as closely as possible. Match the exact silhouette, proportions, wrapping placement, head size, handle length, guard shape, tip shape, and color placement from the prefab reference. Overall palette reads as palette of brown, dark yellow, dark orange. Keep these same flat color families in the same visible places as the prefab reference. Keep the weapon in an extremely simple low-poly style, with very few large planes, very little micro detail, minimal surface noise, and broad flat color areas only. One isolated weapon only, transparent background, no backdrop, no frame, no environment, no character, no hand, centered in the canvas, full object visible, diagonal layout like the sample icon. Do not redesign the weapon. Do not invent a new color palette. Do not add realism, painterly brushwork, glow, extra ornaments, text, or watermark."
Bone Club 01	Assets/Game/Data/Items/Weapons/Melee Weapons/Polygon Dungeon Generated/Bone Club 01.asset	Assets/Game/Docs/WeaponPreviewExports/Previews/Bone Club 01.png	Weapon_Dungeon_Bone_01	Polearm	Overall palette reads as brown. Keep these same flat color families in the same visible places as the prefab reference.	shaft: brown	"Create a single game inventory icon PNG of 'Bone Club 01'. Use the attached prefab preview as a strict reference. Recreate the exact same weapon shape and silhouette as closely as possible. Match the exact silhouette, proportions, wrapping placement, head size, handle length, guard shape, tip shape, and color placement from the prefab reference. Overall palette reads as brown. Keep these same flat color families in the same visible places as the prefab reference. Keep the weapon in an extremely simple low-poly style, with very few large planes, very little micro detail, minimal surface noise, and broad flat color areas only. One isolated weapon only, transparent background, no backdrop, no frame, no environment, no character, no hand, centered in the canvas, full object visible, diagonal layout like the sample icon. Do not redesign the weapon. Do not invent a new color palette. Do not add realism, painterly brushwork, glow, extra ornaments, text, or watermark."
Bone Club 02	Assets/Game/Data/Items/Weapons/Melee Weapons/Polygon Dungeon Generated/Bone Club 02.asset	Assets/Game/Docs/WeaponPreviewExports/Previews/Bone Club 02.png	Weapon_Dungeon_Bone_02	Polearm	Overall palette reads as brown. Keep these same flat color families in the same visible places as the prefab reference.	shaft: brown	"Create a single game inventory icon PNG of 'Bone Club 02'. Use the attached prefab preview as a strict reference. Recreate the exact same weapon shape and silhouette as closely as possible. Match the exact silhouette, proportions, wrapping placement, head size, handle length, guard shape, tip shape, and color placement from the prefab reference. Overall palette reads as brown. Keep these same flat color families in the same visible places as the prefab reference. Keep the weapon in an extremely simple low-poly style, with very few large planes, very little micro detail, minimal surface noise, and broad flat color areas only. One isolated weapon only, transparent background, no backdrop, no frame, no environment, no character, no hand, centered in the canvas, full object visible, diagonal layout like the sample icon. Do not redesign the weapon. Do not invent a new color palette. Do not add realism, painterly brushwork, glow, extra ornaments, text, or watermark."
Bone Goblin Axe	Assets/Game/Data/Items/Weapons/Melee Weapons/Polygon Dungeon Generated/Bone Goblin Axe.asset	Assets/Game/Docs/WeaponPreviewExports/Previews/Bone Goblin Axe.png	Weapon_Dungeon_Goblin_Bone_Axe_01	Axe	"Overall palette reads as palette of red, dark gold, brown. Keep these same flat color families in the same visible places as the prefab reference."	"head: palette of red, dark gold, brown"	"Create a single game inventory icon PNG of 'Bone Goblin Axe'. Use the attached prefab preview as a strict reference. Recreate the exact same weapon shape and silhouette as closely as possible. Match the exact silhouette, proportions, wrapping placement, head size, handle length, guard shape, tip shape, and color placement from the prefab reference. Overall palette reads as palette of red, dark gold, brown. Keep these same flat color families in the same visible places as the prefab reference. Keep the weapon in an extremely simple low-poly style, with very few large planes, very little micro detail, minimal surface noise, and broad flat color areas only. One isolated weapon only, transparent background, no backdrop, no frame, no environment, no character, no hand, centered in the canvas, full object visible, diagonal layout like the sample icon. Do not redesign the weapon. Do not invent a new color palette. Do not add realism, painterly brushwork, glow, extra ornaments, text, or watermark."
Bone Goblin Shiv	Assets/Game/Data/Items/Weapons/Melee Weapons/Polygon Dungeon Generated/Bone Goblin Shiv.asset	Assets/Game/Docs/WeaponPreviewExports/Previews/Bone Goblin Shiv.png	Weapon_Dungeon_Goblin_Shiv_Bone_01	Dagger	"Overall palette reads as palette of brown, dark gold, dark orange. Keep these same flat color families in the same visible places as the prefab reference."	"blade: palette of brown, dark gold, dark orange"	"Create a single game inventory icon PNG of 'Bone Goblin Shiv'. Use the attached prefab preview as a strict reference. Recreate the exact same weapon shape and silhouette as closely as possible. Match the exact silhouette, proportions, wrapping placement, head size, handle length, guard shape, tip shape, and color placement from the prefab reference. Overall palette reads as palette of brown, dark gold, dark orange. Keep these same flat color families in the same visible places as the prefab reference. Keep the weapon in an extremely simple low-poly style, with very few large planes, very little micro detail, minimal surface noise, and broad flat color areas only. One isolated weapon only, transparent background, no backdrop, no frame, no environment, no character, no hand, centered in the canvas, full object visible, diagonal layout like the sample icon. Do not redesign the weapon. Do not invent a new color palette. Do not add realism, painterly brushwork, glow, extra ornaments, text, or watermark."
Bone Shield	Assets/Game/Data/Items/Weapons/Melee Weapons/Polygon Dungeon Generated/Bone Shield.asset	Assets/Game/Docs/WeaponPreviewExports/Previews/Bone Shield.png	Weapon_Dungeon_Shield_Bone_01	Shield	"Overall palette reads as palette of brown, red, dark orange. Keep these same flat color families in the same visible places as the prefab reference."	"shield face: palette of brown, red, dark orange"	"Create a single game inventory icon PNG of 'Bone Shield'. Use the attached prefab preview as a strict reference. Recreate the exact same weapon shape and silhouette as closely as possible. Match the exact silhouette, proportions, wrapping placement, head size, handle length, guard shape, tip shape, and color placement from the prefab reference. Overall palette reads as palette of brown, red, dark orange. Keep these same flat color families in the same visible places as the prefab reference. Keep the weapon in an extremely simple low-poly style, with very few large planes, very little micro detail, minimal surface noise, and broad flat color areas only. One isolated weapon only, transparent background, no backdrop, no frame, no environment, no character, no hand, centered in the canvas, full object visible, diagonal layout like the sample icon. Do not redesign the weapon. Do not invent a new color palette. Do not add realism, painterly brushwork, glow, extra ornaments, text, or watermark."
Broken Sword	Assets/Game/Data/Items/Weapons/Melee Weapons/Polygon Dungeon Generated/Broken Sword.asset	Assets/Game/Docs/WeaponPreviewExports/Previews/Broken Sword.png	Weapon_Dungeon_BrokenSword_01	Sword	"Overall palette reads as palette of brown, dark orange, dark yellow. Keep these same flat color families in the same visible places as the prefab reference."	"blade: palette of brown, dark orange, dark yellow"	"Create a single game inventory icon PNG of 'Broken Sword'. Use the attached prefab preview as a strict reference. Recreate the exact same weapon shape and silhouette as closely as possible. Match the exact silhouette, proportions, wrapping placement, head size, handle length, guard shape, tip shape, and color placement from the prefab reference. Overall palette reads as palette of brown, dark orange, dark yellow. Keep these same flat color families in the same visible places as the prefab reference. Keep the weapon in an extremely simple low-poly style, with very few large planes, very little micro detail, minimal surface noise, and broad flat color areas only. One isolated weapon only, transparent background, no backdrop, no frame, no environment, no character, no hand, centered in the canvas, full object visible, diagonal layout like the sample icon. Do not redesign the weapon. Do not invent a new color palette. Do not add realism, painterly brushwork, glow, extra ornaments, text, or watermark."
Chitin Shield	Assets/Game/Data/Items/Weapons/Melee Weapons/Polygon Dungeon Generated/Chitin Shield.asset	Assets/Game/Docs/WeaponPreviewExports/Previews/Chitin Shield.png	Weapon_Dungeon_Shield_Chitin_01	Shield	"Overall palette reads as palette of dark orange, dark gold, brown. Keep these same flat color families in the same visible places as the prefab reference."	"shield face: palette of dark orange, dark gold, brown"	"Create a single game inventory icon PNG of 'Chitin Shield'. Use the attached prefab preview as a strict reference. Recreate the exact same weapon shape and silhouette as closely as possible. Match the exact silhouette, proportions, wrapping placement, head size, handle length, guard shape, tip shape, and color placement from the prefab reference. Overall palette reads as palette of dark orange, dark gold, brown. Keep these same flat color families in the same visible places as the prefab reference. Keep the weapon in an extremely simple low-poly style, with very few large planes, very little micro detail, minimal surface noise, and broad flat color areas only. One isolated weapon only, transparent background, no backdrop, no frame, no environment, no character, no hand, centered in the canvas, full object visible, diagonal layout like the sample icon. Do not redesign the weapon. Do not invent a new color palette. Do not add realism, painterly brushwork, glow, extra ornaments, text, or watermark."
Crystal Axe	Assets/Game/Data/Items/Weapons/Melee Weapons/Polygon Dungeon Generated/Crystal Axe.asset	Assets/Game/Docs/WeaponPreviewExports/Previews/Crystal Axe.png	Weapon_Dungeon_Crystal_Axe_01	Axe	"Overall palette reads as palette of brown, red, dark yellow. Keep these same flat color families in the same visible places as the prefab reference."	"accent: palette of brown, red, dark yellow"	"Create a single game inventory icon PNG of 'Crystal Axe'. Use the attached prefab preview as a strict reference. Recreate the exact same weapon shape and silhouette as closely as possible. Match the exact silhouette, proportions, wrapping placement, head size, handle length, guard shape, tip shape, and color placement from the prefab reference. Overall palette reads as palette of brown, red, dark yellow. Keep these same flat color families in the same visible places as the prefab reference. Keep the weapon in an extremely simple low-poly style, with very few large planes, very little micro detail, minimal surface noise, and broad flat color areas only. One isolated weapon only, transparent background, no backdrop, no frame, no environment, no character, no hand, centered in the canvas, full object visible, diagonal layout like the sample icon. Do not redesign the weapon. Do not invent a new color palette. Do not add realism, painterly brushwork, glow, extra ornaments, text, or watermark."
Crystal Great Axe	Assets/Game/Data/Items/Weapons/Melee Weapons/Polygon Dungeon Generated/Crystal Great Axe.asset	Assets/Game/Docs/WeaponPreviewExports/Previews/Crystal Great Axe.png	Weapon_Dungeon_Crystal_Axe_Large_01	Axe	"Overall palette reads as palette of brown, red, dark yellow. Keep these same flat color families in the same visible places as the prefab reference."	"accent: palette of brown, red, dark yellow"	"Create a single game inventory icon PNG of 'Crystal Great Axe'. Use the attached prefab preview as a strict reference. Recreate the exact same weapon shape and silhouette as closely as possible. Match the exact silhouette, proportions, wrapping placement, head size, handle length, guard shape, tip shape, and color placement from the prefab reference. Overall palette reads as palette of brown, red, dark yellow. Keep these same flat color families in the same visible places as the prefab reference. Keep the weapon in an extremely simple low-poly style, with very few large planes, very little micro detail, minimal surface noise, and broad flat color areas only. One isolated weapon only, transparent background, no backdrop, no frame, no environment, no character, no hand, centered in the canvas, full object visible, diagonal layout like the sample icon. Do not redesign the weapon. Do not invent a new color palette. Do not add realism, painterly brushwork, glow, extra ornaments, text, or watermark."
Crystal Halberd	Assets/Game/Data/Items/Weapons/Melee Weapons/Polygon Dungeon Generated/Crystal Halberd.asset	Assets/Game/Docs/WeaponPreviewExports/Previews/Crystal Halberd.png	Weapon_Dungeon_Crysta_Halberdl_01	Polearm	"Overall palette reads as palette of brown, dark yellow, red. Keep these same flat color families in the same visible places as the prefab reference."	"accent: palette of brown, dark yellow, red"	"Create a single game inventory icon PNG of 'Crystal Halberd'. Use the attached prefab preview as a strict reference. Recreate the exact same weapon shape and silhouette as closely as possible. Match the exact silhouette, proportions, wrapping placement, head size, handle length, guard shape, tip shape, and color placement from the prefab reference. Overall palette reads as palette of brown, dark yellow, red. Keep these same flat color families in the same visible places as the prefab reference. Keep the weapon in an extremely simple low-poly style, with very few large planes, very little micro detail, minimal surface noise, and broad flat color areas only. One isolated weapon only, transparent background, no backdrop, no frame, no environment, no character, no hand, centered in the canvas, full object visible, diagonal layout like the sample icon. Do not redesign the weapon. Do not invent a new color palette. Do not add realism, painterly brushwork, glow, extra ornaments, text, or watermark."
Crystal Ornate Sword	Assets/Game/Data/Items/Weapons/Melee Weapons/Polygon Dungeon Generated/Crystal Ornate Sword.asset	Assets/Game/Docs/WeaponPreviewExports/Previews/Crystal Ornate Sword.png	Weapon_Dungeon_Crystal_Ornate_Straightsword_01	Sword	"Overall palette reads as palette of brown, red, dark orange. Keep these same flat color families in the same visible places as the prefab reference."	"accent: palette of brown, red, dark orange"	"Create a single game inventory icon PNG of 'Crystal Ornate Sword'. Use the attached prefab preview as a strict reference. Recreate the exact same weapon shape and silhouette as closely as possible. Match the exact silhouette, proportions, wrapping placement, head size, handle length, guard shape, tip shape, and color placement from the prefab reference. Overall palette reads as palette of brown, red, dark orange. Keep these same flat color families in the same visible places as the prefab reference. Keep the weapon in an extremely simple low-poly style, with very few large planes, very little micro detail, minimal surface noise, and broad flat color areas only. One isolated weapon only, transparent background, no backdrop, no frame, no environment, no character, no hand, centered in the canvas, full object visible, diagonal layout like the sample icon. Do not redesign the weapon. Do not invent a new color palette. Do not add realism, painterly brushwork, glow, extra ornaments, text, or watermark."
Crystal Twinblade	Assets/Game/Data/Items/Weapons/Melee Weapons/Polygon Dungeon Generated/Crystal Twinblade.asset	Assets/Game/Docs/WeaponPreviewExports/Previews/Crystal Twinblade.png	Weapon_Dungeon_Crystal_DoubleSword_01	Sword	"Overall palette reads as palette of brown, red, dark gold. Keep these same flat color families in the same visible places as the prefab reference."	"blade: palette of brown, red, dark gold"	"Create a single game inventory icon PNG of 'Crystal Twinblade'. Use the attached prefab preview as a strict reference. Recreate the exact same weapon shape and silhouette as closely as possible. Match the exact silhouette, proportions, wrapping placement, head size, handle length, guard shape, tip shape, and color placement from the prefab reference. Overall palette reads as palette of brown, red, dark gold. Keep these same flat color families in the same visible places as the prefab reference. Keep the weapon in an extremely simple low-poly style, with very few large planes, very little micro detail, minimal surface noise, and broad flat color areas only. One isolated weapon only, transparent background, no backdrop, no frame, no environment, no character, no hand, centered in the canvas, full object visible, diagonal layout like the sample icon. Do not redesign the weapon. Do not invent a new color palette. Do not add realism, painterly brushwork, glow, extra ornaments, text, or watermark."
Curved Greatsword	Assets/Game/Data/Items/Weapons/Melee Weapons/Polygon Dungeon Generated/Curved Greatsword.asset	Assets/Game/Docs/WeaponPreviewExports/Previews/Curved Greatsword.png	Weapon_Dungeon_Greatsword_Curved_01	Greatsword	"Overall palette reads as palette of brown, red. Keep these same flat color families in the same visible places as the prefab reference."	"blade: palette of brown, red"	"Create a single game inventory icon PNG of 'Curved Greatsword'. Use the attached prefab preview as a strict reference. Recreate the exact same weapon shape and silhouette as closely as possible. Match the exact silhouette, proportions, wrapping placement, head size, handle length, guard shape, tip shape, and color placement from the prefab reference. Overall palette reads as palette of brown, red. Keep these same flat color families in the same visible places as the prefab reference. Keep the weapon in an extremely simple low-poly style, with very few large planes, very little micro detail, minimal surface noise, and broad flat color areas only. One isolated weapon only, transparent background, no backdrop, no frame, no environment, no character, no hand, centered in the canvas, full object visible, diagonal layout like the sample icon. Do not redesign the weapon. Do not invent a new color palette. Do not add realism, painterly brushwork, glow, extra ornaments, text, or watermark."
Cutlass	Assets/Game/Data/Items/Weapons/Melee Weapons/Polygon Dungeon Generated/Cutlass.asset	Assets/Game/Docs/WeaponPreviewExports/Previews/Cutlass.png	Weapon_Dungeon_Cutlass_01	Sword	"Overall palette reads as palette of brown, red, dark gold. Keep these same flat color families in the same visible places as the prefab reference."	"blade: palette of brown, red, dark gold"	"Create a single game inventory icon PNG of 'Cutlass'. Use the attached prefab preview as a strict reference. Recreate the exact same weapon shape and silhouette as closely as possible. Match the exact silhouette, proportions, wrapping placement, head size, handle length, guard shape, tip shape, and color placement from the prefab reference. Overall palette reads as palette of brown, red, dark gold. Keep these same flat color families in the same visible places as the prefab reference. Keep the weapon in an extremely simple low-poly style, with very few large planes, very little micro detail, minimal surface noise, and broad flat color areas only. One isolated weapon only, transparent background, no backdrop, no frame, no environment, no character, no hand, centered in the canvas, full object visible, diagonal layout like the sample icon. Do not redesign the weapon. Do not invent a new color palette. Do not add realism, painterly brushwork, glow, extra ornaments, text, or watermark."
Double-Bladed Staff	Assets/Game/Data/Items/Weapons/Melee Weapons/Polygon Dungeon Generated/Double-Bladed Staff.asset	Assets/Game/Docs/WeaponPreviewExports/Previews/Double-Bladed Staff.png	Weapon_Dungeon_Staff_DoubleBlade_01	Focus	"Overall palette reads as palette of brown, dark orange, red. Keep these same flat color families in the same visible places as the prefab reference."	"blade: palette of brown, dark orange, red"	"Create a single game inventory icon PNG of 'Double-Bladed Staff'. Use the attached prefab preview as a strict reference. Recreate the exact same weapon shape and silhouette as closely as possible. Match the exact silhouette, proportions, wrapping placement, head size, handle length, guard shape, tip shape, and color placement from the prefab reference. Overall palette reads as palette of brown, dark orange, red. Keep these same flat color families in the same visible places as the prefab reference. Keep the weapon in an extremely simple low-poly style, with very few large planes, very little micro detail, minimal surface noise, and broad flat color areas only. One isolated weapon only, transparent background, no backdrop, no frame, no environment, no character, no hand, centered in the canvas, full object visible, diagonal layout like the sample icon. Do not redesign the weapon. Do not invent a new color palette. Do not add realism, painterly brushwork, glow, extra ornaments, text, or watermark."
Gem Goblin Hammer	Assets/Game/Data/Items/Weapons/Melee Weapons/Polygon Dungeon Generated/Gem Goblin Hammer.asset	Assets/Game/Docs/WeaponPreviewExports/Previews/Gem Goblin Hammer.png	Weapon_Dungeon_Goblin_Gem_Hammer_01	Blunt	"Overall palette reads as palette of dark gold, dark orange, red. Keep these same flat color families in the same visible places as the prefab reference."	"accent: palette of dark gold, dark orange, red"	"Create a single game inventory icon PNG of 'Gem Goblin Hammer'. Use the attached prefab preview as a strict reference. Recreate the exact same weapon shape and silhouette as closely as possible. Match the exact silhouette, proportions, wrapping placement, head size, handle length, guard shape, tip shape, and color placement from the prefab reference. Overall palette reads as palette of dark gold, dark orange, red. Keep these same flat color families in the same visible places as the prefab reference. Keep the weapon in an extremely simple low-poly style, with very few large planes, very little micro detail, minimal surface noise, and broad flat color areas only. One isolated weapon only, transparent background, no backdrop, no frame, no environment, no character, no hand, centered in the canvas, full object visible, diagonal layout like the sample icon. Do not redesign the weapon. Do not invent a new color palette. Do not add realism, painterly brushwork, glow, extra ornaments, text, or watermark."
Gem Staff	Assets/Game/Data/Items/Weapons/Melee Weapons/Polygon Dungeon Generated/Gem Staff.asset	Assets/Game/Docs/WeaponPreviewExports/Previews/Gem Staff.png	Weapon_Dungeon_Staff_Gem_01	Focus	"Overall palette reads as palette of dark gold, brown, red. Keep these same flat color families in the same visible places as the prefab reference."	"accent: palette of dark gold, brown, red"	"Create a single game inventory icon PNG of 'Gem Staff'. Use the attached prefab preview as a strict reference. Recreate the exact same weapon shape and silhouette as closely as possible. Match the exact silhouette, proportions, wrapping placement, head size, handle length, guard shape, tip shape, and color placement from the prefab reference. Overall palette reads as palette of dark gold, brown, red. Keep these same flat color families in the same visible places as the prefab reference. Keep the weapon in an extremely simple low-poly style, with very few large planes, very little micro detail, minimal surface noise, and broad flat color areas only. One isolated weapon only, transparent background, no backdrop, no frame, no environment, no character, no hand, centered in the canvas, full object visible, diagonal layout like the sample icon. Do not redesign the weapon. Do not invent a new color palette. Do not add realism, painterly brushwork, glow, extra ornaments, text, or watermark."
Goblin Axe	Assets/Game/Data/Items/Weapons/Melee Weapons/Polygon Dungeon Generated/Goblin Axe.asset	Assets/Game/Docs/WeaponPreviewExports/Previews/Goblin Axe.png	Weapon_Dungeon_Goblin_Axe_01	Axe	"Overall palette reads as palette of dark gold, red, brown. Keep these same flat color families in the same visible places as the prefab reference."	"head: palette of dark gold, red, brown"	"Create a single game inventory icon PNG of 'Goblin Axe'. Use the attached prefab preview as a strict reference. Recreate the exact same weapon shape and silhouette as closely as possible. Match the exact silhouette, proportions, wrapping placement, head size, handle length, guard shape, tip shape, and color placement from the prefab reference. Overall palette reads as palette of dark gold, red, brown. Keep these same flat color families in the same visible places as the prefab reference. Keep the weapon in an extremely simple low-poly style, with very few large planes, very little micro detail, minimal surface noise, and broad flat color areas only. One isolated weapon only, transparent background, no backdrop, no frame, no environment, no character, no hand, centered in the canvas, full object visible, diagonal layout like the sample icon. Do not redesign the weapon. Do not invent a new color palette. Do not add realism, painterly brushwork, glow, extra ornaments, text, or watermark."
Goblin Club	Assets/Game/Data/Items/Weapons/Melee Weapons/Polygon Dungeon Generated/Goblin Club.asset	Assets/Game/Docs/WeaponPreviewExports/Previews/Goblin Club.png	Weapon_Dungeon_Goblin_Club_01	Blunt	"Overall palette reads as palette of brown, dark gold, dark red. Keep these same flat color families in the same visible places as the prefab reference."	"head: palette of brown, dark gold, dark red"	"Create a single game inventory icon PNG of 'Goblin Club'. Use the attached prefab preview as a strict reference. Recreate the exact same weapon shape and silhouette as closely as possible. Match the exact silhouette, proportions, wrapping placement, head size, handle length, guard shape, tip shape, and color placement from the prefab reference. Overall palette reads as palette of brown, dark gold, dark red. Keep these same flat color families in the same visible places as the prefab reference. Keep the weapon in an extremely simple low-poly style, with very few large planes, very little micro detail, minimal surface noise, and broad flat color areas only. One isolated weapon only, transparent background, no backdrop, no frame, no environment, no character, no hand, centered in the canvas, full object visible, diagonal layout like the sample icon. Do not redesign the weapon. Do not invent a new color palette. Do not add realism, painterly brushwork, glow, extra ornaments, text, or watermark."
Goblin Great Axe	Assets/Game/Data/Items/Weapons/Melee Weapons/Polygon Dungeon Generated/Goblin Great Axe.asset	Assets/Game/Docs/WeaponPreviewExports/Previews/Goblin Great Axe.png	Weapon_Dungeon_Goblin_Axe_Large_01	Axe	"Overall palette reads as palette of red, brown, dark orange. Keep these same flat color families in the same visible places as the prefab reference."	"head: palette of red, brown, dark orange"	"Create a single game inventory icon PNG of 'Goblin Great Axe'. Use the attached prefab preview as a strict reference. Recreate the exact same weapon shape and silhouette as closely as possible. Match the exact silhouette, proportions, wrapping placement, head size, handle length, guard shape, tip shape, and color placement from the prefab reference. Overall palette reads as palette of red, brown, dark orange. Keep these same flat color families in the same visible places as the prefab reference. Keep the weapon in an extremely simple low-poly style, with very few large planes, very little micro detail, minimal surface noise, and broad flat color areas only. One isolated weapon only, transparent background, no backdrop, no frame, no environment, no character, no hand, centered in the canvas, full object visible, diagonal layout like the sample icon. Do not redesign the weapon. Do not invent a new color palette. Do not add realism, painterly brushwork, glow, extra ornaments, text, or watermark."
Goblin Halberd	Assets/Game/Data/Items/Weapons/Melee Weapons/Polygon Dungeon Generated/Goblin Halberd.asset	Assets/Game/Docs/WeaponPreviewExports/Previews/Goblin Halberd.png	Weapon_Dungeon_Goblin_Halberd_01	Polearm	"Overall palette reads as palette of dark orange, dark gold, brown. Keep these same flat color families in the same visible places as the prefab reference."	"shaft: palette of dark orange, dark gold, brown"	"Create a single game inventory icon PNG of 'Goblin Halberd'. Use the attached prefab preview as a strict reference. Recreate the exact same weapon shape and silhouette as closely as possible. Match the exact silhouette, proportions, wrapping placement, head size, handle length, guard shape, tip shape, and color placement from the prefab reference. Overall palette reads as palette of dark orange, dark gold, brown. Keep these same flat color families in the same visible places as the prefab reference. Keep the weapon in an extremely simple low-poly style, with very few large planes, very little micro detail, minimal surface noise, and broad flat color areas only. One isolated weapon only, transparent background, no backdrop, no frame, no environment, no character, no hand, centered in the canvas, full object visible, diagonal layout like the sample icon. Do not redesign the weapon. Do not invent a new color palette. Do not add realism, painterly brushwork, glow, extra ornaments, text, or watermark."
Goblin Mace	Assets/Game/Data/Items/Weapons/Melee Weapons/Polygon Dungeon Generated/Goblin Mace.asset	Assets/Game/Docs/WeaponPreviewExports/Previews/Goblin Mace.png	Weapon_Dungeon_Goblin_Mace_01	Blunt	"Overall palette reads as palette of brown, red, dark orange. Keep these same flat color families in the same visible places as the prefab reference."	"head: palette of brown, red, dark orange"	"Create a single game inventory icon PNG of 'Goblin Mace'. Use the attached prefab preview as a strict reference. Recreate the exact same weapon shape and silhouette as closely as possible. Match the exact silhouette, proportions, wrapping placement, head size, handle length, guard shape, tip shape, and color placement from the prefab reference. Overall palette reads as palette of brown, red, dark orange. Keep these same flat color families in the same visible places as the prefab reference. Keep the weapon in an extremely simple low-poly style, with very few large planes, very little micro detail, minimal surface noise, and broad flat color areas only. One isolated weapon only, transparent background, no backdrop, no frame, no environment, no character, no hand, centered in the canvas, full object visible, diagonal layout like the sample icon. Do not redesign the weapon. Do not invent a new color palette. Do not add realism, painterly brushwork, glow, extra ornaments, text, or watermark."
Goblin Machete	Assets/Game/Data/Items/Weapons/Melee Weapons/Polygon Dungeon Generated/Goblin Machete.asset	Assets/Game/Docs/WeaponPreviewExports/Previews/Goblin Machete.png	Weapon_Dungeon_Goblin_Machete_01	Sword	"Overall palette reads as palette of brown, dark gold, dark orange. Keep these same flat color families in the same visible places as the prefab reference."	"blade: palette of brown, dark gold, dark orange"	"Create a single game inventory icon PNG of 'Goblin Machete'. Use the attached prefab preview as a strict reference. Recreate the exact same weapon shape and silhouette as closely as possible. Match the exact silhouette, proportions, wrapping placement, head size, handle length, guard shape, tip shape, and color placement from the prefab reference. Overall palette reads as palette of brown, dark gold, dark orange. Keep these same flat color families in the same visible places as the prefab reference. Keep the weapon in an extremely simple low-poly style, with very few large planes, very little micro detail, minimal surface noise, and broad flat color areas only. One isolated weapon only, transparent background, no backdrop, no frame, no environment, no character, no hand, centered in the canvas, full object visible, diagonal layout like the sample icon. Do not redesign the weapon. Do not invent a new color palette. Do not add realism, painterly brushwork, glow, extra ornaments, text, or watermark."
Goblin Spear	Assets/Game/Data/Items/Weapons/Melee Weapons/Polygon Dungeon Generated/Goblin Spear.asset	Assets/Game/Docs/WeaponPreviewExports/Previews/Goblin Spear.png	Weapon_Dungeon_Goblin_Spear_01	Polearm	"Overall palette reads as palette of dark gold, dark orange, brown. Keep these same flat color families in the same visible places as the prefab reference."	"shaft: palette of dark gold, dark orange, brown"	"Create a single game inventory icon PNG of 'Goblin Spear'. Use the attached prefab preview as a strict reference. Recreate the exact same weapon shape and silhouette as closely as possible. Match the exact silhouette, proportions, wrapping placement, head size, handle length, guard shape, tip shape, and color placement from the prefab reference. Overall palette reads as palette of dark gold, dark orange, brown. Keep these same flat color families in the same visible places as the prefab reference. Keep the weapon in an extremely simple low-poly style, with very few large planes, very little micro detail, minimal surface noise, and broad flat color areas only. One isolated weapon only, transparent background, no backdrop, no frame, no environment, no character, no hand, centered in the canvas, full object visible, diagonal layout like the sample icon. Do not redesign the weapon. Do not invent a new color palette. Do not add realism, painterly brushwork, glow, extra ornaments, text, or watermark."
Goblin Staff	Assets/Game/Data/Items/Weapons/Melee Weapons/Polygon Dungeon Generated/Goblin Staff.asset	Assets/Game/Docs/WeaponPreviewExports/Previews/Goblin Staff.png	Weapon_Dungeon_Goblin_Staff_01	Focus	"Overall palette reads as palette of brown, dark gold, dark orange. Keep these same flat color families in the same visible places as the prefab reference."	"body: palette of brown, dark gold, dark orange"	"Create a single game inventory icon PNG of 'Goblin Staff'. Use the attached prefab preview as a strict reference. Recreate the exact same weapon shape and silhouette as closely as possible. Match the exact silhouette, proportions, wrapping placement, head size, handle length, guard shape, tip shape, and color placement from the prefab reference. Overall palette reads as palette of brown, dark gold, dark orange. Keep these same flat color families in the same visible places as the prefab reference. Keep the weapon in an extremely simple low-poly style, with very few large planes, very little micro detail, minimal surface noise, and broad flat color areas only. One isolated weapon only, transparent background, no backdrop, no frame, no environment, no character, no hand, centered in the canvas, full object visible, diagonal layout like the sample icon. Do not redesign the weapon. Do not invent a new color palette. Do not add realism, painterly brushwork, glow, extra ornaments, text, or watermark."
Gravestone Shield	Assets/Game/Data/Items/Weapons/Melee Weapons/Polygon Dungeon Generated/Gravestone Shield.asset	Assets/Game/Docs/WeaponPreviewExports/Previews/Gravestone Shield.png	Weapon_Dungeon_Shield_Gravestone_01	Shield	"Overall palette reads as palette of brown, dark gold, red. Keep these same flat color families in the same visible places as the prefab reference."	"shield face: palette of brown, dark gold, red"	"Create a single game inventory icon PNG of 'Gravestone Shield'. Use the attached prefab preview as a strict reference. Recreate the exact same weapon shape and silhouette as closely as possible. Match the exact silhouette, proportions, wrapping placement, head size, handle length, guard shape, tip shape, and color placement from the prefab reference. Overall palette reads as palette of brown, dark gold, red. Keep these same flat color families in the same visible places as the prefab reference. Keep the weapon in an extremely simple low-poly style, with very few large planes, very little micro detail, minimal surface noise, and broad flat color areas only. One isolated weapon only, transparent background, no backdrop, no frame, no environment, no character, no hand, centered in the canvas, full object visible, diagonal layout like the sample icon. Do not redesign the weapon. Do not invent a new color palette. Do not add realism, painterly brushwork, glow, extra ornaments, text, or watermark."
Greatsword	Assets/Game/Data/Items/Weapons/Melee Weapons/Polygon Dungeon Generated/Greatsword.asset	Assets/Game/Docs/WeaponPreviewExports/Previews/Greatsword.png	Weapon_Dungeon_GreatSword_01	Greatsword	"Overall palette reads as palette of dark gold, brown, red. Keep these same flat color families in the same visible places as the prefab reference."	"blade: palette of dark gold, brown, red"	"Create a single game inventory icon PNG of 'Greatsword'. Use the attached prefab preview as a strict reference. Recreate the exact same weapon shape and silhouette as closely as possible. Match the exact silhouette, proportions, wrapping placement, head size, handle length, guard shape, tip shape, and color placement from the prefab reference. Overall palette reads as palette of dark gold, brown, red. Keep these same flat color families in the same visible places as the prefab reference. Keep the weapon in an extremely simple low-poly style, with very few large planes, very little micro detail, minimal surface noise, and broad flat color areas only. One isolated weapon only, transparent background, no backdrop, no frame, no environment, no character, no hand, centered in the canvas, full object visible, diagonal layout like the sample icon. Do not redesign the weapon. Do not invent a new color palette. Do not add realism, painterly brushwork, glow, extra ornaments, text, or watermark."
Halberd	Assets/Game/Data/Items/Weapons/Melee Weapons/Polygon Dungeon Generated/Halberd.asset	Assets/Game/Docs/WeaponPreviewExports/Previews/Halberd.png	Weapon_Dungeon_Halberd_06	Polearm	"Overall palette reads as palette of dark gold, brown, dark yellow. Keep these same flat color families in the same visible places as the prefab reference."	"shaft: palette of dark gold, brown, dark yellow"	"Create a single game inventory icon PNG of 'Halberd'. Use the attached prefab preview as a strict reference. Recreate the exact same weapon shape and silhouette as closely as possible. Match the exact silhouette, proportions, wrapping placement, head size, handle length, guard shape, tip shape, and color placement from the prefab reference. Overall palette reads as palette of dark gold, brown, dark yellow. Keep these same flat color families in the same visible places as the prefab reference. Keep the weapon in an extremely simple low-poly style, with very few large planes, very little micro detail, minimal surface noise, and broad flat color areas only. One isolated weapon only, transparent background, no backdrop, no frame, no environment, no character, no hand, centered in the canvas, full object visible, diagonal layout like the sample icon. Do not redesign the weapon. Do not invent a new color palette. Do not add realism, painterly brushwork, glow, extra ornaments, text, or watermark."
Hammer 02	Assets/Game/Data/Items/Weapons/Melee Weapons/Polygon Dungeon Generated/Hammer 02.asset	Assets/Game/Docs/WeaponPreviewExports/Previews/Hammer 02.png	Weapon_Dungeon_Hammer_Small_02	Blunt	"Overall palette reads as palette of dark gold, brown, dark yellow. Keep these same flat color families in the same visible places as the prefab reference."	"head: palette of dark gold, brown, dark yellow"	"Create a single game inventory icon PNG of 'Hammer 02'. Use the attached prefab preview as a strict reference. Recreate the exact same weapon shape and silhouette as closely as possible. Match the exact silhouette, proportions, wrapping placement, head size, handle length, guard shape, tip shape, and color placement from the prefab reference. Overall palette reads as palette of dark gold, brown, dark yellow. Keep these same flat color families in the same visible places as the prefab reference. Keep the weapon in an extremely simple low-poly style, with very few large planes, very little micro detail, minimal surface noise, and broad flat color areas only. One isolated weapon only, transparent background, no backdrop, no frame, no environment, no character, no hand, centered in the canvas, full object visible, diagonal layout like the sample icon. Do not redesign the weapon. Do not invent a new color palette. Do not add realism, painterly brushwork, glow, extra ornaments, text, or watermark."
Hammer	Assets/Game/Data/Items/Weapons/Melee Weapons/Polygon Dungeon Generated/Hammer.asset	Assets/Game/Docs/WeaponPreviewExports/Previews/Hammer.png	Weapon_Dungeon_Hammer_Small_01	Blunt	"Overall palette reads as palette of dark gold, brown, red. Keep these same flat color families in the same visible places as the prefab reference."	"head: palette of dark gold, brown, red"	"Create a single game inventory icon PNG of 'Hammer'. Use the attached prefab preview as a strict reference. Recreate the exact same weapon shape and silhouette as closely as possible. Match the exact silhouette, proportions, wrapping placement, head size, handle length, guard shape, tip shape, and color placement from the prefab reference. Overall palette reads as palette of dark gold, brown, red. Keep these same flat color families in the same visible places as the prefab reference. Keep the weapon in an extremely simple low-poly style, with very few large planes, very little micro detail, minimal surface noise, and broad flat color areas only. One isolated weapon only, transparent background, no backdrop, no frame, no environment, no character, no hand, centered in the canvas, full object visible, diagonal layout like the sample icon. Do not redesign the weapon. Do not invent a new color palette. Do not add realism, painterly brushwork, glow, extra ornaments, text, or watermark."
Hand Axe	Assets/Game/Data/Items/Weapons/Melee Weapons/Polygon Dungeon Generated/Hand Axe.asset	Assets/Game/Docs/WeaponPreviewExports/Previews/Hand Axe.png	Weapon_Dungeon_HandAxe_01	Axe	"Overall palette reads as palette of brown, dark gold, red. Keep these same flat color families in the same visible places as the prefab reference."	"head: palette of brown, dark gold, red"	"Create a single game inventory icon PNG of 'Hand Axe'. Use the attached prefab preview as a strict reference. Recreate the exact same weapon shape and silhouette as closely as possible. Match the exact silhouette, proportions, wrapping placement, head size, handle length, guard shape, tip shape, and color placement from the prefab reference. Overall palette reads as palette of brown, dark gold, red. Keep these same flat color families in the same visible places as the prefab reference. Keep the weapon in an extremely simple low-poly style, with very few large planes, very little micro detail, minimal surface noise, and broad flat color areas only. One isolated weapon only, transparent background, no backdrop, no frame, no environment, no character, no hand, centered in the canvas, full object visible, diagonal layout like the sample icon. Do not redesign the weapon. Do not invent a new color palette. Do not add realism, painterly brushwork, glow, extra ornaments, text, or watermark."
Heater Shield 01	Assets/Game/Data/Items/Weapons/Melee Weapons/Polygon Dungeon Generated/Heater Shield 01.asset	Assets/Game/Docs/WeaponPreviewExports/Previews/Heater Shield 01.png	Weapon_Dungeon_Shield_Heater_01	Shield	"Overall palette reads as palette of brown, red, dark gold. Keep these same flat color families in the same visible places as the prefab reference."	"shield face: palette of brown, red, dark gold"	"Create a single game inventory icon PNG of 'Heater Shield 01'. Use the attached prefab preview as a strict reference. Recreate the exact same weapon shape and silhouette as closely as possible. Match the exact silhouette, proportions, wrapping placement, head size, handle length, guard shape, tip shape, and color placement from the prefab reference. Overall palette reads as palette of brown, red, dark gold. Keep these same flat color families in the same visible places as the prefab reference. Keep the weapon in an extremely simple low-poly style, with very few large planes, very little micro detail, minimal surface noise, and broad flat color areas only. One isolated weapon only, transparent background, no backdrop, no frame, no environment, no character, no hand, centered in the canvas, full object visible, diagonal layout like the sample icon. Do not redesign the weapon. Do not invent a new color palette. Do not add realism, painterly brushwork, glow, extra ornaments, text, or watermark."
Heater Shield 02	Assets/Game/Data/Items/Weapons/Melee Weapons/Polygon Dungeon Generated/Heater Shield 02.asset	Assets/Game/Docs/WeaponPreviewExports/Previews/Heater Shield 02.png	Weapon_Dungeon_Shield_Heater_02	Shield	"Overall palette reads as palette of red, dark yellow, brown. Keep these same flat color families in the same visible places as the prefab reference."	"shield face: palette of red, dark yellow, brown"	"Create a single game inventory icon PNG of 'Heater Shield 02'. Use the attached prefab preview as a strict reference. Recreate the exact same weapon shape and silhouette as closely as possible. Match the exact silhouette, proportions, wrapping placement, head size, handle length, guard shape, tip shape, and color placement from the prefab reference. Overall palette reads as palette of red, dark yellow, brown. Keep these same flat color families in the same visible places as the prefab reference. Keep the weapon in an extremely simple low-poly style, with very few large planes, very little micro detail, minimal surface noise, and broad flat color areas only. One isolated weapon only, transparent background, no backdrop, no frame, no environment, no character, no hand, centered in the canvas, full object visible, diagonal layout like the sample icon. Do not redesign the weapon. Do not invent a new color palette. Do not add realism, painterly brushwork, glow, extra ornaments, text, or watermark."
Metal Glaive	Assets/Game/Data/Items/Weapons/Melee Weapons/Polygon Dungeon Generated/Metal Glaive.asset	Assets/Game/Docs/WeaponPreviewExports/Previews/Metal Glaive.png	Weapon_Dungeon_Handle_Metal_01	Polearm	"Overall palette reads as palette of brown, dark gold. Keep these same flat color families in the same visible places as the prefab reference."	"shaft: palette of brown, dark gold"	"Create a single game inventory icon PNG of 'Metal Glaive'. Use the attached prefab preview as a strict reference. Recreate the exact same weapon shape and silhouette as closely as possible. Match the exact silhouette, proportions, wrapping placement, head size, handle length, guard shape, tip shape, and color placement from the prefab reference. Overall palette reads as palette of brown, dark gold. Keep these same flat color families in the same visible places as the prefab reference. Keep the weapon in an extremely simple low-poly style, with very few large planes, very little micro detail, minimal surface noise, and broad flat color areas only. One isolated weapon only, transparent background, no backdrop, no frame, no environment, no character, no hand, centered in the canvas, full object visible, diagonal layout like the sample icon. Do not redesign the weapon. Do not invent a new color palette. Do not add realism, painterly brushwork, glow, extra ornaments, text, or watermark."
Metal Great Hammer 02	Assets/Game/Data/Items/Weapons/Melee Weapons/Polygon Dungeon Generated/Metal Great Hammer 02.asset	Assets/Game/Docs/WeaponPreviewExports/Previews/Metal Great Hammer 02.png	Weapon_Dungeon_Hammer_Large_Metal_010	Blunt	"Overall palette reads as palette of brown, dark gold, dark orange. Keep these same flat color families in the same visible places as the prefab reference."	"head: palette of brown, dark gold, dark orange"	"Create a single game inventory icon PNG of 'Metal Great Hammer 02'. Use the attached prefab preview as a strict reference. Recreate the exact same weapon shape and silhouette as closely as possible. Match the exact silhouette, proportions, wrapping placement, head size, handle length, guard shape, tip shape, and color placement from the prefab reference. Overall palette reads as palette of brown, dark gold, dark orange. Keep these same flat color families in the same visible places as the prefab reference. Keep the weapon in an extremely simple low-poly style, with very few large planes, very little micro detail, minimal surface noise, and broad flat color areas only. One isolated weapon only, transparent background, no backdrop, no frame, no environment, no character, no hand, centered in the canvas, full object visible, diagonal layout like the sample icon. Do not redesign the weapon. Do not invent a new color palette. Do not add realism, painterly brushwork, glow, extra ornaments, text, or watermark."
Metal Great Hammer	Assets/Game/Data/Items/Weapons/Melee Weapons/Polygon Dungeon Generated/Metal Great Hammer.asset	Assets/Game/Docs/WeaponPreviewExports/Previews/Metal Great Hammer.png	Weapon_Dungeon_Hammer_Large_Metal_01	Blunt	"Overall palette reads as palette of brown, dark gold, dark orange. Keep these same flat color families in the same visible places as the prefab reference."	"head: palette of brown, dark gold, dark orange"	"Create a single game inventory icon PNG of 'Metal Great Hammer'. Use the attached prefab preview as a strict reference. Recreate the exact same weapon shape and silhouette as closely as possible. Match the exact silhouette, proportions, wrapping placement, head size, handle length, guard shape, tip shape, and color placement from the prefab reference. Overall palette reads as palette of brown, dark gold, dark orange. Keep these same flat color families in the same visible places as the prefab reference. Keep the weapon in an extremely simple low-poly style, with very few large planes, very little micro detail, minimal surface noise, and broad flat color areas only. One isolated weapon only, transparent background, no backdrop, no frame, no environment, no character, no hand, centered in the canvas, full object visible, diagonal layout like the sample icon. Do not redesign the weapon. Do not invent a new color palette. Do not add realism, painterly brushwork, glow, extra ornaments, text, or watermark."
Ornate Axe 01	Assets/Game/Data/Items/Weapons/Melee Weapons/Polygon Dungeon Generated/Ornate Axe 01.asset	Assets/Game/Docs/WeaponPreviewExports/Previews/Ornate Axe 01.png	Weapon_Dungeon_Ornate_Axe_01	Axe	"Overall palette reads as palette of brown, red, dark gold. Keep these same flat color families in the same visible places as the prefab reference."	"head: palette of brown, red, dark gold"	"Create a single game inventory icon PNG of 'Ornate Axe 01'. Use the attached prefab preview as a strict reference. Recreate the exact same weapon shape and silhouette as closely as possible. Match the exact silhouette, proportions, wrapping placement, head size, handle length, guard shape, tip shape, and color placement from the prefab reference. Overall palette reads as palette of brown, red, dark gold. Keep these same flat color families in the same visible places as the prefab reference. Keep the weapon in an extremely simple low-poly style, with very few large planes, very little micro detail, minimal surface noise, and broad flat color areas only. One isolated weapon only, transparent background, no backdrop, no frame, no environment, no character, no hand, centered in the canvas, full object visible, diagonal layout like the sample icon. Do not redesign the weapon. Do not invent a new color palette. Do not add realism, painterly brushwork, glow, extra ornaments, text, or watermark."
Ornate Axe 02	Assets/Game/Data/Items/Weapons/Melee Weapons/Polygon Dungeon Generated/Ornate Axe 02.asset	Assets/Game/Docs/WeaponPreviewExports/Previews/Ornate Axe 02.png	Weapon_Dungeon_Ornate_Axe_02	Axe	"Overall palette reads as palette of brown, red, dark gold. Keep these same flat color families in the same visible places as the prefab reference."	"head: palette of brown, red, dark gold"	"Create a single game inventory icon PNG of 'Ornate Axe 02'. Use the attached prefab preview as a strict reference. Recreate the exact same weapon shape and silhouette as closely as possible. Match the exact silhouette, proportions, wrapping placement, head size, handle length, guard shape, tip shape, and color placement from the prefab reference. Overall palette reads as palette of brown, red, dark gold. Keep these same flat color families in the same visible places as the prefab reference. Keep the weapon in an extremely simple low-poly style, with very few large planes, very little micro detail, minimal surface noise, and broad flat color areas only. One isolated weapon only, transparent background, no backdrop, no frame, no environment, no character, no hand, centered in the canvas, full object visible, diagonal layout like the sample icon. Do not redesign the weapon. Do not invent a new color palette. Do not add realism, painterly brushwork, glow, extra ornaments, text, or watermark."
Ornate Great Axe	Assets/Game/Data/Items/Weapons/Melee Weapons/Polygon Dungeon Generated/Ornate Great Axe.asset	Assets/Game/Docs/WeaponPreviewExports/Previews/Ornate Great Axe.png	Weapon_Dungeon_Ornate_GreatAxe_01	Axe	"Overall palette reads as palette of brown, dark gold, dark orange. Keep these same flat color families in the same visible places as the prefab reference."	"head: palette of brown, dark gold, dark orange"	"Create a single game inventory icon PNG of 'Ornate Great Axe'. Use the attached prefab preview as a strict reference. Recreate the exact same weapon shape and silhouette as closely as possible. Match the exact silhouette, proportions, wrapping placement, head size, handle length, guard shape, tip shape, and color placement from the prefab reference. Overall palette reads as palette of brown, dark gold, dark orange. Keep these same flat color families in the same visible places as the prefab reference. Keep the weapon in an extremely simple low-poly style, with very few large planes, very little micro detail, minimal surface noise, and broad flat color areas only. One isolated weapon only, transparent background, no backdrop, no frame, no environment, no character, no hand, centered in the canvas, full object visible, diagonal layout like the sample icon. Do not redesign the weapon. Do not invent a new color palette. Do not add realism, painterly brushwork, glow, extra ornaments, text, or watermark."
Ornate Long Pike	Assets/Game/Data/Items/Weapons/Melee Weapons/Polygon Dungeon Generated/Ornate Long Pike.asset	Assets/Game/Docs/WeaponPreviewExports/Previews/Ornate Long Pike.png	Weapon_Dungeon_Ornate_Spikes_Long_01	Polearm	"Overall palette reads as palette of brown, dark gold, red. Keep these same flat color families in the same visible places as the prefab reference."	"shaft: palette of brown, dark gold, red"	"Create a single game inventory icon PNG of 'Ornate Long Pike'. Use the attached prefab preview as a strict reference. Recreate the exact same weapon shape and silhouette as closely as possible. Match the exact silhouette, proportions, wrapping placement, head size, handle length, guard shape, tip shape, and color placement from the prefab reference. Overall palette reads as palette of brown, dark gold, red. Keep these same flat color families in the same visible places as the prefab reference. Keep the weapon in an extremely simple low-poly style, with very few large planes, very little micro detail, minimal surface noise, and broad flat color areas only. One isolated weapon only, transparent background, no backdrop, no frame, no environment, no character, no hand, centered in the canvas, full object visible, diagonal layout like the sample icon. Do not redesign the weapon. Do not invent a new color palette. Do not add realism, painterly brushwork, glow, extra ornaments, text, or watermark."
Ornate Pike	Assets/Game/Data/Items/Weapons/Melee Weapons/Polygon Dungeon Generated/Ornate Pike.asset	Assets/Game/Docs/WeaponPreviewExports/Previews/Ornate Pike.png	Weapon_Dungeon_Ornate_Spikes_01	Polearm	"Overall palette reads as palette of brown, dark gold, red. Keep these same flat color families in the same visible places as the prefab reference."	"shaft: palette of brown, dark gold, red"	"Create a single game inventory icon PNG of 'Ornate Pike'. Use the attached prefab preview as a strict reference. Recreate the exact same weapon shape and silhouette as closely as possible. Match the exact silhouette, proportions, wrapping placement, head size, handle length, guard shape, tip shape, and color placement from the prefab reference. Overall palette reads as palette of brown, dark gold, red. Keep these same flat color families in the same visible places as the prefab reference. Keep the weapon in an extremely simple low-poly style, with very few large planes, very little micro detail, minimal surface noise, and broad flat color areas only. One isolated weapon only, transparent background, no backdrop, no frame, no environment, no character, no hand, centered in the canvas, full object visible, diagonal layout like the sample icon. Do not redesign the weapon. Do not invent a new color palette. Do not add realism, painterly brushwork, glow, extra ornaments, text, or watermark."
Ornate Shield 01	Assets/Game/Data/Items/Weapons/Melee Weapons/Polygon Dungeon Generated/Ornate Shield 01.asset	Assets/Game/Docs/WeaponPreviewExports/Previews/Ornate Shield 01.png	Weapon_Dungeon_Shield_Ornate_01	Shield	"Overall palette reads as palette of brown, red, dark gold. Keep these same flat color families in the same visible places as the prefab reference."	"shield face: palette of brown, red, dark gold"	"Create a single game inventory icon PNG of 'Ornate Shield 01'. Use the attached prefab preview as a strict reference. Recreate the exact same weapon shape and silhouette as closely as possible. Match the exact silhouette, proportions, wrapping placement, head size, handle length, guard shape, tip shape, and color placement from the prefab reference. Overall palette reads as palette of brown, red, dark gold. Keep these same flat color families in the same visible places as the prefab reference. Keep the weapon in an extremely simple low-poly style, with very few large planes, very little micro detail, minimal surface noise, and broad flat color areas only. One isolated weapon only, transparent background, no backdrop, no frame, no environment, no character, no hand, centered in the canvas, full object visible, diagonal layout like the sample icon. Do not redesign the weapon. Do not invent a new color palette. Do not add realism, painterly brushwork, glow, extra ornaments, text, or watermark."
Ornate Shield 02	Assets/Game/Data/Items/Weapons/Melee Weapons/Polygon Dungeon Generated/Ornate Shield 02.asset	Assets/Game/Docs/WeaponPreviewExports/Previews/Ornate Shield 02.png	Weapon_Dungeon_Shield_Ornate_02	Shield	"Overall palette reads as palette of brown, red, dark gold. Keep these same flat color families in the same visible places as the prefab reference."	"shield face: palette of brown, red, dark gold"	"Create a single game inventory icon PNG of 'Ornate Shield 02'. Use the attached prefab preview as a strict reference. Recreate the exact same weapon shape and silhouette as closely as possible. Match the exact silhouette, proportions, wrapping placement, head size, handle length, guard shape, tip shape, and color placement from the prefab reference. Overall palette reads as palette of brown, red, dark gold. Keep these same flat color families in the same visible places as the prefab reference. Keep the weapon in an extremely simple low-poly style, with very few large planes, very little micro detail, minimal surface noise, and broad flat color areas only. One isolated weapon only, transparent background, no backdrop, no frame, no environment, no character, no hand, centered in the canvas, full object visible, diagonal layout like the sample icon. Do not redesign the weapon. Do not invent a new color palette. Do not add realism, painterly brushwork, glow, extra ornaments, text, or watermark."
Ornate Spear	Assets/Game/Data/Items/Weapons/Melee Weapons/Polygon Dungeon Generated/Ornate Spear.asset	Assets/Game/Docs/WeaponPreviewExports/Previews/Ornate Spear.png	Weapon_Dungeon_Ornate_Spear_01	Polearm	"Overall palette reads as palette of dark gold, brown, dark cyan. Keep these same flat color families in the same visible places as the prefab reference."	"shaft: palette of dark gold, brown, dark cyan"	"Create a single game inventory icon PNG of 'Ornate Spear'. Use the attached prefab preview as a strict reference. Recreate the exact same weapon shape and silhouette as closely as possible. Match the exact silhouette, proportions, wrapping placement, head size, handle length, guard shape, tip shape, and color placement from the prefab reference. Overall palette reads as palette of dark gold, brown, dark cyan. Keep these same flat color families in the same visible places as the prefab reference. Keep the weapon in an extremely simple low-poly style, with very few large planes, very little micro detail, minimal surface noise, and broad flat color areas only. One isolated weapon only, transparent background, no backdrop, no frame, no environment, no character, no hand, centered in the canvas, full object visible, diagonal layout like the sample icon. Do not redesign the weapon. Do not invent a new color palette. Do not add realism, painterly brushwork, glow, extra ornaments, text, or watermark."
Ornate Sword 01	Assets/Game/Data/Items/Weapons/Melee Weapons/Polygon Dungeon Generated/Ornate Sword 01.asset	Assets/Game/Docs/WeaponPreviewExports/Previews/Ornate Sword 01.png	Weapon_Dungeon_Ornate_Sword_01	Sword	"Overall palette reads as palette of brown, dark cyan, dark gold. Keep these same flat color families in the same visible places as the prefab reference."	"blade: palette of brown, dark cyan, dark gold"	"Create a single game inventory icon PNG of 'Ornate Sword 01'. Use the attached prefab preview as a strict reference. Recreate the exact same weapon shape and silhouette as closely as possible. Match the exact silhouette, proportions, wrapping placement, head size, handle length, guard shape, tip shape, and color placement from the prefab reference. Overall palette reads as palette of brown, dark cyan, dark gold. Keep these same flat color families in the same visible places as the prefab reference. Keep the weapon in an extremely simple low-poly style, with very few large planes, very little micro detail, minimal surface noise, and broad flat color areas only. One isolated weapon only, transparent background, no backdrop, no frame, no environment, no character, no hand, centered in the canvas, full object visible, diagonal layout like the sample icon. Do not redesign the weapon. Do not invent a new color palette. Do not add realism, painterly brushwork, glow, extra ornaments, text, or watermark."
Ornate Sword 02	Assets/Game/Data/Items/Weapons/Melee Weapons/Polygon Dungeon Generated/Ornate Sword 02.asset	Assets/Game/Docs/WeaponPreviewExports/Previews/Ornate Sword 02.png	Weapon_Dungeon_Ornate_Sword_02	Sword	"Overall palette reads as palette of brown, red, dark gold. Keep these same flat color families in the same visible places as the prefab reference."	"blade: palette of brown, red, dark gold"	"Create a single game inventory icon PNG of 'Ornate Sword 02'. Use the attached prefab preview as a strict reference. Recreate the exact same weapon shape and silhouette as closely as possible. Match the exact silhouette, proportions, wrapping placement, head size, handle length, guard shape, tip shape, and color placement from the prefab reference. Overall palette reads as palette of brown, red, dark gold. Keep these same flat color families in the same visible places as the prefab reference. Keep the weapon in an extremely simple low-poly style, with very few large planes, very little micro detail, minimal surface noise, and broad flat color areas only. One isolated weapon only, transparent background, no backdrop, no frame, no environment, no character, no hand, centered in the canvas, full object visible, diagonal layout like the sample icon. Do not redesign the weapon. Do not invent a new color palette. Do not add realism, painterly brushwork, glow, extra ornaments, text, or watermark."
Plank Shield	Assets/Game/Data/Items/Weapons/Melee Weapons/Polygon Dungeon Generated/Plank Shield.asset	Assets/Game/Docs/WeaponPreviewExports/Previews/Plank Shield.png	Weapon_Dungeon_Shield_Plank_01	Shield	"Overall palette reads as palette of dark orange, brown, dark gold. Keep these same flat color families in the same visible places as the prefab reference."	"shield face: palette of dark orange, brown, dark gold"	"Create a single game inventory icon PNG of 'Plank Shield'. Use the attached prefab preview as a strict reference. Recreate the exact same weapon shape and silhouette as closely as possible. Match the exact silhouette, proportions, wrapping placement, head size, handle length, guard shape, tip shape, and color placement from the prefab reference. Overall palette reads as palette of dark orange, brown, dark gold. Keep these same flat color families in the same visible places as the prefab reference. Keep the weapon in an extremely simple low-poly style, with very few large planes, very little micro detail, minimal surface noise, and broad flat color areas only. One isolated weapon only, transparent background, no backdrop, no frame, no environment, no character, no hand, centered in the canvas, full object visible, diagonal layout like the sample icon. Do not redesign the weapon. Do not invent a new color palette. Do not add realism, painterly brushwork, glow, extra ornaments, text, or watermark."
Round Greatsword	Assets/Game/Data/Items/Weapons/Melee Weapons/Polygon Dungeon Generated/Round Greatsword.asset	Assets/Game/Docs/WeaponPreviewExports/Previews/Round Greatsword.png	Weapon_Dungeon_Greatsword_Round_01	Greatsword	"Overall palette reads as palette of brown, red, dark gold. Keep these same flat color families in the same visible places as the prefab reference."	"blade: palette of brown, red, dark gold"	"Create a single game inventory icon PNG of 'Round Greatsword'. Use the attached prefab preview as a strict reference. Recreate the exact same weapon shape and silhouette as closely as possible. Match the exact silhouette, proportions, wrapping placement, head size, handle length, guard shape, tip shape, and color placement from the prefab reference. Overall palette reads as palette of brown, red, dark gold. Keep these same flat color families in the same visible places as the prefab reference. Keep the weapon in an extremely simple low-poly style, with very few large planes, very little micro detail, minimal surface noise, and broad flat color areas only. One isolated weapon only, transparent background, no backdrop, no frame, no environment, no character, no hand, centered in the canvas, full object visible, diagonal layout like the sample icon. Do not redesign the weapon. Do not invent a new color palette. Do not add realism, painterly brushwork, glow, extra ornaments, text, or watermark."
Round Shield	Assets/Game/Data/Items/Weapons/Melee Weapons/Polygon Dungeon Generated/Round Shield.asset	Assets/Game/Docs/WeaponPreviewExports/Previews/Round Shield.png	Weapon_Dungeon_Shield_Round_01	Shield	"Overall palette reads as palette of brown, red, dark orange. Keep these same flat color families in the same visible places as the prefab reference."	"shield face: palette of brown, red, dark orange"	"Create a single game inventory icon PNG of 'Round Shield'. Use the attached prefab preview as a strict reference. Recreate the exact same weapon shape and silhouette as closely as possible. Match the exact silhouette, proportions, wrapping placement, head size, handle length, guard shape, tip shape, and color placement from the prefab reference. Overall palette reads as palette of brown, red, dark orange. Keep these same flat color families in the same visible places as the prefab reference. Keep the weapon in an extremely simple low-poly style, with very few large planes, very little micro detail, minimal surface noise, and broad flat color areas only. One isolated weapon only, transparent background, no backdrop, no frame, no environment, no character, no hand, centered in the canvas, full object visible, diagonal layout like the sample icon. Do not redesign the weapon. Do not invent a new color palette. Do not add realism, painterly brushwork, glow, extra ornaments, text, or watermark."
Runed Axe	Assets/Game/Data/Items/Weapons/Melee Weapons/Polygon Dungeon Generated/Runed Axe.asset	Assets/Game/Docs/WeaponPreviewExports/Previews/Runed Axe.png	Weapon_Dungeon_Axe_Rune_01	Axe	"Overall palette reads as palette of dark gold, brown, red. Keep these same flat color families in the same visible places as the prefab reference."	"head: palette of dark gold, brown, red"	"Create a single game inventory icon PNG of 'Runed Axe'. Use the attached prefab preview as a strict reference. Recreate the exact same weapon shape and silhouette as closely as possible. Match the exact silhouette, proportions, wrapping placement, head size, handle length, guard shape, tip shape, and color placement from the prefab reference. Overall palette reads as palette of dark gold, brown, red. Keep these same flat color families in the same visible places as the prefab reference. Keep the weapon in an extremely simple low-poly style, with very few large planes, very little micro detail, minimal surface noise, and broad flat color areas only. One isolated weapon only, transparent background, no backdrop, no frame, no environment, no character, no hand, centered in the canvas, full object visible, diagonal layout like the sample icon. Do not redesign the weapon. Do not invent a new color palette. Do not add realism, painterly brushwork, glow, extra ornaments, text, or watermark."
Skull Shield	Assets/Game/Data/Items/Weapons/Melee Weapons/Polygon Dungeon Generated/Skull Shield.asset	Assets/Game/Docs/WeaponPreviewExports/Previews/Skull Shield.png	Weapon_Dungeon_Shield_Skull_01	Shield	"Overall palette reads as palette of brown, dark orange, red. Keep these same flat color families in the same visible places as the prefab reference."	"shield face: palette of brown, dark orange, red"	"Create a single game inventory icon PNG of 'Skull Shield'. Use the attached prefab preview as a strict reference. Recreate the exact same weapon shape and silhouette as closely as possible. Match the exact silhouette, proportions, wrapping placement, head size, handle length, guard shape, tip shape, and color placement from the prefab reference. Overall palette reads as palette of brown, dark orange, red. Keep these same flat color families in the same visible places as the prefab reference. Keep the weapon in an extremely simple low-poly style, with very few large planes, very little micro detail, minimal surface noise, and broad flat color areas only. One isolated weapon only, transparent background, no backdrop, no frame, no environment, no character, no hand, centered in the canvas, full object visible, diagonal layout like the sample icon. Do not redesign the weapon. Do not invent a new color palette. Do not add realism, painterly brushwork, glow, extra ornaments, text, or watermark."
Spear 02	Assets/Game/Data/Items/Weapons/Melee Weapons/Polygon Dungeon Generated/Spear 02.asset	Assets/Game/Docs/WeaponPreviewExports/Previews/Spear 02.png	Weapon_Dungeon_Spear_02	Polearm	"Overall palette reads as palette of brown, dark gold, dark orange. Keep these same flat color families in the same visible places as the prefab reference."	"shaft: palette of brown, dark gold, dark orange"	"Create a single game inventory icon PNG of 'Spear 02'. Use the attached prefab preview as a strict reference. Recreate the exact same weapon shape and silhouette as closely as possible. Match the exact silhouette, proportions, wrapping placement, head size, handle length, guard shape, tip shape, and color placement from the prefab reference. Overall palette reads as palette of brown, dark gold, dark orange. Keep these same flat color families in the same visible places as the prefab reference. Keep the weapon in an extremely simple low-poly style, with very few large planes, very little micro detail, minimal surface noise, and broad flat color areas only. One isolated weapon only, transparent background, no backdrop, no frame, no environment, no character, no hand, centered in the canvas, full object visible, diagonal layout like the sample icon. Do not redesign the weapon. Do not invent a new color palette. Do not add realism, painterly brushwork, glow, extra ornaments, text, or watermark."
Spear	Assets/Game/Data/Items/Weapons/Melee Weapons/Polygon Dungeon Generated/Spear.asset	Assets/Game/Docs/WeaponPreviewExports/Previews/Spear.png	Weapon_Dungeon_Spear_01	Polearm	"Overall palette reads as palette of brown, dark yellow, dark orange. Keep these same flat color families in the same visible places as the prefab reference."	"shaft: palette of brown, dark yellow, dark orange"	"Create a single game inventory icon PNG of 'Spear'. Use the attached prefab preview as a strict reference. Recreate the exact same weapon shape and silhouette as closely as possible. Match the exact silhouette, proportions, wrapping placement, head size, handle length, guard shape, tip shape, and color placement from the prefab reference. Overall palette reads as palette of brown, dark yellow, dark orange. Keep these same flat color families in the same visible places as the prefab reference. Keep the weapon in an extremely simple low-poly style, with very few large planes, very little micro detail, minimal surface noise, and broad flat color areas only. One isolated weapon only, transparent background, no backdrop, no frame, no environment, no character, no hand, centered in the canvas, full object visible, diagonal layout like the sample icon. Do not redesign the weapon. Do not invent a new color palette. Do not add realism, painterly brushwork, glow, extra ornaments, text, or watermark."
Sphere Mace	Assets/Game/Data/Items/Weapons/Melee Weapons/Polygon Dungeon Generated/Sphere Mace.asset	Assets/Game/Docs/WeaponPreviewExports/Previews/Sphere Mace.png	Weapon_Dungeon_Hammer_Mace_Sphere_01	Blunt	"Overall palette reads as palette of dark gold, brown, dark yellow. Keep these same flat color families in the same visible places as the prefab reference."	"head: palette of dark gold, brown, dark yellow"	"Create a single game inventory icon PNG of 'Sphere Mace'. Use the attached prefab preview as a strict reference. Recreate the exact same weapon shape and silhouette as closely as possible. Match the exact silhouette, proportions, wrapping placement, head size, handle length, guard shape, tip shape, and color placement from the prefab reference. Overall palette reads as palette of dark gold, brown, dark yellow. Keep these same flat color families in the same visible places as the prefab reference. Keep the weapon in an extremely simple low-poly style, with very few large planes, very little micro detail, minimal surface noise, and broad flat color areas only. One isolated weapon only, transparent background, no backdrop, no frame, no environment, no character, no hand, centered in the canvas, full object visible, diagonal layout like the sample icon. Do not redesign the weapon. Do not invent a new color palette. Do not add realism, painterly brushwork, glow, extra ornaments, text, or watermark."
Spiked Goblin Axe	Assets/Game/Data/Items/Weapons/Melee Weapons/Polygon Dungeon Generated/Spiked Goblin Axe.asset	Assets/Game/Docs/WeaponPreviewExports/Previews/Spiked Goblin Axe.png	Weapon_Dungeon_Goblin_Axe_Spikes_01	Polearm	"Overall palette reads as palette of dark gold, dark orange, red. Keep these same flat color families in the same visible places as the prefab reference."	"shaft: palette of dark gold, dark orange, red"	"Create a single game inventory icon PNG of 'Spiked Goblin Axe'. Use the attached prefab preview as a strict reference. Recreate the exact same weapon shape and silhouette as closely as possible. Match the exact silhouette, proportions, wrapping placement, head size, handle length, guard shape, tip shape, and color placement from the prefab reference. Overall palette reads as palette of dark gold, dark orange, red. Keep these same flat color families in the same visible places as the prefab reference. Keep the weapon in an extremely simple low-poly style, with very few large planes, very little micro detail, minimal surface noise, and broad flat color areas only. One isolated weapon only, transparent background, no backdrop, no frame, no environment, no character, no hand, centered in the canvas, full object visible, diagonal layout like the sample icon. Do not redesign the weapon. Do not invent a new color palette. Do not add realism, painterly brushwork, glow, extra ornaments, text, or watermark."
Spiked Goblin Machete	Assets/Game/Data/Items/Weapons/Melee Weapons/Polygon Dungeon Generated/Spiked Goblin Machete.asset	Assets/Game/Docs/WeaponPreviewExports/Previews/Spiked Goblin Machete.png	Weapon_Dungeon_Goblin_Machete_Spikes_01	Polearm	"Overall palette reads as palette of brown, dark orange, red. Keep these same flat color families in the same visible places as the prefab reference."	"shaft: palette of brown, dark orange, red"	"Create a single game inventory icon PNG of 'Spiked Goblin Machete'. Use the attached prefab preview as a strict reference. Recreate the exact same weapon shape and silhouette as closely as possible. Match the exact silhouette, proportions, wrapping placement, head size, handle length, guard shape, tip shape, and color placement from the prefab reference. Overall palette reads as palette of brown, dark orange, red. Keep these same flat color families in the same visible places as the prefab reference. Keep the weapon in an extremely simple low-poly style, with very few large planes, very little micro detail, minimal surface noise, and broad flat color areas only. One isolated weapon only, transparent background, no backdrop, no frame, no environment, no character, no hand, centered in the canvas, full object visible, diagonal layout like the sample icon. Do not redesign the weapon. Do not invent a new color palette. Do not add realism, painterly brushwork, glow, extra ornaments, text, or watermark."
Spiked Mace	Assets/Game/Data/Items/Weapons/Melee Weapons/Polygon Dungeon Generated/Spiked Mace.asset	Assets/Game/Docs/WeaponPreviewExports/Previews/Spiked Mace.png	Weapon_Dungeon_Hammer_Mace_Spikes_01	Polearm	"Overall palette reads as palette of dark yellow, dark gold, brown. Keep these same flat color families in the same visible places as the prefab reference."	"shaft: palette of dark yellow, dark gold, brown"	"Create a single game inventory icon PNG of 'Spiked Mace'. Use the attached prefab preview as a strict reference. Recreate the exact same weapon shape and silhouette as closely as possible. Match the exact silhouette, proportions, wrapping placement, head size, handle length, guard shape, tip shape, and color placement from the prefab reference. Overall palette reads as palette of dark yellow, dark gold, brown. Keep these same flat color families in the same visible places as the prefab reference. Keep the weapon in an extremely simple low-poly style, with very few large planes, very little micro detail, minimal surface noise, and broad flat color areas only. One isolated weapon only, transparent background, no backdrop, no frame, no environment, no character, no hand, centered in the canvas, full object visible, diagonal layout like the sample icon. Do not redesign the weapon. Do not invent a new color palette. Do not add realism, painterly brushwork, glow, extra ornaments, text, or watermark."
Spiked Shield	Assets/Game/Data/Items/Weapons/Melee Weapons/Polygon Dungeon Generated/Spiked Shield.asset	Assets/Game/Docs/WeaponPreviewExports/Previews/Spiked Shield.png	Weapon_Dungeon_Shield_Spike_01	Shield	"Overall palette reads as palette of brown, dark gold, red. Keep these same flat color families in the same visible places as the prefab reference."	"shield face: palette of brown, dark gold, red"	"Create a single game inventory icon PNG of 'Spiked Shield'. Use the attached prefab preview as a strict reference. Recreate the exact same weapon shape and silhouette as closely as possible. Match the exact silhouette, proportions, wrapping placement, head size, handle length, guard shape, tip shape, and color placement from the prefab reference. Overall palette reads as palette of brown, dark gold, red. Keep these same flat color families in the same visible places as the prefab reference. Keep the weapon in an extremely simple low-poly style, with very few large planes, very little micro detail, minimal surface noise, and broad flat color areas only. One isolated weapon only, transparent background, no backdrop, no frame, no environment, no character, no hand, centered in the canvas, full object visible, diagonal layout like the sample icon. Do not redesign the weapon. Do not invent a new color palette. Do not add realism, painterly brushwork, glow, extra ornaments, text, or watermark."
Stone Goblin Shiv	Assets/Game/Data/Items/Weapons/Melee Weapons/Polygon Dungeon Generated/Stone Goblin Shiv.asset	Assets/Game/Docs/WeaponPreviewExports/Previews/Stone Goblin Shiv.png	Weapon_Dungeon_Goblin_Shiv_Stone_01	Dagger	"Overall palette reads as palette of dark gold, brown, dark orange. Keep these same flat color families in the same visible places as the prefab reference."	"blade: palette of dark gold, brown, dark orange"	"Create a single game inventory icon PNG of 'Stone Goblin Shiv'. Use the attached prefab preview as a strict reference. Recreate the exact same weapon shape and silhouette as closely as possible. Match the exact silhouette, proportions, wrapping placement, head size, handle length, guard shape, tip shape, and color placement from the prefab reference. Overall palette reads as palette of dark gold, brown, dark orange. Keep these same flat color families in the same visible places as the prefab reference. Keep the weapon in an extremely simple low-poly style, with very few large planes, very little micro detail, minimal surface noise, and broad flat color areas only. One isolated weapon only, transparent background, no backdrop, no frame, no environment, no character, no hand, centered in the canvas, full object visible, diagonal layout like the sample icon. Do not redesign the weapon. Do not invent a new color palette. Do not add realism, painterly brushwork, glow, extra ornaments, text, or watermark."
Stone Great Hammer	Assets/Game/Data/Items/Weapons/Melee Weapons/Polygon Dungeon Generated/Stone Great Hammer.asset	Assets/Game/Docs/WeaponPreviewExports/Previews/Stone Great Hammer.png	Weapon_Dungeon_Hammer_Large_Stone_01	Blunt	"Overall palette reads as palette of brown, dark gold, red. Keep these same flat color families in the same visible places as the prefab reference."	"head: palette of brown, dark gold, red"	"Create a single game inventory icon PNG of 'Stone Great Hammer'. Use the attached prefab preview as a strict reference. Recreate the exact same weapon shape and silhouette as closely as possible. Match the exact silhouette, proportions, wrapping placement, head size, handle length, guard shape, tip shape, and color placement from the prefab reference. Overall palette reads as palette of brown, dark gold, red. Keep these same flat color families in the same visible places as the prefab reference. Keep the weapon in an extremely simple low-poly style, with very few large planes, very little micro detail, minimal surface noise, and broad flat color areas only. One isolated weapon only, transparent background, no backdrop, no frame, no environment, no character, no hand, centered in the canvas, full object visible, diagonal layout like the sample icon. Do not redesign the weapon. Do not invent a new color palette. Do not add realism, painterly brushwork, glow, extra ornaments, text, or watermark."
Stone Mace	Assets/Game/Data/Items/Weapons/Melee Weapons/Polygon Dungeon Generated/Stone Mace.asset	Assets/Game/Docs/WeaponPreviewExports/Previews/Stone Mace.png	Weapon_Dungeon_Hammer_Mace_Stone_01	Blunt	"Overall palette reads as palette of brown, dark orange, dark gold. Keep these same flat color families in the same visible places as the prefab reference."	"head: palette of brown, dark orange, dark gold"	"Create a single game inventory icon PNG of 'Stone Mace'. Use the attached prefab preview as a strict reference. Recreate the exact same weapon shape and silhouette as closely as possible. Match the exact silhouette, proportions, wrapping placement, head size, handle length, guard shape, tip shape, and color placement from the prefab reference. Overall palette reads as palette of brown, dark orange, dark gold. Keep these same flat color families in the same visible places as the prefab reference. Keep the weapon in an extremely simple low-poly style, with very few large planes, very little micro detail, minimal surface noise, and broad flat color areas only. One isolated weapon only, transparent background, no backdrop, no frame, no environment, no character, no hand, centered in the canvas, full object visible, diagonal layout like the sample icon. Do not redesign the weapon. Do not invent a new color palette. Do not add realism, painterly brushwork, glow, extra ornaments, text, or watermark."
Straight Greatsword	Assets/Game/Data/Items/Weapons/Melee Weapons/Polygon Dungeon Generated/Straight Greatsword.asset	Assets/Game/Docs/WeaponPreviewExports/Previews/Straight Greatsword.png	Weapon_Dungeon_Greatsword_Straight_01	Greatsword	"Overall palette reads as palette of brown, red, dark magenta. Keep these same flat color families in the same visible places as the prefab reference."	"blade: palette of brown, red, dark magenta"	"Create a single game inventory icon PNG of 'Straight Greatsword'. Use the attached prefab preview as a strict reference. Recreate the exact same weapon shape and silhouette as closely as possible. Match the exact silhouette, proportions, wrapping placement, head size, handle length, guard shape, tip shape, and color placement from the prefab reference. Overall palette reads as palette of brown, red, dark magenta. Keep these same flat color families in the same visible places as the prefab reference. Keep the weapon in an extremely simple low-poly style, with very few large planes, very little micro detail, minimal surface noise, and broad flat color areas only. One isolated weapon only, transparent background, no backdrop, no frame, no environment, no character, no hand, centered in the canvas, full object visible, diagonal layout like the sample icon. Do not redesign the weapon. Do not invent a new color palette. Do not add realism, painterly brushwork, glow, extra ornaments, text, or watermark."
Straight Sword	Assets/Game/Data/Items/Weapons/Melee Weapons/Polygon Dungeon Generated/Straight Sword.asset	Assets/Game/Docs/WeaponPreviewExports/Previews/Straight Sword.png	Weapon_Dungeon_Straightsword_01	Sword	"Overall palette reads as palette of dark gold, brown. Keep these same flat color families in the same visible places as the prefab reference."	"blade: palette of dark gold, brown"	"Create a single game inventory icon PNG of 'Straight Sword'. Use the attached prefab preview as a strict reference. Recreate the exact same weapon shape and silhouette as closely as possible. Match the exact silhouette, proportions, wrapping placement, head size, handle length, guard shape, tip shape, and color placement from the prefab reference. Overall palette reads as palette of dark gold, brown. Keep these same flat color families in the same visible places as the prefab reference. Keep the weapon in an extremely simple low-poly style, with very few large planes, very little micro detail, minimal surface noise, and broad flat color areas only. One isolated weapon only, transparent background, no backdrop, no frame, no environment, no character, no hand, centered in the canvas, full object visible, diagonal layout like the sample icon. Do not redesign the weapon. Do not invent a new color palette. Do not add realism, painterly brushwork, glow, extra ornaments, text, or watermark."
Verdant Axe	Assets/Game/Data/Items/Weapons/Melee Weapons/Polygon Dungeon Generated/Verdant Axe.asset	Assets/Game/Docs/WeaponPreviewExports/Previews/Verdant Axe.png	Weapon_Dungeon_Axe_Nature_01	Axe	"Overall palette reads as palette of dark orange, brown, dark green. Keep these same flat color families in the same visible places as the prefab reference."	"head: palette of dark orange, brown, dark green"	"Create a single game inventory icon PNG of 'Verdant Axe'. Use the attached prefab preview as a strict reference. Recreate the exact same weapon shape and silhouette as closely as possible. Match the exact silhouette, proportions, wrapping placement, head size, handle length, guard shape, tip shape, and color placement from the prefab reference. Overall palette reads as palette of dark orange, brown, dark green. Keep these same flat color families in the same visible places as the prefab reference. Keep the weapon in an extremely simple low-poly style, with very few large planes, very little micro detail, minimal surface noise, and broad flat color areas only. One isolated weapon only, transparent background, no backdrop, no frame, no environment, no character, no hand, centered in the canvas, full object visible, diagonal layout like the sample icon. Do not redesign the weapon. Do not invent a new color palette. Do not add realism, painterly brushwork, glow, extra ornaments, text, or watermark."
War Banner 01	Assets/Game/Data/Items/Weapons/Melee Weapons/Polygon Dungeon Generated/War Banner 01.asset	Assets/Game/Docs/WeaponPreviewExports/Previews/War Banner 01.png	Weapon_Dungeon_Banner_01	Polearm	"Overall palette reads as palette of dark orange, brown, dark gold. Keep these same flat color families in the same visible places as the prefab reference."	"shaft: palette of dark orange, brown, dark gold"	"Create a single game inventory icon PNG of 'War Banner 01'. Use the attached prefab preview as a strict reference. Recreate the exact same weapon shape and silhouette as closely as possible. Match the exact silhouette, proportions, wrapping placement, head size, handle length, guard shape, tip shape, and color placement from the prefab reference. Overall palette reads as palette of dark orange, brown, dark gold. Keep these same flat color families in the same visible places as the prefab reference. Keep the weapon in an extremely simple low-poly style, with very few large planes, very little micro detail, minimal surface noise, and broad flat color areas only. One isolated weapon only, transparent background, no backdrop, no frame, no environment, no character, no hand, centered in the canvas, full object visible, diagonal layout like the sample icon. Do not redesign the weapon. Do not invent a new color palette. Do not add realism, painterly brushwork, glow, extra ornaments, text, or watermark."
War Banner 02	Assets/Game/Data/Items/Weapons/Melee Weapons/Polygon Dungeon Generated/War Banner 02.asset	Assets/Game/Docs/WeaponPreviewExports/Previews/War Banner 02.png	Weapon_Dungeon_Banner_02	Polearm	"Overall palette reads as palette of red, brown, dark orange. Keep these same flat color families in the same visible places as the prefab reference."	"shaft: palette of red, brown, dark orange"	"Create a single game inventory icon PNG of 'War Banner 02'. Use the attached prefab preview as a strict reference. Recreate the exact same weapon shape and silhouette as closely as possible. Match the exact silhouette, proportions, wrapping placement, head size, handle length, guard shape, tip shape, and color placement from the prefab reference. Overall palette reads as palette of red, brown, dark orange. Keep these same flat color families in the same visible places as the prefab reference. Keep the weapon in an extremely simple low-poly style, with very few large planes, very little micro detail, minimal surface noise, and broad flat color areas only. One isolated weapon only, transparent background, no backdrop, no frame, no environment, no character, no hand, centered in the canvas, full object visible, diagonal layout like the sample icon. Do not redesign the weapon. Do not invent a new color palette. Do not add realism, painterly brushwork, glow, extra ornaments, text, or watermark."
War Banner 03	Assets/Game/Data/Items/Weapons/Melee Weapons/Polygon Dungeon Generated/War Banner 03.asset	Assets/Game/Docs/WeaponPreviewExports/Previews/War Banner 03.png	Weapon_Dungeon_Banner_03	Polearm	"Overall palette reads as palette of red, brown, dark gold. Keep these same flat color families in the same visible places as the prefab reference."	"shaft: palette of red, brown, dark gold"	"Create a single game inventory icon PNG of 'War Banner 03'. Use the attached prefab preview as a strict reference. Recreate the exact same weapon shape and silhouette as closely as possible. Match the exact silhouette, proportions, wrapping placement, head size, handle length, guard shape, tip shape, and color placement from the prefab reference. Overall palette reads as palette of red, brown, dark gold. Keep these same flat color families in the same visible places as the prefab reference. Keep the weapon in an extremely simple low-poly style, with very few large planes, very little micro detail, minimal surface noise, and broad flat color areas only. One isolated weapon only, transparent background, no backdrop, no frame, no environment, no character, no hand, centered in the canvas, full object visible, diagonal layout like the sample icon. Do not redesign the weapon. Do not invent a new color palette. Do not add realism, painterly brushwork, glow, extra ornaments, text, or watermark."
War Banner 04	Assets/Game/Data/Items/Weapons/Melee Weapons/Polygon Dungeon Generated/War Banner 04.asset	Assets/Game/Docs/WeaponPreviewExports/Previews/War Banner 04.png	Weapon_Dungeon_Banner_04	Polearm	"Overall palette reads as palette of red, brown, dark orange. Keep these same flat color families in the same visible places as the prefab reference."	"shaft: palette of red, brown, dark orange"	"Create a single game inventory icon PNG of 'War Banner 04'. Use the attached prefab preview as a strict reference. Recreate the exact same weapon shape and silhouette as closely as possible. Match the exact silhouette, proportions, wrapping placement, head size, handle length, guard shape, tip shape, and color placement from the prefab reference. Overall palette reads as palette of red, brown, dark orange. Keep these same flat color families in the same visible places as the prefab reference. Keep the weapon in an extremely simple low-poly style, with very few large planes, very little micro detail, minimal surface noise, and broad flat color areas only. One isolated weapon only, transparent background, no backdrop, no frame, no environment, no character, no hand, centered in the canvas, full object visible, diagonal layout like the sample icon. Do not redesign the weapon. Do not invent a new color palette. Do not add realism, painterly brushwork, glow, extra ornaments, text, or watermark."
War Banner 05	Assets/Game/Data/Items/Weapons/Melee Weapons/Polygon Dungeon Generated/War Banner 05.asset	Assets/Game/Docs/WeaponPreviewExports/Previews/War Banner 05.png	Weapon_Dungeon_Banner_05	Polearm	"Overall palette reads as palette of red, dark orange, dark green. Keep these same flat color families in the same visible places as the prefab reference."	"shaft: palette of red, dark orange, dark green"	"Create a single game inventory icon PNG of 'War Banner 05'. Use the attached prefab preview as a strict reference. Recreate the exact same weapon shape and silhouette as closely as possible. Match the exact silhouette, proportions, wrapping placement, head size, handle length, guard shape, tip shape, and color placement from the prefab reference. Overall palette reads as palette of red, dark orange, dark green. Keep these same flat color families in the same visible places as the prefab reference. Keep the weapon in an extremely simple low-poly style, with very few large planes, very little micro detail, minimal surface noise, and broad flat color areas only. One isolated weapon only, transparent background, no backdrop, no frame, no environment, no character, no hand, centered in the canvas, full object visible, diagonal layout like the sample icon. Do not redesign the weapon. Do not invent a new color palette. Do not add realism, painterly brushwork, glow, extra ornaments, text, or watermark."
Wooden Glaive	Assets/Game/Data/Items/Weapons/Melee Weapons/Polygon Dungeon Generated/Wooden Glaive.asset	Assets/Game/Docs/WeaponPreviewExports/Previews/Wooden Glaive.png	Weapon_Dungeon_Handle_Wood_01	Polearm	"Overall palette reads as palette of brown, dark orange, red. Keep these same flat color families in the same visible places as the prefab reference."	"shaft: palette of brown, dark orange, red"	"Create a single game inventory icon PNG of 'Wooden Glaive'. Use the attached prefab preview as a strict reference. Recreate the exact same weapon shape and silhouette as closely as possible. Match the exact silhouette, proportions, wrapping placement, head size, handle length, guard shape, tip shape, and color placement from the prefab reference. Overall palette reads as palette of brown, dark orange, red. Keep these same flat color families in the same visible places as the prefab reference. Keep the weapon in an extremely simple low-poly style, with very few large planes, very little micro detail, minimal surface noise, and broad flat color areas only. One isolated weapon only, transparent background, no backdrop, no frame, no environment, no character, no hand, centered in the canvas, full object visible, diagonal layout like the sample icon. Do not redesign the weapon. Do not invent a new color palette. Do not add realism, painterly brushwork, glow, extra ornaments, text, or watermark."
Wooden Great Hammer	Assets/Game/Data/Items/Weapons/Melee Weapons/Polygon Dungeon Generated/Wooden Great Hammer.asset	Assets/Game/Docs/WeaponPreviewExports/Previews/Wooden Great Hammer.png	Weapon_Dungeon_Hammer_Large_Wood_01	Blunt	"Overall palette reads as palette of brown, dark gold, dark orange. Keep these same flat color families in the same visible places as the prefab reference."	"head: palette of brown, dark gold, dark orange"	"Create a single game inventory icon PNG of 'Wooden Great Hammer'. Use the attached prefab preview as a strict reference. Recreate the exact same weapon shape and silhouette as closely as possible. Match the exact silhouette, proportions, wrapping placement, head size, handle length, guard shape, tip shape, and color placement from the prefab reference. Overall palette reads as palette of brown, dark gold, dark orange. Keep these same flat color families in the same visible places as the prefab reference. Keep the weapon in an extremely simple low-poly style, with very few large planes, very little micro detail, minimal surface noise, and broad flat color areas only. One isolated weapon only, transparent background, no backdrop, no frame, no environment, no character, no hand, centered in the canvas, full object visible, diagonal layout like the sample icon. Do not redesign the weapon. Do not invent a new color palette. Do not add realism, painterly brushwork, glow, extra ornaments, text, or watermark."
Archer Shield	Assets/Game/Data/Items/Weapons/Melee Weapons/Polygon Fantasy Hero Generated/Archer Shield.asset	Assets/Game/Docs/WeaponPreviewExports/Previews/Archer Shield.png	Weapon_Shield_16	Shield	"Overall palette reads as palette of gold, dark blue, magenta. Keep these same flat color families in the same visible places as the prefab reference."	"shield face: palette of gold, dark blue, magenta; shield face: palette of dark red, dark green, muted cyan"	"Create a single game inventory icon PNG of 'Archer Shield'. Use the attached prefab preview as a strict reference. Recreate the exact same weapon shape and silhouette as closely as possible. Match the exact silhouette, proportions, wrapping placement, head size, handle length, guard shape, tip shape, and color placement from the prefab reference. Overall palette reads as palette of gold, dark blue, magenta. Keep these same flat color families in the same visible places as the prefab reference. Keep the weapon in an extremely simple low-poly style, with very few large planes, very little micro detail, minimal surface noise, and broad flat color areas only. One isolated weapon only, transparent background, no backdrop, no frame, no environment, no character, no hand, centered in the canvas, full object visible, diagonal layout like the sample icon. Do not redesign the weapon. Do not invent a new color palette. Do not add realism, painterly brushwork, glow, extra ornaments, text, or watermark."
Banded Shield	Assets/Game/Data/Items/Weapons/Melee Weapons/Polygon Fantasy Hero Generated/Banded Shield.asset	Assets/Game/Docs/WeaponPreviewExports/Previews/Banded Shield.png	Weapon_Shield_09	Shield	"Overall palette reads as palette of dark green, dark red, muted cyan. Keep these same flat color families in the same visible places as the prefab reference."	"shield face: palette of dark green, dark red, muted cyan"	"Create a single game inventory icon PNG of 'Banded Shield'. Use the attached prefab preview as a strict reference. Recreate the exact same weapon shape and silhouette as closely as possible. Match the exact silhouette, proportions, wrapping placement, head size, handle length, guard shape, tip shape, and color placement from the prefab reference. Overall palette reads as palette of dark green, dark red, muted cyan. Keep these same flat color families in the same visible places as the prefab reference. Keep the weapon in an extremely simple low-poly style, with very few large planes, very little micro detail, minimal surface noise, and broad flat color areas only. One isolated weapon only, transparent background, no backdrop, no frame, no environment, no character, no hand, centered in the canvas, full object visible, diagonal layout like the sample icon. Do not redesign the weapon. Do not invent a new color palette. Do not add realism, painterly brushwork, glow, extra ornaments, text, or watermark."
Banded Tower Shield	Assets/Game/Data/Items/Weapons/Melee Weapons/Polygon Fantasy Hero Generated/Banded Tower Shield.asset	Assets/Game/Docs/WeaponPreviewExports/Previews/Banded Tower Shield.png	Weapon_Shield_Long_09	Shield	"Overall palette reads as palette of brown, dark red, muted cyan. Keep these same flat color families in the same visible places as the prefab reference."	"shield face: palette of brown, dark red, muted cyan"	"Create a single game inventory icon PNG of 'Banded Tower Shield'. Use the attached prefab preview as a strict reference. Recreate the exact same weapon shape and silhouette as closely as possible. Match the exact silhouette, proportions, wrapping placement, head size, handle length, guard shape, tip shape, and color placement from the prefab reference. Overall palette reads as palette of brown, dark red, muted cyan. Keep these same flat color families in the same visible places as the prefab reference. Keep the weapon in an extremely simple low-poly style, with very few large planes, very little micro detail, minimal surface noise, and broad flat color areas only. One isolated weapon only, transparent background, no backdrop, no frame, no environment, no character, no hand, centered in the canvas, full object visible, diagonal layout like the sample icon. Do not redesign the weapon. Do not invent a new color palette. Do not add realism, painterly brushwork, glow, extra ornaments, text, or watermark."
Beast Crest Shield	Assets/Game/Data/Items/Weapons/Melee Weapons/Polygon Fantasy Hero Generated/Beast Crest Shield.asset	Assets/Game/Docs/WeaponPreviewExports/Previews/Beast Crest Shield.png	Weapon_Shield_02	Shield	"Overall palette reads as palette of dark green, muted cyan, dark red. Keep these same flat color families in the same visible places as the prefab reference."	"shield face: palette of dark green, muted cyan, dark red"	"Create a single game inventory icon PNG of 'Beast Crest Shield'. Use the attached prefab preview as a strict reference. Recreate the exact same weapon shape and silhouette as closely as possible. Match the exact silhouette, proportions, wrapping placement, head size, handle length, guard shape, tip shape, and color placement from the prefab reference. Overall palette reads as palette of dark green, muted cyan, dark red. Keep these same flat color families in the same visible places as the prefab reference. Keep the weapon in an extremely simple low-poly style, with very few large planes, very little micro detail, minimal surface noise, and broad flat color areas only. One isolated weapon only, transparent background, no backdrop, no frame, no environment, no character, no hand, centered in the canvas, full object visible, diagonal layout like the sample icon. Do not redesign the weapon. Do not invent a new color palette. Do not add realism, painterly brushwork, glow, extra ornaments, text, or watermark."
Beast Tower Shield	Assets/Game/Data/Items/Weapons/Melee Weapons/Polygon Fantasy Hero Generated/Beast Tower Shield.asset	Assets/Game/Docs/WeaponPreviewExports/Previews/Beast Tower Shield.png	Weapon_Shield_Long_02	Shield	"Overall palette reads as palette of brown, dark red, muted cyan. Keep these same flat color families in the same visible places as the prefab reference."	"shield face: palette of brown, dark red, muted cyan"	"Create a single game inventory icon PNG of 'Beast Tower Shield'. Use the attached prefab preview as a strict reference. Recreate the exact same weapon shape and silhouette as closely as possible. Match the exact silhouette, proportions, wrapping placement, head size, handle length, guard shape, tip shape, and color placement from the prefab reference. Overall palette reads as palette of brown, dark red, muted cyan. Keep these same flat color families in the same visible places as the prefab reference. Keep the weapon in an extremely simple low-poly style, with very few large planes, very little micro detail, minimal surface noise, and broad flat color areas only. One isolated weapon only, transparent background, no backdrop, no frame, no environment, no character, no hand, centered in the canvas, full object visible, diagonal layout like the sample icon. Do not redesign the weapon. Do not invent a new color palette. Do not add realism, painterly brushwork, glow, extra ornaments, text, or watermark."
Chevron Tower Shield	Assets/Game/Data/Items/Weapons/Melee Weapons/Polygon Fantasy Hero Generated/Chevron Tower Shield.asset	Assets/Game/Docs/WeaponPreviewExports/Previews/Chevron Tower Shield.png	Weapon_Shield_Long_15	Shield	"Overall palette reads as palette of brown, dark red, muted cyan. Keep these same flat color families in the same visible places as the prefab reference."	"shield face: palette of brown, dark red, muted cyan"	"Create a single game inventory icon PNG of 'Chevron Tower Shield'. Use the attached prefab preview as a strict reference. Recreate the exact same weapon shape and silhouette as closely as possible. Match the exact silhouette, proportions, wrapping placement, head size, handle length, guard shape, tip shape, and color placement from the prefab reference. Overall palette reads as palette of brown, dark red, muted cyan. Keep these same flat color families in the same visible places as the prefab reference. Keep the weapon in an extremely simple low-poly style, with very few large planes, very little micro detail, minimal surface noise, and broad flat color areas only. One isolated weapon only, transparent background, no backdrop, no frame, no environment, no character, no hand, centered in the canvas, full object visible, diagonal layout like the sample icon. Do not redesign the weapon. Do not invent a new color palette. Do not add realism, painterly brushwork, glow, extra ornaments, text, or watermark."
Cross Shield 02	Assets/Game/Data/Items/Weapons/Melee Weapons/Polygon Fantasy Hero Generated/Cross Shield 02.asset	Assets/Game/Docs/WeaponPreviewExports/Previews/Cross Shield 02.png	Weapon_Shield_17	Shield	"Overall palette reads as palette of dark green, muted cyan, dark red. Keep these same flat color families in the same visible places as the prefab reference."	"guard: palette of dark green, muted cyan, dark red"	"Create a single game inventory icon PNG of 'Cross Shield 02'. Use the attached prefab preview as a strict reference. Recreate the exact same weapon shape and silhouette as closely as possible. Match the exact silhouette, proportions, wrapping placement, head size, handle length, guard shape, tip shape, and color placement from the prefab reference. Overall palette reads as palette of dark green, muted cyan, dark red. Keep these same flat color families in the same visible places as the prefab reference. Keep the weapon in an extremely simple low-poly style, with very few large planes, very little micro detail, minimal surface noise, and broad flat color areas only. One isolated weapon only, transparent background, no backdrop, no frame, no environment, no character, no hand, centered in the canvas, full object visible, diagonal layout like the sample icon. Do not redesign the weapon. Do not invent a new color palette. Do not add realism, painterly brushwork, glow, extra ornaments, text, or watermark."
Cross Shield	Assets/Game/Data/Items/Weapons/Melee Weapons/Polygon Fantasy Hero Generated/Cross Shield.asset	Assets/Game/Docs/WeaponPreviewExports/Previews/Cross Shield.png	Weapon_Shield_05	Shield	"Overall palette reads as palette of dark green, muted cyan, dark red. Keep these same flat color families in the same visible places as the prefab reference."	"guard: palette of dark green, muted cyan, dark red"	"Create a single game inventory icon PNG of 'Cross Shield'. Use the attached prefab preview as a strict reference. Recreate the exact same weapon shape and silhouette as closely as possible. Match the exact silhouette, proportions, wrapping placement, head size, handle length, guard shape, tip shape, and color placement from the prefab reference. Overall palette reads as palette of dark green, muted cyan, dark red. Keep these same flat color families in the same visible places as the prefab reference. Keep the weapon in an extremely simple low-poly style, with very few large planes, very little micro detail, minimal surface noise, and broad flat color areas only. One isolated weapon only, transparent background, no backdrop, no frame, no environment, no character, no hand, centered in the canvas, full object visible, diagonal layout like the sample icon. Do not redesign the weapon. Do not invent a new color palette. Do not add realism, painterly brushwork, glow, extra ornaments, text, or watermark."
Cross Tower Shield	Assets/Game/Data/Items/Weapons/Melee Weapons/Polygon Fantasy Hero Generated/Cross Tower Shield.asset	Assets/Game/Docs/WeaponPreviewExports/Previews/Cross Tower Shield.png	Weapon_Shield_Long_05	Shield	"Overall palette reads as palette of brown, dark red, muted cyan. Keep these same flat color families in the same visible places as the prefab reference."	"guard: palette of brown, dark red, muted cyan"	"Create a single game inventory icon PNG of 'Cross Tower Shield'. Use the attached prefab preview as a strict reference. Recreate the exact same weapon shape and silhouette as closely as possible. Match the exact silhouette, proportions, wrapping placement, head size, handle length, guard shape, tip shape, and color placement from the prefab reference. Overall palette reads as palette of brown, dark red, muted cyan. Keep these same flat color families in the same visible places as the prefab reference. Keep the weapon in an extremely simple low-poly style, with very few large planes, very little micro detail, minimal surface noise, and broad flat color areas only. One isolated weapon only, transparent background, no backdrop, no frame, no environment, no character, no hand, centered in the canvas, full object visible, diagonal layout like the sample icon. Do not redesign the weapon. Do not invent a new color palette. Do not add realism, painterly brushwork, glow, extra ornaments, text, or watermark."
Crown Shield 02	Assets/Game/Data/Items/Weapons/Melee Weapons/Polygon Fantasy Hero Generated/Crown Shield 02.asset	Assets/Game/Docs/WeaponPreviewExports/Previews/Crown Shield 02.png	Weapon_Shield_20	Shield	"Overall palette reads as palette of dark green, dark red, muted cyan. Keep these same flat color families in the same visible places as the prefab reference."	"shield face: palette of dark green, dark red, muted cyan"	"Create a single game inventory icon PNG of 'Crown Shield 02'. Use the attached prefab preview as a strict reference. Recreate the exact same weapon shape and silhouette as closely as possible. Match the exact silhouette, proportions, wrapping placement, head size, handle length, guard shape, tip shape, and color placement from the prefab reference. Overall palette reads as palette of dark green, dark red, muted cyan. Keep these same flat color families in the same visible places as the prefab reference. Keep the weapon in an extremely simple low-poly style, with very few large planes, very little micro detail, minimal surface noise, and broad flat color areas only. One isolated weapon only, transparent background, no backdrop, no frame, no environment, no character, no hand, centered in the canvas, full object visible, diagonal layout like the sample icon. Do not redesign the weapon. Do not invent a new color palette. Do not add realism, painterly brushwork, glow, extra ornaments, text, or watermark."
Crown Shield	Assets/Game/Data/Items/Weapons/Melee Weapons/Polygon Fantasy Hero Generated/Crown Shield.asset	Assets/Game/Docs/WeaponPreviewExports/Previews/Crown Shield.png	Weapon_Shield_04	Shield	"Overall palette reads as palette of dark green, dark red, muted cyan. Keep these same flat color families in the same visible places as the prefab reference."	"shield face: palette of dark green, dark red, muted cyan"	"Create a single game inventory icon PNG of 'Crown Shield'. Use the attached prefab preview as a strict reference. Recreate the exact same weapon shape and silhouette as closely as possible. Match the exact silhouette, proportions, wrapping placement, head size, handle length, guard shape, tip shape, and color placement from the prefab reference. Overall palette reads as palette of dark green, dark red, muted cyan. Keep these same flat color families in the same visible places as the prefab reference. Keep the weapon in an extremely simple low-poly style, with very few large planes, very little micro detail, minimal surface noise, and broad flat color areas only. One isolated weapon only, transparent background, no backdrop, no frame, no environment, no character, no hand, centered in the canvas, full object visible, diagonal layout like the sample icon. Do not redesign the weapon. Do not invent a new color palette. Do not add realism, painterly brushwork, glow, extra ornaments, text, or watermark."
Crown Tower Shield	Assets/Game/Data/Items/Weapons/Melee Weapons/Polygon Fantasy Hero Generated/Crown Tower Shield.asset	Assets/Game/Docs/WeaponPreviewExports/Previews/Crown Tower Shield.png	Weapon_Shield_Long_04	Shield	"Overall palette reads as palette of brown, dark red, muted cyan. Keep these same flat color families in the same visible places as the prefab reference."	"shield face: palette of brown, dark red, muted cyan"	"Create a single game inventory icon PNG of 'Crown Tower Shield'. Use the attached prefab preview as a strict reference. Recreate the exact same weapon shape and silhouette as closely as possible. Match the exact silhouette, proportions, wrapping placement, head size, handle length, guard shape, tip shape, and color placement from the prefab reference. Overall palette reads as palette of brown, dark red, muted cyan. Keep these same flat color families in the same visible places as the prefab reference. Keep the weapon in an extremely simple low-poly style, with very few large planes, very little micro detail, minimal surface noise, and broad flat color areas only. One isolated weapon only, transparent background, no backdrop, no frame, no environment, no character, no hand, centered in the canvas, full object visible, diagonal layout like the sample icon. Do not redesign the weapon. Do not invent a new color palette. Do not add realism, painterly brushwork, glow, extra ornaments, text, or watermark."
Crusader Shield	Assets/Game/Data/Items/Weapons/Melee Weapons/Polygon Fantasy Hero Generated/Crusader Shield.asset	Assets/Game/Docs/WeaponPreviewExports/Previews/Crusader Shield.png	Weapon_Shield_08	Shield	"Overall palette reads as palette of dark green, muted cyan, dark red. Keep these same flat color families in the same visible places as the prefab reference."	"shield face: palette of dark green, muted cyan, dark red"	"Create a single game inventory icon PNG of 'Crusader Shield'. Use the attached prefab preview as a strict reference. Recreate the exact same weapon shape and silhouette as closely as possible. Match the exact silhouette, proportions, wrapping placement, head size, handle length, guard shape, tip shape, and color placement from the prefab reference. Overall palette reads as palette of dark green, muted cyan, dark red. Keep these same flat color families in the same visible places as the prefab reference. Keep the weapon in an extremely simple low-poly style, with very few large planes, very little micro detail, minimal surface noise, and broad flat color areas only. One isolated weapon only, transparent background, no backdrop, no frame, no environment, no character, no hand, centered in the canvas, full object visible, diagonal layout like the sample icon. Do not redesign the weapon. Do not invent a new color palette. Do not add realism, painterly brushwork, glow, extra ornaments, text, or watermark."
Dagger	Assets/Game/Data/Items/Weapons/Melee Weapons/Polygon Fantasy Hero Generated/Dagger.asset	Assets/Game/Docs/WeaponPreviewExports/Previews/Dagger.png	Weapon_Dagger_01	Dagger	"Overall palette reads as palette of brown, muted cyan. Keep these same flat color families in the same visible places as the prefab reference."	"blade: palette of brown, muted cyan"	"Create a single game inventory icon PNG of 'Dagger'. Use the attached prefab preview as a strict reference. Recreate the exact same weapon shape and silhouette as closely as possible. Match the exact silhouette, proportions, wrapping placement, head size, handle length, guard shape, tip shape, and color placement from the prefab reference. Overall palette reads as palette of brown, muted cyan. Keep these same flat color families in the same visible places as the prefab reference. Keep the weapon in an extremely simple low-poly style, with very few large planes, very little micro detail, minimal surface noise, and broad flat color areas only. One isolated weapon only, transparent background, no backdrop, no frame, no environment, no character, no hand, centered in the canvas, full object visible, diagonal layout like the sample icon. Do not redesign the weapon. Do not invent a new color palette. Do not add realism, painterly brushwork, glow, extra ornaments, text, or watermark."
Fleur Shield 02	Assets/Game/Data/Items/Weapons/Melee Weapons/Polygon Fantasy Hero Generated/Fleur Shield 02.asset	Assets/Game/Docs/WeaponPreviewExports/Previews/Fleur Shield 02.png	Weapon_Shield_19	Shield	"Overall palette reads as palette of dark green, dark red, muted cyan. Keep these same flat color families in the same visible places as the prefab reference."	"shield face: palette of dark green, dark red, muted cyan"	"Create a single game inventory icon PNG of 'Fleur Shield 02'. Use the attached prefab preview as a strict reference. Recreate the exact same weapon shape and silhouette as closely as possible. Match the exact silhouette, proportions, wrapping placement, head size, handle length, guard shape, tip shape, and color placement from the prefab reference. Overall palette reads as palette of dark green, dark red, muted cyan. Keep these same flat color families in the same visible places as the prefab reference. Keep the weapon in an extremely simple low-poly style, with very few large planes, very little micro detail, minimal surface noise, and broad flat color areas only. One isolated weapon only, transparent background, no backdrop, no frame, no environment, no character, no hand, centered in the canvas, full object visible, diagonal layout like the sample icon. Do not redesign the weapon. Do not invent a new color palette. Do not add realism, painterly brushwork, glow, extra ornaments, text, or watermark."
Fleur Shield	Assets/Game/Data/Items/Weapons/Melee Weapons/Polygon Fantasy Hero Generated/Fleur Shield.asset	Assets/Game/Docs/WeaponPreviewExports/Previews/Fleur Shield.png	Weapon_Shield_03	Shield	"Overall palette reads as palette of dark green, dark red, muted cyan. Keep these same flat color families in the same visible places as the prefab reference."	"shield face: palette of dark green, dark red, muted cyan"	"Create a single game inventory icon PNG of 'Fleur Shield'. Use the attached prefab preview as a strict reference. Recreate the exact same weapon shape and silhouette as closely as possible. Match the exact silhouette, proportions, wrapping placement, head size, handle length, guard shape, tip shape, and color placement from the prefab reference. Overall palette reads as palette of dark green, dark red, muted cyan. Keep these same flat color families in the same visible places as the prefab reference. Keep the weapon in an extremely simple low-poly style, with very few large planes, very little micro detail, minimal surface noise, and broad flat color areas only. One isolated weapon only, transparent background, no backdrop, no frame, no environment, no character, no hand, centered in the canvas, full object visible, diagonal layout like the sample icon. Do not redesign the weapon. Do not invent a new color palette. Do not add realism, painterly brushwork, glow, extra ornaments, text, or watermark."
Fleur Tower Shield	Assets/Game/Data/Items/Weapons/Melee Weapons/Polygon Fantasy Hero Generated/Fleur Tower Shield.asset	Assets/Game/Docs/WeaponPreviewExports/Previews/Fleur Tower Shield.png	Weapon_Shield_Long_03	Shield	"Overall palette reads as palette of brown, dark red, muted cyan. Keep these same flat color families in the same visible places as the prefab reference."	"shield face: palette of brown, dark red, muted cyan"	"Create a single game inventory icon PNG of 'Fleur Tower Shield'. Use the attached prefab preview as a strict reference. Recreate the exact same weapon shape and silhouette as closely as possible. Match the exact silhouette, proportions, wrapping placement, head size, handle length, guard shape, tip shape, and color placement from the prefab reference. Overall palette reads as palette of brown, dark red, muted cyan. Keep these same flat color families in the same visible places as the prefab reference. Keep the weapon in an extremely simple low-poly style, with very few large planes, very little micro detail, minimal surface noise, and broad flat color areas only. One isolated weapon only, transparent background, no backdrop, no frame, no environment, no character, no hand, centered in the canvas, full object visible, diagonal layout like the sample icon. Do not redesign the weapon. Do not invent a new color palette. Do not add realism, painterly brushwork, glow, extra ornaments, text, or watermark."
Greatsword	Assets/Game/Data/Items/Weapons/Melee Weapons/Polygon Fantasy Hero Generated/Greatsword.asset	Assets/Game/Docs/WeaponPreviewExports/Previews/Greatsword.png	Weapon_Sword_Large_01	Greatsword	"Overall palette reads as palette of brown, muted cyan, dark red. Keep these same flat color families in the same visible places as the prefab reference."	"blade: palette of brown, muted cyan, dark red"	"Create a single game inventory icon PNG of 'Greatsword'. Use the attached prefab preview as a strict reference. Recreate the exact same weapon shape and silhouette as closely as possible. Match the exact silhouette, proportions, wrapping placement, head size, handle length, guard shape, tip shape, and color placement from the prefab reference. Overall palette reads as palette of brown, muted cyan, dark red. Keep these same flat color families in the same visible places as the prefab reference. Keep the weapon in an extremely simple low-poly style, with very few large planes, very little micro detail, minimal surface noise, and broad flat color areas only. One isolated weapon only, transparent background, no backdrop, no frame, no environment, no character, no hand, centered in the canvas, full object visible, diagonal layout like the sample icon. Do not redesign the weapon. Do not invent a new color palette. Do not add realism, painterly brushwork, glow, extra ornaments, text, or watermark."
Halfcoat Shield	Assets/Game/Data/Items/Weapons/Melee Weapons/Polygon Fantasy Hero Generated/Halfcoat Shield.asset	Assets/Game/Docs/WeaponPreviewExports/Previews/Halfcoat Shield.png	Weapon_Shield_07	Shield	"Overall palette reads as palette of dark green, muted cyan, dark red. Keep these same flat color families in the same visible places as the prefab reference."	"shield face: palette of dark green, muted cyan, dark red"	"Create a single game inventory icon PNG of 'Halfcoat Shield'. Use the attached prefab preview as a strict reference. Recreate the exact same weapon shape and silhouette as closely as possible. Match the exact silhouette, proportions, wrapping placement, head size, handle length, guard shape, tip shape, and color placement from the prefab reference. Overall palette reads as palette of dark green, muted cyan, dark red. Keep these same flat color families in the same visible places as the prefab reference. Keep the weapon in an extremely simple low-poly style, with very few large planes, very little micro detail, minimal surface noise, and broad flat color areas only. One isolated weapon only, transparent background, no backdrop, no frame, no environment, no character, no hand, centered in the canvas, full object visible, diagonal layout like the sample icon. Do not redesign the weapon. Do not invent a new color palette. Do not add realism, painterly brushwork, glow, extra ornaments, text, or watermark."
Hand Axe	Assets/Game/Data/Items/Weapons/Melee Weapons/Polygon Fantasy Hero Generated/Hand Axe.asset	Assets/Game/Docs/WeaponPreviewExports/Previews/Hand Axe.png	Weapon_Axe_01	Axe	"Overall palette reads as palette of brown, dark red, muted cyan. Keep these same flat color families in the same visible places as the prefab reference."	"head: palette of brown, dark red, muted cyan"	"Create a single game inventory icon PNG of 'Hand Axe'. Use the attached prefab preview as a strict reference. Recreate the exact same weapon shape and silhouette as closely as possible. Match the exact silhouette, proportions, wrapping placement, head size, handle length, guard shape, tip shape, and color placement from the prefab reference. Overall palette reads as palette of brown, dark red, muted cyan. Keep these same flat color families in the same visible places as the prefab reference. Keep the weapon in an extremely simple low-poly style, with very few large planes, very little micro detail, minimal surface noise, and broad flat color areas only. One isolated weapon only, transparent background, no backdrop, no frame, no environment, no character, no hand, centered in the canvas, full object visible, diagonal layout like the sample icon. Do not redesign the weapon. Do not invent a new color palette. Do not add realism, painterly brushwork, glow, extra ornaments, text, or watermark."
Herald Tower Shield	Assets/Game/Data/Items/Weapons/Melee Weapons/Polygon Fantasy Hero Generated/Herald Tower Shield.asset	Assets/Game/Docs/WeaponPreviewExports/Previews/Herald Tower Shield.png	Weapon_Shield_Long_16	Shield	"Overall palette reads as palette of brown, dark red, muted cyan. Keep these same flat color families in the same visible places as the prefab reference."	"shield face: palette of brown, dark red, muted cyan"	"Create a single game inventory icon PNG of 'Herald Tower Shield'. Use the attached prefab preview as a strict reference. Recreate the exact same weapon shape and silhouette as closely as possible. Match the exact silhouette, proportions, wrapping placement, head size, handle length, guard shape, tip shape, and color placement from the prefab reference. Overall palette reads as palette of brown, dark red, muted cyan. Keep these same flat color families in the same visible places as the prefab reference. Keep the weapon in an extremely simple low-poly style, with very few large planes, very little micro detail, minimal surface noise, and broad flat color areas only. One isolated weapon only, transparent background, no backdrop, no frame, no environment, no character, no hand, centered in the canvas, full object visible, diagonal layout like the sample icon. Do not redesign the weapon. Do not invent a new color palette. Do not add realism, painterly brushwork, glow, extra ornaments, text, or watermark."
Jousting Lance 01	Assets/Game/Data/Items/Weapons/Melee Weapons/Polygon Fantasy Hero Generated/Jousting Lance 01.asset	Assets/Game/Docs/WeaponPreviewExports/Previews/Jousting Lance 01.png	Weapon_Joust_01	Polearm	"Overall palette reads as palette of brown, dark cyan, orange. Keep these same flat color families in the same visible places as the prefab reference."	"shaft: palette of brown, dark cyan, orange"	"Create a single game inventory icon PNG of 'Jousting Lance 01'. Use the attached prefab preview as a strict reference. Recreate the exact same weapon shape and silhouette as closely as possible. Match the exact silhouette, proportions, wrapping placement, head size, handle length, guard shape, tip shape, and color placement from the prefab reference. Overall palette reads as palette of brown, dark cyan, orange. Keep these same flat color families in the same visible places as the prefab reference. Keep the weapon in an extremely simple low-poly style, with very few large planes, very little micro detail, minimal surface noise, and broad flat color areas only. One isolated weapon only, transparent background, no backdrop, no frame, no environment, no character, no hand, centered in the canvas, full object visible, diagonal layout like the sample icon. Do not redesign the weapon. Do not invent a new color palette. Do not add realism, painterly brushwork, glow, extra ornaments, text, or watermark."
Jousting Lance 02	Assets/Game/Data/Items/Weapons/Melee Weapons/Polygon Fantasy Hero Generated/Jousting Lance 02.asset	Assets/Game/Docs/WeaponPreviewExports/Previews/Jousting Lance 02.png	Weapon_Joust_02	Polearm	"Overall palette reads as palette of brown, dark red. Keep these same flat color families in the same visible places as the prefab reference."	"shaft: palette of brown, dark red"	"Create a single game inventory icon PNG of 'Jousting Lance 02'. Use the attached prefab preview as a strict reference. Recreate the exact same weapon shape and silhouette as closely as possible. Match the exact silhouette, proportions, wrapping placement, head size, handle length, guard shape, tip shape, and color placement from the prefab reference. Overall palette reads as palette of brown, dark red. Keep these same flat color families in the same visible places as the prefab reference. Keep the weapon in an extremely simple low-poly style, with very few large planes, very little micro detail, minimal surface noise, and broad flat color areas only. One isolated weapon only, transparent background, no backdrop, no frame, no environment, no character, no hand, centered in the canvas, full object visible, diagonal layout like the sample icon. Do not redesign the weapon. Do not invent a new color palette. Do not add realism, painterly brushwork, glow, extra ornaments, text, or watermark."
Jousting Lance 03	Assets/Game/Data/Items/Weapons/Melee Weapons/Polygon Fantasy Hero Generated/Jousting Lance 03.asset	Assets/Game/Docs/WeaponPreviewExports/Previews/Jousting Lance 03.png	Weapon_Joust_03	Polearm	"Overall palette reads as palette of brown, gold, dark red. Keep these same flat color families in the same visible places as the prefab reference."	"shaft: palette of brown, gold, dark red"	"Create a single game inventory icon PNG of 'Jousting Lance 03'. Use the attached prefab preview as a strict reference. Recreate the exact same weapon shape and silhouette as closely as possible. Match the exact silhouette, proportions, wrapping placement, head size, handle length, guard shape, tip shape, and color placement from the prefab reference. Overall palette reads as palette of brown, gold, dark red. Keep these same flat color families in the same visible places as the prefab reference. Keep the weapon in an extremely simple low-poly style, with very few large planes, very little micro detail, minimal surface noise, and broad flat color areas only. One isolated weapon only, transparent background, no backdrop, no frame, no environment, no character, no hand, centered in the canvas, full object visible, diagonal layout like the sample icon. Do not redesign the weapon. Do not invent a new color palette. Do not add realism, painterly brushwork, glow, extra ornaments, text, or watermark."
Lion Crest Shield 02	Assets/Game/Data/Items/Weapons/Melee Weapons/Polygon Fantasy Hero Generated/Lion Crest Shield 02.asset	Assets/Game/Docs/WeaponPreviewExports/Previews/Lion Crest Shield 02.png	Weapon_Shield_18	Shield	"Overall palette reads as palette of dark green, muted cyan, dark red. Keep these same flat color families in the same visible places as the prefab reference."	"shield face: palette of dark green, muted cyan, dark red"	"Create a single game inventory icon PNG of 'Lion Crest Shield 02'. Use the attached prefab preview as a strict reference. Recreate the exact same weapon shape and silhouette as closely as possible. Match the exact silhouette, proportions, wrapping placement, head size, handle length, guard shape, tip shape, and color placement from the prefab reference. Overall palette reads as palette of dark green, muted cyan, dark red. Keep these same flat color families in the same visible places as the prefab reference. Keep the weapon in an extremely simple low-poly style, with very few large planes, very little micro detail, minimal surface noise, and broad flat color areas only. One isolated weapon only, transparent background, no backdrop, no frame, no environment, no character, no hand, centered in the canvas, full object visible, diagonal layout like the sample icon. Do not redesign the weapon. Do not invent a new color palette. Do not add realism, painterly brushwork, glow, extra ornaments, text, or watermark."
Lion Crest Shield	Assets/Game/Data/Items/Weapons/Melee Weapons/Polygon Fantasy Hero Generated/Lion Crest Shield.asset	Assets/Game/Docs/WeaponPreviewExports/Previews/Lion Crest Shield.png	Weapon_Shield_01	Shield	"Overall palette reads as palette of dark green, dark red, muted cyan. Keep these same flat color families in the same visible places as the prefab reference."	"shield face: palette of dark green, dark red, muted cyan"	"Create a single game inventory icon PNG of 'Lion Crest Shield'. Use the attached prefab preview as a strict reference. Recreate the exact same weapon shape and silhouette as closely as possible. Match the exact silhouette, proportions, wrapping placement, head size, handle length, guard shape, tip shape, and color placement from the prefab reference. Overall palette reads as palette of dark green, dark red, muted cyan. Keep these same flat color families in the same visible places as the prefab reference. Keep the weapon in an extremely simple low-poly style, with very few large planes, very little micro detail, minimal surface noise, and broad flat color areas only. One isolated weapon only, transparent background, no backdrop, no frame, no environment, no character, no hand, centered in the canvas, full object visible, diagonal layout like the sample icon. Do not redesign the weapon. Do not invent a new color palette. Do not add realism, painterly brushwork, glow, extra ornaments, text, or watermark."
Lion Tower Shield	Assets/Game/Data/Items/Weapons/Melee Weapons/Polygon Fantasy Hero Generated/Lion Tower Shield.asset	Assets/Game/Docs/WeaponPreviewExports/Previews/Lion Tower Shield.png	Weapon_Shield_Long_01	Shield	"Overall palette reads as palette of brown, dark red, muted cyan. Keep these same flat color families in the same visible places as the prefab reference."	"shield face: palette of brown, dark red, muted cyan"	"Create a single game inventory icon PNG of 'Lion Tower Shield'. Use the attached prefab preview as a strict reference. Recreate the exact same weapon shape and silhouette as closely as possible. Match the exact silhouette, proportions, wrapping placement, head size, handle length, guard shape, tip shape, and color placement from the prefab reference. Overall palette reads as palette of brown, dark red, muted cyan. Keep these same flat color families in the same visible places as the prefab reference. Keep the weapon in an extremely simple low-poly style, with very few large planes, very little micro detail, minimal surface noise, and broad flat color areas only. One isolated weapon only, transparent background, no backdrop, no frame, no environment, no character, no hand, centered in the canvas, full object visible, diagonal layout like the sample icon. Do not redesign the weapon. Do not invent a new color palette. Do not add realism, painterly brushwork, glow, extra ornaments, text, or watermark."
Long Staff	Assets/Game/Data/Items/Weapons/Melee Weapons/Polygon Fantasy Hero Generated/Long Staff.asset	Assets/Game/Docs/WeaponPreviewExports/Previews/Long Staff.png	Weapon_Staff_02	Focus	"Overall palette reads as palette of orange, dark cyan. Keep these same flat color families in the same visible places as the prefab reference."	"body: palette of orange, dark cyan"	"Create a single game inventory icon PNG of 'Long Staff'. Use the attached prefab preview as a strict reference. Recreate the exact same weapon shape and silhouette as closely as possible. Match the exact silhouette, proportions, wrapping placement, head size, handle length, guard shape, tip shape, and color placement from the prefab reference. Overall palette reads as palette of orange, dark cyan. Keep these same flat color families in the same visible places as the prefab reference. Keep the weapon in an extremely simple low-poly style, with very few large planes, very little micro detail, minimal surface noise, and broad flat color areas only. One isolated weapon only, transparent background, no backdrop, no frame, no environment, no character, no hand, centered in the canvas, full object visible, diagonal layout like the sample icon. Do not redesign the weapon. Do not invent a new color palette. Do not add realism, painterly brushwork, glow, extra ornaments, text, or watermark."
Mace 01	Assets/Game/Data/Items/Weapons/Melee Weapons/Polygon Fantasy Hero Generated/Mace 01.asset	Assets/Game/Docs/WeaponPreviewExports/Previews/Mace 01.png	Weapon_Mace_01	Blunt	"Overall palette reads as palette of muted cyan, brown, dark red. Keep these same flat color families in the same visible places as the prefab reference."	"head: palette of muted cyan, brown, dark red"	"Create a single game inventory icon PNG of 'Mace 01'. Use the attached prefab preview as a strict reference. Recreate the exact same weapon shape and silhouette as closely as possible. Match the exact silhouette, proportions, wrapping placement, head size, handle length, guard shape, tip shape, and color placement from the prefab reference. Overall palette reads as palette of muted cyan, brown, dark red. Keep these same flat color families in the same visible places as the prefab reference. Keep the weapon in an extremely simple low-poly style, with very few large planes, very little micro detail, minimal surface noise, and broad flat color areas only. One isolated weapon only, transparent background, no backdrop, no frame, no environment, no character, no hand, centered in the canvas, full object visible, diagonal layout like the sample icon. Do not redesign the weapon. Do not invent a new color palette. Do not add realism, painterly brushwork, glow, extra ornaments, text, or watermark."
Plain Shield	Assets/Game/Data/Items/Weapons/Melee Weapons/Polygon Fantasy Hero Generated/Plain Shield.asset	Assets/Game/Docs/WeaponPreviewExports/Previews/Plain Shield.png	Weapon_Shield_12	Shield	"Overall palette reads as palette of dark green, dark red, muted cyan. Keep these same flat color families in the same visible places as the prefab reference."	"shield face: palette of dark green, dark red, muted cyan"	"Create a single game inventory icon PNG of 'Plain Shield'. Use the attached prefab preview as a strict reference. Recreate the exact same weapon shape and silhouette as closely as possible. Match the exact silhouette, proportions, wrapping placement, head size, handle length, guard shape, tip shape, and color placement from the prefab reference. Overall palette reads as palette of dark green, dark red, muted cyan. Keep these same flat color families in the same visible places as the prefab reference. Keep the weapon in an extremely simple low-poly style, with very few large planes, very little micro detail, minimal surface noise, and broad flat color areas only. One isolated weapon only, transparent background, no backdrop, no frame, no environment, no character, no hand, centered in the canvas, full object visible, diagonal layout like the sample icon. Do not redesign the weapon. Do not invent a new color palette. Do not add realism, painterly brushwork, glow, extra ornaments, text, or watermark."
Plain Tower Shield 02	Assets/Game/Data/Items/Weapons/Melee Weapons/Polygon Fantasy Hero Generated/Plain Tower Shield 02.asset	Assets/Game/Docs/WeaponPreviewExports/Previews/Plain Tower Shield 02.png	Weapon_Shield_Long_12	Shield	"Overall palette reads as palette of brown, dark red, muted cyan. Keep these same flat color families in the same visible places as the prefab reference."	"shield face: palette of brown, dark red, muted cyan"	"Create a single game inventory icon PNG of 'Plain Tower Shield 02'. Use the attached prefab preview as a strict reference. Recreate the exact same weapon shape and silhouette as closely as possible. Match the exact silhouette, proportions, wrapping placement, head size, handle length, guard shape, tip shape, and color placement from the prefab reference. Overall palette reads as palette of brown, dark red, muted cyan. Keep these same flat color families in the same visible places as the prefab reference. Keep the weapon in an extremely simple low-poly style, with very few large planes, very little micro detail, minimal surface noise, and broad flat color areas only. One isolated weapon only, transparent background, no backdrop, no frame, no environment, no character, no hand, centered in the canvas, full object visible, diagonal layout like the sample icon. Do not redesign the weapon. Do not invent a new color palette. Do not add realism, painterly brushwork, glow, extra ornaments, text, or watermark."
Plain Tower Shield	Assets/Game/Data/Items/Weapons/Melee Weapons/Polygon Fantasy Hero Generated/Plain Tower Shield.asset	Assets/Game/Docs/WeaponPreviewExports/Previews/Plain Tower Shield.png	Weapon_Shield_Long_07	Shield	"Overall palette reads as palette of brown, dark red, muted cyan. Keep these same flat color families in the same visible places as the prefab reference."	"shield face: palette of brown, dark red, muted cyan"	"Create a single game inventory icon PNG of 'Plain Tower Shield'. Use the attached prefab preview as a strict reference. Recreate the exact same weapon shape and silhouette as closely as possible. Match the exact silhouette, proportions, wrapping placement, head size, handle length, guard shape, tip shape, and color placement from the prefab reference. Overall palette reads as palette of brown, dark red, muted cyan. Keep these same flat color families in the same visible places as the prefab reference. Keep the weapon in an extremely simple low-poly style, with very few large planes, very little micro detail, minimal surface noise, and broad flat color areas only. One isolated weapon only, transparent background, no backdrop, no frame, no environment, no character, no hand, centered in the canvas, full object visible, diagonal layout like the sample icon. Do not redesign the weapon. Do not invent a new color palette. Do not add realism, painterly brushwork, glow, extra ornaments, text, or watermark."
Quartered Shield	Assets/Game/Data/Items/Weapons/Melee Weapons/Polygon Fantasy Hero Generated/Quartered Shield.asset	Assets/Game/Docs/WeaponPreviewExports/Previews/Quartered Shield.png	Weapon_Shield_10	Shield	"Overall palette reads as palette of dark green, dark red, muted cyan. Keep these same flat color families in the same visible places as the prefab reference."	"shield face: palette of dark green, dark red, muted cyan"	"Create a single game inventory icon PNG of 'Quartered Shield'. Use the attached prefab preview as a strict reference. Recreate the exact same weapon shape and silhouette as closely as possible. Match the exact silhouette, proportions, wrapping placement, head size, handle length, guard shape, tip shape, and color placement from the prefab reference. Overall palette reads as palette of dark green, dark red, muted cyan. Keep these same flat color families in the same visible places as the prefab reference. Keep the weapon in an extremely simple low-poly style, with very few large planes, very little micro detail, minimal surface noise, and broad flat color areas only. One isolated weapon only, transparent background, no backdrop, no frame, no environment, no character, no hand, centered in the canvas, full object visible, diagonal layout like the sample icon. Do not redesign the weapon. Do not invent a new color palette. Do not add realism, painterly brushwork, glow, extra ornaments, text, or watermark."
Quartered Tower Shield	Assets/Game/Data/Items/Weapons/Melee Weapons/Polygon Fantasy Hero Generated/Quartered Tower Shield.asset	Assets/Game/Docs/WeaponPreviewExports/Previews/Quartered Tower Shield.png	Weapon_Shield_Long_10	Shield	"Overall palette reads as palette of brown, dark red, muted cyan. Keep these same flat color families in the same visible places as the prefab reference."	"shield face: palette of brown, dark red, muted cyan"	"Create a single game inventory icon PNG of 'Quartered Tower Shield'. Use the attached prefab preview as a strict reference. Recreate the exact same weapon shape and silhouette as closely as possible. Match the exact silhouette, proportions, wrapping placement, head size, handle length, guard shape, tip shape, and color placement from the prefab reference. Overall palette reads as palette of brown, dark red, muted cyan. Keep these same flat color families in the same visible places as the prefab reference. Keep the weapon in an extremely simple low-poly style, with very few large planes, very little micro detail, minimal surface noise, and broad flat color areas only. One isolated weapon only, transparent background, no backdrop, no frame, no environment, no character, no hand, centered in the canvas, full object visible, diagonal layout like the sample icon. Do not redesign the weapon. Do not invent a new color palette. Do not add realism, painterly brushwork, glow, extra ornaments, text, or watermark."
Rapier	Assets/Game/Data/Items/Weapons/Melee Weapons/Polygon Fantasy Hero Generated/Rapier.asset	Assets/Game/Docs/WeaponPreviewExports/Previews/Rapier.png	Weapon_Sword_Rapier_01	Rapier	"Overall palette reads as palette of brown, muted cyan. Keep these same flat color families in the same visible places as the prefab reference."	"blade: palette of brown, muted cyan"	"Create a single game inventory icon PNG of 'Rapier'. Use the attached prefab preview as a strict reference. Recreate the exact same weapon shape and silhouette as closely as possible. Match the exact silhouette, proportions, wrapping placement, head size, handle length, guard shape, tip shape, and color placement from the prefab reference. Overall palette reads as palette of brown, muted cyan. Keep these same flat color families in the same visible places as the prefab reference. Keep the weapon in an extremely simple low-poly style, with very few large planes, very little micro detail, minimal surface noise, and broad flat color areas only. One isolated weapon only, transparent background, no backdrop, no frame, no environment, no character, no hand, centered in the canvas, full object visible, diagonal layout like the sample icon. Do not redesign the weapon. Do not invent a new color palette. Do not add realism, painterly brushwork, glow, extra ornaments, text, or watermark."
Round Buckler	Assets/Game/Data/Items/Weapons/Melee Weapons/Polygon Fantasy Hero Generated/Round Buckler.asset	Assets/Game/Docs/WeaponPreviewExports/Previews/Round Buckler.png	Weapon_Shield_Buckler_01	Shield	"Overall palette reads as palette of muted cyan, dark red, brown. Keep these same flat color families in the same visible places as the prefab reference."	"shield face: palette of muted cyan, dark red, brown"	"Create a single game inventory icon PNG of 'Round Buckler'. Use the attached prefab preview as a strict reference. Recreate the exact same weapon shape and silhouette as closely as possible. Match the exact silhouette, proportions, wrapping placement, head size, handle length, guard shape, tip shape, and color placement from the prefab reference. Overall palette reads as palette of muted cyan, dark red, brown. Keep these same flat color families in the same visible places as the prefab reference. Keep the weapon in an extremely simple low-poly style, with very few large planes, very little micro detail, minimal surface noise, and broad flat color areas only. One isolated weapon only, transparent background, no backdrop, no frame, no environment, no character, no hand, centered in the canvas, full object visible, diagonal layout like the sample icon. Do not redesign the weapon. Do not invent a new color palette. Do not add realism, painterly brushwork, glow, extra ornaments, text, or watermark."
Scarred Shield 02	Assets/Game/Data/Items/Weapons/Melee Weapons/Polygon Fantasy Hero Generated/Scarred Shield 02.asset	Assets/Game/Docs/WeaponPreviewExports/Previews/Scarred Shield 02.png	Weapon_Shield_14	Shield	"Overall palette reads as palette of dark green, dark red, muted cyan. Keep these same flat color families in the same visible places as the prefab reference."	"shield face: palette of dark green, dark red, muted cyan"	"Create a single game inventory icon PNG of 'Scarred Shield 02'. Use the attached prefab preview as a strict reference. Recreate the exact same weapon shape and silhouette as closely as possible. Match the exact silhouette, proportions, wrapping placement, head size, handle length, guard shape, tip shape, and color placement from the prefab reference. Overall palette reads as palette of dark green, dark red, muted cyan. Keep these same flat color families in the same visible places as the prefab reference. Keep the weapon in an extremely simple low-poly style, with very few large planes, very little micro detail, minimal surface noise, and broad flat color areas only. One isolated weapon only, transparent background, no backdrop, no frame, no environment, no character, no hand, centered in the canvas, full object visible, diagonal layout like the sample icon. Do not redesign the weapon. Do not invent a new color palette. Do not add realism, painterly brushwork, glow, extra ornaments, text, or watermark."
Scarred Shield	Assets/Game/Data/Items/Weapons/Melee Weapons/Polygon Fantasy Hero Generated/Scarred Shield.asset	Assets/Game/Docs/WeaponPreviewExports/Previews/Scarred Shield.png	Weapon_Shield_11	Shield	"Overall palette reads as palette of dark green, dark red, muted cyan. Keep these same flat color families in the same visible places as the prefab reference."	"shield face: palette of dark green, dark red, muted cyan"	"Create a single game inventory icon PNG of 'Scarred Shield'. Use the attached prefab preview as a strict reference. Recreate the exact same weapon shape and silhouette as closely as possible. Match the exact silhouette, proportions, wrapping placement, head size, handle length, guard shape, tip shape, and color placement from the prefab reference. Overall palette reads as palette of dark green, dark red, muted cyan. Keep these same flat color families in the same visible places as the prefab reference. Keep the weapon in an extremely simple low-poly style, with very few large planes, very little micro detail, minimal surface noise, and broad flat color areas only. One isolated weapon only, transparent background, no backdrop, no frame, no environment, no character, no hand, centered in the canvas, full object visible, diagonal layout like the sample icon. Do not redesign the weapon. Do not invent a new color palette. Do not add realism, painterly brushwork, glow, extra ornaments, text, or watermark."
Scarred Tower Shield	Assets/Game/Data/Items/Weapons/Melee Weapons/Polygon Fantasy Hero Generated/Scarred Tower Shield.asset	Assets/Game/Docs/WeaponPreviewExports/Previews/Scarred Tower Shield.png	Weapon_Shield_Long_11	Shield	"Overall palette reads as palette of brown, dark red, muted cyan. Keep these same flat color families in the same visible places as the prefab reference."	"shield face: palette of brown, dark red, muted cyan"	"Create a single game inventory icon PNG of 'Scarred Tower Shield'. Use the attached prefab preview as a strict reference. Recreate the exact same weapon shape and silhouette as closely as possible. Match the exact silhouette, proportions, wrapping placement, head size, handle length, guard shape, tip shape, and color placement from the prefab reference. Overall palette reads as palette of brown, dark red, muted cyan. Keep these same flat color families in the same visible places as the prefab reference. Keep the weapon in an extremely simple low-poly style, with very few large planes, very little micro detail, minimal surface noise, and broad flat color areas only. One isolated weapon only, transparent background, no backdrop, no frame, no environment, no character, no hand, centered in the canvas, full object visible, diagonal layout like the sample icon. Do not redesign the weapon. Do not invent a new color palette. Do not add realism, painterly brushwork, glow, extra ornaments, text, or watermark."
Sheathed Rapier	Assets/Game/Data/Items/Weapons/Melee Weapons/Polygon Fantasy Hero Generated/Sheathed Rapier.asset	Assets/Game/Docs/WeaponPreviewExports/Previews/Sheathed Rapier.png	Weapon_Sword_Rapier_Cover_01	Rapier	"Overall palette reads as palette of muted cyan, brown. Keep these same flat color families in the same visible places as the prefab reference."	"blade: palette of muted cyan, brown"	"Create a single game inventory icon PNG of 'Sheathed Rapier'. Use the attached prefab preview as a strict reference. Recreate the exact same weapon shape and silhouette as closely as possible. Match the exact silhouette, proportions, wrapping placement, head size, handle length, guard shape, tip shape, and color placement from the prefab reference. Overall palette reads as palette of muted cyan, brown. Keep these same flat color families in the same visible places as the prefab reference. Keep the weapon in an extremely simple low-poly style, with very few large planes, very little micro detail, minimal surface noise, and broad flat color areas only. One isolated weapon only, transparent background, no backdrop, no frame, no environment, no character, no hand, centered in the canvas, full object visible, diagonal layout like the sample icon. Do not redesign the weapon. Do not invent a new color palette. Do not add realism, painterly brushwork, glow, extra ornaments, text, or watermark."
Sheathed Short Sword	Assets/Game/Data/Items/Weapons/Melee Weapons/Polygon Fantasy Hero Generated/Sheathed Short Sword.asset	Assets/Game/Docs/WeaponPreviewExports/Previews/Sheathed Short Sword.png	Weapon_Sword_Small_Cover_01	Sword	"Overall palette reads as palette of muted cyan, dark red. Keep these same flat color families in the same visible places as the prefab reference."	"blade: palette of muted cyan, dark red"	"Create a single game inventory icon PNG of 'Sheathed Short Sword'. Use the attached prefab preview as a strict reference. Recreate the exact same weapon shape and silhouette as closely as possible. Match the exact silhouette, proportions, wrapping placement, head size, handle length, guard shape, tip shape, and color placement from the prefab reference. Overall palette reads as palette of muted cyan, dark red. Keep these same flat color families in the same visible places as the prefab reference. Keep the weapon in an extremely simple low-poly style, with very few large planes, very little micro detail, minimal surface noise, and broad flat color areas only. One isolated weapon only, transparent background, no backdrop, no frame, no environment, no character, no hand, centered in the canvas, full object visible, diagonal layout like the sample icon. Do not redesign the weapon. Do not invent a new color palette. Do not add realism, painterly brushwork, glow, extra ornaments, text, or watermark."
Sheathed Sword	Assets/Game/Data/Items/Weapons/Melee Weapons/Polygon Fantasy Hero Generated/Sheathed Sword.asset	Assets/Game/Docs/WeaponPreviewExports/Previews/Sheathed Sword.png	Weapon_Sword_Cover_01	Sword	"Overall palette reads as palette of muted cyan, dark red. Keep these same flat color families in the same visible places as the prefab reference."	"blade: palette of muted cyan, dark red"	"Create a single game inventory icon PNG of 'Sheathed Sword'. Use the attached prefab preview as a strict reference. Recreate the exact same weapon shape and silhouette as closely as possible. Match the exact silhouette, proportions, wrapping placement, head size, handle length, guard shape, tip shape, and color placement from the prefab reference. Overall palette reads as palette of muted cyan, dark red. Keep these same flat color families in the same visible places as the prefab reference. Keep the weapon in an extremely simple low-poly style, with very few large planes, very little micro detail, minimal surface noise, and broad flat color areas only. One isolated weapon only, transparent background, no backdrop, no frame, no environment, no character, no hand, centered in the canvas, full object visible, diagonal layout like the sample icon. Do not redesign the weapon. Do not invent a new color palette. Do not add realism, painterly brushwork, glow, extra ornaments, text, or watermark."
Short Sword	Assets/Game/Data/Items/Weapons/Melee Weapons/Polygon Fantasy Hero Generated/Short Sword.asset	Assets/Game/Docs/WeaponPreviewExports/Previews/Short Sword.png	Weapon_Sword_Small_01	Sword	"Overall palette reads as palette of muted cyan, brown. Keep these same flat color families in the same visible places as the prefab reference."	"blade: palette of muted cyan, brown"	"Create a single game inventory icon PNG of 'Short Sword'. Use the attached prefab preview as a strict reference. Recreate the exact same weapon shape and silhouette as closely as possible. Match the exact silhouette, proportions, wrapping placement, head size, handle length, guard shape, tip shape, and color placement from the prefab reference. Overall palette reads as palette of muted cyan, brown. Keep these same flat color families in the same visible places as the prefab reference. Keep the weapon in an extremely simple low-poly style, with very few large planes, very little micro detail, minimal surface noise, and broad flat color areas only. One isolated weapon only, transparent background, no backdrop, no frame, no environment, no character, no hand, centered in the canvas, full object visible, diagonal layout like the sample icon. Do not redesign the weapon. Do not invent a new color palette. Do not add realism, painterly brushwork, glow, extra ornaments, text, or watermark."
Spiked Mace	Assets/Game/Data/Items/Weapons/Melee Weapons/Polygon Fantasy Hero Generated/Spiked Mace.asset	Assets/Game/Docs/WeaponPreviewExports/Previews/Spiked Mace.png	Weapon_Mace_02	Polearm	"Overall palette reads as palette of muted cyan, dark red, brown. Keep these same flat color families in the same visible places as the prefab reference."	"shaft: palette of muted cyan, dark red, brown"	"Create a single game inventory icon PNG of 'Spiked Mace'. Use the attached prefab preview as a strict reference. Recreate the exact same weapon shape and silhouette as closely as possible. Match the exact silhouette, proportions, wrapping placement, head size, handle length, guard shape, tip shape, and color placement from the prefab reference. Overall palette reads as palette of muted cyan, dark red, brown. Keep these same flat color families in the same visible places as the prefab reference. Keep the weapon in an extremely simple low-poly style, with very few large planes, very little micro detail, minimal surface noise, and broad flat color areas only. One isolated weapon only, transparent background, no backdrop, no frame, no environment, no character, no hand, centered in the canvas, full object visible, diagonal layout like the sample icon. Do not redesign the weapon. Do not invent a new color palette. Do not add realism, painterly brushwork, glow, extra ornaments, text, or watermark."
Split Shield	Assets/Game/Data/Items/Weapons/Melee Weapons/Polygon Fantasy Hero Generated/Split Shield.asset	Assets/Game/Docs/WeaponPreviewExports/Previews/Split Shield.png	Weapon_Shield_06	Shield	"Overall palette reads as palette of dark green, dark red, muted cyan. Keep these same flat color families in the same visible places as the prefab reference."	"shield face: palette of dark green, dark red, muted cyan"	"Create a single game inventory icon PNG of 'Split Shield'. Use the attached prefab preview as a strict reference. Recreate the exact same weapon shape and silhouette as closely as possible. Match the exact silhouette, proportions, wrapping placement, head size, handle length, guard shape, tip shape, and color placement from the prefab reference. Overall palette reads as palette of dark green, dark red, muted cyan. Keep these same flat color families in the same visible places as the prefab reference. Keep the weapon in an extremely simple low-poly style, with very few large planes, very little micro detail, minimal surface noise, and broad flat color areas only. One isolated weapon only, transparent background, no backdrop, no frame, no environment, no character, no hand, centered in the canvas, full object visible, diagonal layout like the sample icon. Do not redesign the weapon. Do not invent a new color palette. Do not add realism, painterly brushwork, glow, extra ornaments, text, or watermark."
Split Tower Shield	Assets/Game/Data/Items/Weapons/Melee Weapons/Polygon Fantasy Hero Generated/Split Tower Shield.asset	Assets/Game/Docs/WeaponPreviewExports/Previews/Split Tower Shield.png	Weapon_Shield_Long_06	Shield	"Overall palette reads as palette of brown, dark red, muted cyan. Keep these same flat color families in the same visible places as the prefab reference."	"shield face: palette of brown, dark red, muted cyan"	"Create a single game inventory icon PNG of 'Split Tower Shield'. Use the attached prefab preview as a strict reference. Recreate the exact same weapon shape and silhouette as closely as possible. Match the exact silhouette, proportions, wrapping placement, head size, handle length, guard shape, tip shape, and color placement from the prefab reference. Overall palette reads as palette of brown, dark red, muted cyan. Keep these same flat color families in the same visible places as the prefab reference. Keep the weapon in an extremely simple low-poly style, with very few large planes, very little micro detail, minimal surface noise, and broad flat color areas only. One isolated weapon only, transparent background, no backdrop, no frame, no environment, no character, no hand, centered in the canvas, full object visible, diagonal layout like the sample icon. Do not redesign the weapon. Do not invent a new color palette. Do not add realism, painterly brushwork, glow, extra ornaments, text, or watermark."
Sword	Assets/Game/Data/Items/Weapons/Melee Weapons/Polygon Fantasy Hero Generated/Sword.asset	Assets/Game/Docs/WeaponPreviewExports/Previews/Sword.png	Weapon_Sword_01	Sword	"Overall palette reads as palette of muted cyan, brown. Keep these same flat color families in the same visible places as the prefab reference."	"blade: palette of muted cyan, brown"	"Create a single game inventory icon PNG of 'Sword'. Use the attached prefab preview as a strict reference. Recreate the exact same weapon shape and silhouette as closely as possible. Match the exact silhouette, proportions, wrapping placement, head size, handle length, guard shape, tip shape, and color placement from the prefab reference. Overall palette reads as palette of muted cyan, brown. Keep these same flat color families in the same visible places as the prefab reference. Keep the weapon in an extremely simple low-poly style, with very few large planes, very little micro detail, minimal surface noise, and broad flat color areas only. One isolated weapon only, transparent background, no backdrop, no frame, no environment, no character, no hand, centered in the canvas, full object visible, diagonal layout like the sample icon. Do not redesign the weapon. Do not invent a new color palette. Do not add realism, painterly brushwork, glow, extra ornaments, text, or watermark."
Templar Shield	Assets/Game/Data/Items/Weapons/Melee Weapons/Polygon Fantasy Hero Generated/Templar Shield.asset	Assets/Game/Docs/WeaponPreviewExports/Previews/Templar Shield.png	Weapon_Shield_15	Shield	"Overall palette reads as palette of dark green, muted cyan, dark red. Keep these same flat color families in the same visible places as the prefab reference."	"shield face: palette of dark green, muted cyan, dark red"	"Create a single game inventory icon PNG of 'Templar Shield'. Use the attached prefab preview as a strict reference. Recreate the exact same weapon shape and silhouette as closely as possible. Match the exact silhouette, proportions, wrapping placement, head size, handle length, guard shape, tip shape, and color placement from the prefab reference. Overall palette reads as palette of dark green, muted cyan, dark red. Keep these same flat color families in the same visible places as the prefab reference. Keep the weapon in an extremely simple low-poly style, with very few large planes, very little micro detail, minimal surface noise, and broad flat color areas only. One isolated weapon only, transparent background, no backdrop, no frame, no environment, no character, no hand, centered in the canvas, full object visible, diagonal layout like the sample icon. Do not redesign the weapon. Do not invent a new color palette. Do not add realism, painterly brushwork, glow, extra ornaments, text, or watermark."
Templar Tower Shield	Assets/Game/Data/Items/Weapons/Melee Weapons/Polygon Fantasy Hero Generated/Templar Tower Shield.asset	Assets/Game/Docs/WeaponPreviewExports/Previews/Templar Tower Shield.png	Weapon_Shield_Long_08	Shield	"Overall palette reads as palette of brown, dark red, muted cyan. Keep these same flat color families in the same visible places as the prefab reference."	"shield face: palette of brown, dark red, muted cyan"	"Create a single game inventory icon PNG of 'Templar Tower Shield'. Use the attached prefab preview as a strict reference. Recreate the exact same weapon shape and silhouette as closely as possible. Match the exact silhouette, proportions, wrapping placement, head size, handle length, guard shape, tip shape, and color placement from the prefab reference. Overall palette reads as palette of brown, dark red, muted cyan. Keep these same flat color families in the same visible places as the prefab reference. Keep the weapon in an extremely simple low-poly style, with very few large planes, very little micro detail, minimal surface noise, and broad flat color areas only. One isolated weapon only, transparent background, no backdrop, no frame, no environment, no character, no hand, centered in the canvas, full object visible, diagonal layout like the sample icon. Do not redesign the weapon. Do not invent a new color palette. Do not add realism, painterly brushwork, glow, extra ornaments, text, or watermark."
Throwing Knife	Assets/Game/Data/Items/Weapons/Melee Weapons/Polygon Fantasy Hero Generated/Throwing Knife.asset	Assets/Game/Docs/WeaponPreviewExports/Previews/Throwing Knife.png	Weapon_ThowingKnife_01	Dagger	Overall palette reads as brown. Keep these same flat color families in the same visible places as the prefab reference.	blade: brown	"Create a single game inventory icon PNG of 'Throwing Knife'. Use the attached prefab preview as a strict reference. Recreate the exact same weapon shape and silhouette as closely as possible. Match the exact silhouette, proportions, wrapping placement, head size, handle length, guard shape, tip shape, and color placement from the prefab reference. Overall palette reads as brown. Keep these same flat color families in the same visible places as the prefab reference. Keep the weapon in an extremely simple low-poly style, with very few large planes, very little micro detail, minimal surface noise, and broad flat color areas only. One isolated weapon only, transparent background, no backdrop, no frame, no environment, no character, no hand, centered in the canvas, full object visible, diagonal layout like the sample icon. Do not redesign the weapon. Do not invent a new color palette. Do not add realism, painterly brushwork, glow, extra ornaments, text, or watermark."
War Staff	Assets/Game/Data/Items/Weapons/Melee Weapons/Polygon Fantasy Hero Generated/War Staff.asset	Assets/Game/Docs/WeaponPreviewExports/Previews/War Staff.png	Weapon_Staff_01	Focus	"Overall palette reads as palette of muted cyan, brown, orange. Keep these same flat color families in the same visible places as the prefab reference."	"body: palette of muted cyan, brown, orange"	"Create a single game inventory icon PNG of 'War Staff'. Use the attached prefab preview as a strict reference. Recreate the exact same weapon shape and silhouette as closely as possible. Match the exact silhouette, proportions, wrapping placement, head size, handle length, guard shape, tip shape, and color placement from the prefab reference. Overall palette reads as palette of muted cyan, brown, orange. Keep these same flat color families in the same visible places as the prefab reference. Keep the weapon in an extremely simple low-poly style, with very few large planes, very little micro detail, minimal surface noise, and broad flat color areas only. One isolated weapon only, transparent background, no backdrop, no frame, no environment, no character, no hand, centered in the canvas, full object visible, diagonal layout like the sample icon. Do not redesign the weapon. Do not invent a new color palette. Do not add realism, painterly brushwork, glow, extra ornaments, text, or watermark."
Weathered Shield	Assets/Game/Data/Items/Weapons/Melee Weapons/Polygon Fantasy Hero Generated/Weathered Shield.asset	Assets/Game/Docs/WeaponPreviewExports/Previews/Weathered Shield.png	Weapon_Shield_13	Shield	"Overall palette reads as palette of dark green, dark red, muted cyan. Keep these same flat color families in the same visible places as the prefab reference."	"shield face: palette of dark green, dark red, muted cyan"	"Create a single game inventory icon PNG of 'Weathered Shield'. Use the attached prefab preview as a strict reference. Recreate the exact same weapon shape and silhouette as closely as possible. Match the exact silhouette, proportions, wrapping placement, head size, handle length, guard shape, tip shape, and color placement from the prefab reference. Overall palette reads as palette of dark green, dark red, muted cyan. Keep these same flat color families in the same visible places as the prefab reference. Keep the weapon in an extremely simple low-poly style, with very few large planes, very little micro detail, minimal surface noise, and broad flat color areas only. One isolated weapon only, transparent background, no backdrop, no frame, no environment, no character, no hand, centered in the canvas, full object visible, diagonal layout like the sample icon. Do not redesign the weapon. Do not invent a new color palette. Do not add realism, painterly brushwork, glow, extra ornaments, text, or watermark."
Weathered Tower Shield 02	Assets/Game/Data/Items/Weapons/Melee Weapons/Polygon Fantasy Hero Generated/Weathered Tower Shield 02.asset	Assets/Game/Docs/WeaponPreviewExports/Previews/Weathered Tower Shield 02.png	Weapon_Shield_Long_14	Shield	"Overall palette reads as palette of brown, dark red, muted cyan. Keep these same flat color families in the same visible places as the prefab reference."	"shield face: palette of brown, dark red, muted cyan"	"Create a single game inventory icon PNG of 'Weathered Tower Shield 02'. Use the attached prefab preview as a strict reference. Recreate the exact same weapon shape and silhouette as closely as possible. Match the exact silhouette, proportions, wrapping placement, head size, handle length, guard shape, tip shape, and color placement from the prefab reference. Overall palette reads as palette of brown, dark red, muted cyan. Keep these same flat color families in the same visible places as the prefab reference. Keep the weapon in an extremely simple low-poly style, with very few large planes, very little micro detail, minimal surface noise, and broad flat color areas only. One isolated weapon only, transparent background, no backdrop, no frame, no environment, no character, no hand, centered in the canvas, full object visible, diagonal layout like the sample icon. Do not redesign the weapon. Do not invent a new color palette. Do not add realism, painterly brushwork, glow, extra ornaments, text, or watermark."
Weathered Tower Shield	Assets/Game/Data/Items/Weapons/Melee Weapons/Polygon Fantasy Hero Generated/Weathered Tower Shield.asset	Assets/Game/Docs/WeaponPreviewExports/Previews/Weathered Tower Shield.png	Weapon_Shield_Long_13	Shield	"Overall palette reads as palette of brown, dark red, muted cyan. Keep these same flat color families in the same visible places as the prefab reference."	"shield face: palette of brown, dark red, muted cyan"	"Create a single game inventory icon PNG of 'Weathered Tower Shield'. Use the attached prefab preview as a strict reference. Recreate the exact same weapon shape and silhouette as closely as possible. Match the exact silhouette, proportions, wrapping placement, head size, handle length, guard shape, tip shape, and color placement from the prefab reference. Overall palette reads as palette of brown, dark red, muted cyan. Keep these same flat color families in the same visible places as the prefab reference. Keep the weapon in an extremely simple low-poly style, with very few large planes, very little micro detail, minimal surface noise, and broad flat color areas only. One isolated weapon only, transparent background, no backdrop, no frame, no environment, no character, no hand, centered in the canvas, full object visible, diagonal layout like the sample icon. Do not redesign the weapon. Do not invent a new color palette. Do not add realism, painterly brushwork, glow, extra ornaments, text, or watermark."
Reaper Scythe	Assets/Game/Data/Items/Weapons/Melee Weapons/Reaper Scythe.asset	Assets/Game/Docs/WeaponPreviewExports/Previews/Reaper Scythe.png	Weapon_PP_Theme_04_Scythe_001	Scythe	"Overall palette reads as palette of pale cyan, muted cyan, gold. Keep these same flat color families in the same visible places as the prefab reference."	"shaft: palette of pale cyan, muted cyan, gold"	"Create a single game inventory icon PNG of 'Reaper Scythe'. Use the attached prefab preview as a strict reference. Recreate the exact same weapon shape and silhouette as closely as possible. Match the exact silhouette, proportions, wrapping placement, head size, handle length, guard shape, tip shape, and color placement from the prefab reference. Overall palette reads as palette of pale cyan, muted cyan, gold. Keep these same flat color families in the same visible places as the prefab reference. Keep the weapon in an extremely simple low-poly style, with very few large planes, very little micro detail, minimal surface noise, and broad flat color areas only. One isolated weapon only, transparent background, no backdrop, no frame, no environment, no character, no hand, centered in the canvas, full object visible, diagonal layout like the sample icon. Do not redesign the weapon. Do not invent a new color palette. Do not add realism, painterly brushwork, glow, extra ornaments, text, or watermark."
Short Sword	Assets/Game/Data/Items/Weapons/Melee Weapons/Short Sword.asset	Assets/Game/Docs/WeaponPreviewExports/Previews/Short Sword.png	Weapon_Straight_Sword_01	Shield	Overall palette reads as gray. Keep these same flat color families in the same visible places as the prefab reference.	shield face: gray	"Create a single game inventory icon PNG of 'Short Sword'. Use the attached prefab preview as a strict reference. Recreate the exact same weapon shape and silhouette as closely as possible. Match the exact silhouette, proportions, wrapping placement, head size, handle length, guard shape, tip shape, and color placement from the prefab reference. Overall palette reads as gray. Keep these same flat color families in the same visible places as the prefab reference. Keep the weapon in an extremely simple low-poly style, with very few large planes, very little micro detail, minimal surface noise, and broad flat color areas only. One isolated weapon only, transparent background, no backdrop, no frame, no environment, no character, no hand, centered in the canvas, full object visible, diagonal layout like the sample icon. Do not redesign the weapon. Do not invent a new color palette. Do not add realism, painterly brushwork, glow, extra ornaments, text, or watermark."
Straight Sword	Assets/Game/Data/Items/Weapons/Melee Weapons/Straight Sword.asset	Assets/Game/Docs/WeaponPreviewExports/Previews/Straight Sword.png	Weapon_Straight_Sword_01	Sword	Overall palette reads as gray. Keep these same flat color families in the same visible places as the prefab reference.	blade: gray	"Create a single game inventory icon PNG of 'Straight Sword'. Use the attached prefab preview as a strict reference. Recreate the exact same weapon shape and silhouette as closely as possible. Match the exact silhouette, proportions, wrapping placement, head size, handle length, guard shape, tip shape, and color placement from the prefab reference. Overall palette reads as gray. Keep these same flat color families in the same visible places as the prefab reference. Keep the weapon in an extremely simple low-poly style, with very few large planes, very little micro detail, minimal surface noise, and broad flat color areas only. One isolated weapon only, transparent background, no backdrop, no frame, no environment, no character, no hand, centered in the canvas, full object visible, diagonal layout like the sample icon. Do not redesign the weapon. Do not invent a new color palette. Do not add realism, painterly brushwork, glow, extra ornaments, text, or watermark."
Unarmed	Assets/Game/Data/Items/Weapons/Melee Weapons/Unarmed.asset	Assets/Game/Docs/WeaponPreviewExports/Previews/Unarmed.png	Weapon_Unarmed_01	Sword	Match the exact color blocking visible in the prefab reference.		"Create a single game inventory icon PNG of 'Unarmed'. Use the attached prefab preview as a strict reference. Recreate the exact same weapon shape and silhouette as closely as possible. Match the exact silhouette, proportions, wrapping placement, head size, handle length, guard shape, tip shape, and color placement from the prefab reference. Match the exact color blocking visible in the prefab reference. Keep the weapon in an extremely simple low-poly style, with very few large planes, very little micro detail, minimal surface noise, and broad flat color areas only. One isolated weapon only, transparent background, no backdrop, no frame, no environment, no character, no hand, centered in the canvas, full object visible, diagonal layout like the sample icon. Do not redesign the weapon. Do not invent a new color palette. Do not add realism, painterly brushwork, glow, extra ornaments, text, or watermark."
Hunting Bow	Assets/Game/Data/Items/Weapons/Ranged Weapons/Hunting Bow.asset	Assets/Game/Docs/WeaponPreviewExports/Previews/Hunting Bow.png	Weapon_Bow_01	Bow	"Overall palette reads as palette of dark orange, gold. Keep these same flat color families in the same visible places as the prefab reference."	"limb: palette of dark orange, gold"	"Create a single game inventory icon PNG of 'Hunting Bow'. Use the attached prefab preview as a strict reference. Recreate the exact same weapon shape and silhouette as closely as possible. Match the exact silhouette, proportions, wrapping placement, head size, handle length, guard shape, tip shape, and color placement from the prefab reference. Overall palette reads as palette of dark orange, gold. Keep these same flat color families in the same visible places as the prefab reference. Keep the weapon in an extremely simple low-poly style, with very few large planes, very little micro detail, minimal surface noise, and broad flat color areas only. One isolated weapon only, transparent background, no backdrop, no frame, no environment, no character, no hand, centered in the canvas, full object visible, diagonal layout like the sample icon. Do not redesign the weapon. Do not invent a new color palette. Do not add realism, painterly brushwork, glow, extra ornaments, text, or watermark."
